ATCOCode,Node
630030262,42874
630030141,43597
630030132,43610
630030131,43611
630030112,43845
630030161,43595
630030152,43592
630030151,43592
630030142,43597
630030181,43582
630030172,43591
630030171,43593
630030162,43595
630030201,42784
630030192,42778
630030191,42765
630030182,43582
630030396,42802
630030395,42912
630030394,42802
630030393,42802
630030431,43311
630030421,42854
630030411,42854
630030401,42842
630030471,41248
630030461,41262
630030451,43353
630030441,43352
630030492,41239
630030491,41239
630030481,41245
630030472,41248
630030312,42907
630030311,42839
630030300,42837
630030291,42834
630030332,42882
630030331,42883
630030322,42857
630030321,42857
630030362,42893
630030351,42910
630030342,42841
630030341,42840
630030392,42828
630030391,42828
630030381,42829
630030371,42855
630030624,44185
630030623,44184
630030622,44187
630030621,44198
630030634,44193
630030633,44197
630030632,44196
630030631,44198
630030662,43630
630030661,43628
630030642,44215
630030641,44215
630030681,43365
630030674,43642
630030672,43624
630030671,43625
630030521,42054
630030512,42026
630030511,42042
630030501,41464
630030561,42312
630030551,42895
630030541,43876
630030531,42307
630030591,44217
630030582,44520
630030581,44520
630030571,42314
630030612,44519
630030611,44519
630030601,41792
630030592,44217
630030812,42631
630030811,42631
630030802,43214
630030801,43206
630030816,42671
630030815,42671
630030814,42754
630030813,42754
630030821,42755
630030819,42684
630030818,42767
630030817,42767
630030833,42676
630030832,42676
630030831,42755
630030822,42684
630030712,43665
630030711,43651
630030701,43643
630030691,43369
630030741,42749
630030732,43913
630030731,43913
630030721,43931
630030771,43675
630030761,43678
630030751,43950
630030742,42749
630030792,43200
630030791,43200
630030782,43182
630030781,43182
630023971,42969
630023801,43390
630023791,43411
630023781,43412
630024321,44882
630024291,43470
630023981,42394
630023972,42967
630024541,44660
630024521,44661
630024331,44882
630024322,44882
630024581,42187
630024572,42205
630024571,42205
630024551,44660
630023702,42361
630023701,42356
630023691,43425
630023681,42152
630023722,43440
630023721,43440
630023712,43431
630023711,43431
630023751,43405
630023741,43027
630023732,43433
630023731,43433
630023772,43409
630023771,43409
630023761,43403
630023752,43405
630024811,44617
630024801,44352
630024791,44352
630024742,44117
630024851,44869
630024841,44656
630024831,44587
630024821,44355
630024872,44115
630024871,44115
630024862,44471
630024861,44471
630024911,42441
630024901,44656
630024892,44443
630024891,44443
630024622,44112
630024621,44112
630024612,44114
630024611,44113
630024652,44462
630024651,44462
630024641,44462
630024631,44118
630024681,43077
630024663,44462
630024662,44462
630024661,44462
630024741,44120
630024731,44471
630024711,42361
630024691,44468
630026091,44118
630026081,44068
630026072,42458
630026071,42457
630026121,44064
630026112,44121
630026111,44120
630026101,44119
630026141,44653
630026133,44454
630026132,44432
630026131,44398
630026181,44593
630026171,44352
630026161,44660
630026151,44491
630024922,44445
630024921,44445
630024913,42440
630024912,42440
630026002,42213
630026001,42213
630024941,44838
630024931,44442
630026031,42172
630026021,42187
630026012,42185
630026011,42194
630026062,41870
630026061,41868
630026051,42361
630026041,42390
630030041,44169
630030031,44174
630030021,44179
630026332,44618
630030061,43857
630030052,44156
630030051,44156
630030042,44170
630030081,43829
630030072,43829
630030071,43829
630030062,43857
630030111,43845
630030100,43830
630030091,43829
630030082,43829
630026211,42525
630026201,42525
630026191,42526
630026182,44590
630026241,42490
630026232,43077
630026231,43077
630026221,42525
630026291,44794
630026281,44771
630026271,44020
630026251,44691
630026331,44618
630026321,42139
630026311,44872
630026301,44858
630022381,43470
630022371,43077
630022362,43794
630022361,43795
630022421,42463
630022411,42476
630022401,42487
630022391,43076
630022451,42424
630022441,42424
630022432,42425
630022431,42450
630022472,42427
630022471,42427
630022462,42414
630022461,42412
630022282,44464
630022281,44464
630022272,44469
630022152,42974
630022311,44089
630022301,44099
630022292,44465
630022291,44465
630022332,43800
630022331,43800
630022322,44086
630022321,44086
630022352,43799
630022351,43799
630022342,43800
630022341,43800
630022911,44339
630022901,44337
630022891,44337
630022881,44064
630022932,44323
630022931,44324
630022921,44337
630022912,44368
630022952,44015
630022951,44017
630022942,44020
630022941,44328
630022981,43717
630022971,44008
630022962,44013
630022961,44013
630022492,42426
630022491,42426
630022482,42408
630022481,42408
630022692,42392
630022691,42392
630022681,42385
630022671,43001
630022843,44373
630022842,44373
630022841,44068
630022831,44373
630022871,44062
630022862,44070
630022861,44070
630022851,44064
630023081,43762
630023072,43757
630023071,43760
630023062,43749
630023181,43967
630023092,43780
630023091,43780
630023082,43759
630023201,44078
630023193,44455
630023192,44432
630023191,44398
630023223,43045
630023222,43043
630023212,43447
630023211,43447
630022993,43713
630022992,43717
630022991,43717
630022982,43717
630023012,43717
630023011,43717
630023002,43717
630023001,43717
630023041,43744
630023031,44011
630023022,43703
630023021,43703
630023061,43752
630023052,43741
630023051,43741
630023042,43743
630023572,41586
630023571,41586
630023562,41596
630023561,41602
630023601,41552
630023591,41583
630023582,41581
630023581,41581
630023641,41533
630023621,41547
630023620,41542
630023602,41551
630023671,41900
630023662,41849
630023661,41861
630023651,41844
630023471,42142
630023251,43061
630023241,43049
630023231,43057
630023501,41945
630023492,41595
630023491,41593
630023481,42161
630023532,41598
630023531,41598
630023521,41942
630023511,41938
630023552,41604
630023551,41613
630023542,41600
630023541,41600
630021311,44506
630021302,44499
630021301,44498
630021292,44486
630021332,42213
630021331,42213
630021322,44507
630021321,44507
630021352,42215
630021351,42215
630021342,42195
630021341,42213
630021371,44485
630021363,42208
630021362,42215
630021361,42216
630021201,44479
630021192,44479
630021191,44490
630021182,44486
630021222,44456
630021221,44456
630021212,44517
630021211,44475
630021262,44485
630021241,44462
630021232,44442
630021231,44442
630021291,44487
630021282,44462
630021272,42206
630021271,42206
630021501,42172
630021492,42193
630021491,42193
630021482,42209
630021531,42187
630021522,42187
630021521,42187
630021511,42187
630021551,42509
630021542,42509
630021541,42509
630021532,42187
630021581,42527
630021572,42512
630021562,42510
630021561,42510
630021392,42210
630021391,42210
630021381,44476
630021372,44485
630021412,42207
630021411,42206
630021402,42206
630021401,42212
630021441,44485
630021431,42206
630021422,42206
630021421,42206
630021481,42209
630021471,42212
630021461,42209
630021451,42209
630021752,42532
630021751,42532
630021745,42523
630021741,42522
630021772,42207
630021771,42208
630021762,42525
630021761,42525
630021792,42520
630021791,42520
630021782,44590
630021781,44592
630021821,44587
630021812,44605
630021811,44605
630021802,44594
630021611,42510
630021602,42528
630021601,42528
630021592,42519
630021651,42508
630021641,42508
630021631,42525
630021621,42510
630021691,42520
630021681,42520
630021671,42520
630021661,42508
630021712,42508
630021711,42508
630021702,42508
630021701,42508
630021934,44578
630021933,44578
630021932,44586
630021931,44586
630021944,44351
630021943,44351
630021942,44367
630021941,44367
630022121,42975
630022111,42974
630021952,42172
630021951,42172
630022151,42974
630022141,42968
630022131,42994
630022122,42975
630021842,44375
630021841,44376
630021831,44360
630021822,44587
630021871,44450
630021861,44656
630021852,44381
630021851,44381
630021891,44450
630021882,44450
630021881,44450
630021872,44450
630021921,42375
630021912,44354
630021911,44354
630021901,44656
627001010305,5906
627001010300,5906
627001010290,6103
627001010285,6106
627001010335,5874
627001010330,5928
627001010320,6140
627001010310,5928
627001010370,5995
627001010360,5999
627001010350,5962
627001010340,6102
627001010400,5893
627001010395,5904
627001010390,5962
627001010380,5962
627001010160,6059
627001010150,6058
627001010140,6109
627001010135,6076
627001010200,5996
627001010190,5990
627001010180,6103
627001010170,5893
627001010240,6108
627001010230,6106
627001010220,6102
627001010210,5924
627001010280,6108
627001010270,5964
627001010260,5915
627001010250,5989
627001020060,6185
627001020050,6057
627001020040,6081
627001020030,6081
627001020100,6026
627001020090,6021
627001020070,6079
627001020065,6056
627001020140,6072
627001020135,6076
627001020130,6035
627001020122,6013
627001020180,6103
627001020170,5892
627001020160,6059
627001020150,6181
627001010520,5961
627001010510,6136
627001010500,5920
627001010410,5893
627001010560,6066
627001010550,6076
627001010540,6072
627001010530,6138
627001010670,6059
627001010590,6059
627001010580,5961
627001010570,5921
627001020010,6036
627001010810,5962
627001010755,5962
627001010690,6181
627001020370,5995
627001020360,5999
627001020350,5961
627001020340,6105
627001020410,5893
627001020400,5893
627001020390,5892
627001020380,5962
627001020600,6058
627001020590,6059
627001020550,6076
627001020500,5920
627001020640,6108
627001020630,6108
627001020620,5933
627001020610,5988
627001020220,6102
627001020210,5908
627001020200,5996
627001020190,5990
627001020260,5902
627001020250,5920
627001020245,6104
627001020240,6106
627001020300,5906
627001020290,6106
627001020280,6071
627001020270,5964
627001020335,5874
627001020330,5928
627001020320,6138
627001020310,5927
627001030470,5964
627001030460,5961
627001030450,5962
627001030440,5965
627001030771,6009
627001030730,5954
627001030490,5892
627001030480,5893
627001040035,6049
627001040020,6001
627001030775,5914
627001030773,6024
627001040420,5970
627001040120,6006
627001040108,5868
627001040105,6018
627001020700,5907
627001020690,6181
627001020660,6136
627001020650,6140
627001020750,5961
627001020740,5962
627001020720,5961
627001020710,5961
627001030105,6018
627001030035,6049
627001030020,6001
627001020755,5962
627001030430,5966
627001030420,5970
627001030120,6006
627001030108,5868
6200T00055,97001
6200T00054,57476
6200T00053,9595
6200T00052,9596
6200T00059,9421
6200T00058,8954
6200T00057,9751
6200T00056,10175
6200T00063,9619
6200T00062,9594
6200T00061,9582
6200T00060,80004
6200T00067,9164
6200T00066,9164
6200T00065,8284
6200T00064,8286
6200T00039,8844
6200T00038,9910
6200T00037,9583
6200T00036,9583
6200T00043,8950
6200T00042,57803
6200T00041,9749
6200T00040,9749
6200T00047,9042
6200T00046,8818
6200T00045,9433
6200T00044,9003
6200T00051,9591
6200T00050,8834
6200T00049,8939
6200T00048,57647
6200WHAILES1,8271
6200WHAILE2,8271
6200TS290001,9087
6200TS247940,9015
6200202335,8358
6200206235,57496
6200247105,80010
6200WHAILES2,8271
6200203955,9164
6200203945,9164
6200203195,8231
6200203190,8231
6200209663,10100
6200209659,10100
6200209657,10100
6200205625,8814
6200TS205200,9119
6200TS202930,8972
6200TS202920,9065
6200TS202020,9014
6200TS206235,57496
6200TS206195,57473
6200TS205230,57465
6200TS205225,57463
6200TS244705,8956
6200TS243395,80004
6200TS243378,80002
6200TS206495,57483
6200TS247930,9015
6200TS246930,8972
6200TS246925,8972
6200TS244715,8956
6200100031,8449
6200249700,8560
6200000015,57767
6200207485,9774
6200202115,8098
6200100034,8585
6200100033,8585
6200100032,8565
6200200310,8276
6200200285,8014
6200249745,8014
6200247793,8098
6200248475,8634
6200206901,9637
6200203555,8534
6200243505,9639
6200247609,95001
6200247608,8079
6200244245,8814
6200209664,10100
6200244674,57473
6200244673,57465
6200600834,8197
6200600822,8197
6200242997,57473
6200242996,57475
620070000127,57475
6200244676,57475
6200249753,8259
6200203065,57639
6200242998,57473
6200242999,57465
6200100037,9703
6200100036,9727
6200100035,9724
6200209470,56178
627001010040,6081
627001010030,6081
627001010010,6036
6200100038,9725
627001010090,6031
627001010070,6063
627001010060,6056
627001010050,6057
627001010130,6035
627001010122,6013
627001010110,5987
627001010100,6026
6200241955,9978
6200202165,8096
6200247745,8096
6200242281,9910
6200249772,8259
6200600216,8259
6200202298,90134
6200203556,8534
6200207255,9964
6200200212,8259
6200249774,8259
6200200214,8259
6200239155,56178
6200246345,8444
6200203552,8444
6200241965,9964
6200290110,9096
6200290100,8781
6200290090,8149
6200290080,90134
6200290150,9116
6200290140,9096
6200290130,8807
6200290120,8810
6200400000,9618
6200311975,8252
6200291000,9690
6200290160,9116
6200600742,57476
6200600741,57476
6200600740,57476
6200600739,57476
6200250310,9992
6200250195,9164
6200250190,9164
6200250170,9262
6200251012,9554
6200251010,9554
6200251005,10100
6200250320,9859
6200260000,9069
6200251020,9554
6200251016,9554
6200251014,9554
6200290070,55956
6200290020,9979
6200290000,8634
6200279458,8259
6200BRUSTAN,10018
6200BRUNSTAN,10019
6200AIR001,90134
6200600833,8182
6200EDINBUR1,9627
6200EDI101,90134
6200DLMY,8231
6200CURRIEH1,8259
6200EDINBUR5,9602
6200EDINBUR4,9684
6200EDINBUR3,9618
6200EDINBUR2,9618
6200EDINBUR9,57476
6200EDINBUR8,57476
6200EDINBUR7,57476
6200EDINBUR6,9684
6200600746,57476
6200600745,57476
6200600744,57476
6200600743,57476
6200600750,57476
6200600749,57476
6200600748,57476
6200600747,57476
6200600754,57476
6200600753,57476
6200600752,57476
6200600751,57476
6200600823,8194
6200600790,57476
6200600789,57476
6200600776,57476
6200R00063,8757
6200R00062,10106
6200R00061,10019
6200R00060,8271
6200R00067,57747
6200R00066,57748
6200R00065,8744
6200R00064,9116
6200STHGYLE2,57748
6200STHGYLE1,57748
6200SLATEFD2,9116
6200SLATEFD1,9116
6200T00003,9605
6200T00002,9050
6200T00001,9604
6200STHGYLE3,57747
6200HAYMRKT1,8972
6200HAYMRKT,8972
6200EDINPRK2,57767
6200EDINPRK1,57767
6200NCRAGHA2,10011
6200NCRAGHA1,10011
6200KNGW2,8744
6200KNGW1,8744
6200R00055,9684
6200R00054,9627
6200R00052,57476
6200R00051,57476
6200R00059,8259
6200R00058,9627
6200R00057,9627
6200R00056,9684
6200T00023,9250
6200T00022,9341
6200T00021,57495
6200T00020,57484
6200T00027,9941
6200T00026,8974
6200T00025,8814
6200T00024,9594
6200T00031,8846
6200T00030,8985
6200T00029,9595
6200T00028,57480
6200T00035,57714
6200T00034,9078
6200T00033,9686
6200T00032,8976
6200T00007,9690
6200T00006,57064
6200T00005,9227
6200T00004,9594
6200T00011,8822
6200T00010,9005
6200T00009,9639
6200T00008,80006
6200T00015,57493
6200T00014,8493
6200T00013,8585
6200T00012,9980
6200T00019,9639
6200T00018,57480
6200T00017,9025
6200T00016,8832
6200249433,8339
6200249430,8284
6200249429,8405
6200249428,8404
6200249437,8320
6200249436,8395
6200249435,8404
6200249434,8404
6200249450,8286
6200249440,8286
6200249439,8349
6200249438,8320
6200249456,8658
6200249454,8270
6200249453,8278
6200249451,8279
6200249370,57791
6200249360,57785
6200249355,8628
6200249350,8261
6200249376,8793
6200249374,8739
6200249372,57792
6200249371,8738
6200249410,8280
6200249400,8793
6200249391,8710
6200249390,8776
6200249426,8280
6200249425,8649
6200249424,8640
6200249420,8648
6200249545,57767
6200249544,57767
6200249543,8303
6200249542,57765
6200249565,57742
6200249560,57767
6200249555,57767
6200249550,57767
6200249582,57780
6200249580,57764
6200249575,57747
6200249567,57738
6200249590,57758
6200249587,57780
6200249585,57758
6200249584,57764
6200249490,8395
6200249470,8280
6200249465,8284
6200249460,8284
6200249507,57746
6200249505,57746
6200249500,57751
6200249495,57744
6200249516,57761
6200249514,57767
6200249512,57767
6200249510,57767
6200249540,57775
6200249537,8349
6200249530,57775
6200249520,57775
6200249736,8793
6200249732,57792
6200249730,8251
6200249720,8276
6200249755,8259
6200249752,8259
6200249750,8259
6200249740,8017
6200249780,8259
6200249775,8252
6200249770,8259
6200249760,8259
6200249794,8259
6200249792,8259
6200249790,8259
6200249785,8259
6200249625,57758
6200249620,57758
6200249610,57758
6200249600,57758
6200249650,57758
6200249645,57767
6200249640,8433
6200249630,8433
6200249670,8320
6200249660,8321
6200249658,57744
6200249655,8344
6200249710,8423
6200249695,8259
6200249690,8349
6200249680,8349
6200249950,8288
6200249940,8288
6200249935,8288
6200249930,8288
6200249975,8252
6200249970,8252
6200249960,8288
6200249955,8288
6200250050,57577
6200249995,8288
6200249990,8252
6200249980,8252
6200250160,9250
6200250130,9992
6200250070,8814
6200250060,8814
6200249815,8258
6200249810,8273
6200249800,8272
6200249796,8258
6200249845,8254
6200249840,8255
6200249830,8256
6200249820,8257
6200249870,8018
6200249860,8019
6200249850,8245
6200249847,8247
6200249920,8253
6200249900,8252
6200249890,8252
6200249880,8010
627007050100,6773
627007050020,6786
627007050010,6841
627007040290,6841
627007050150,6865
627007050140,6578
627007050130,6865
627007050110,6773
627007060110,6773
627007060100,6773
627007050380,6786
627007050370,6845
627008010030,6833
627008010020,6817
627008010010,6819
627007060140,6578
627007030260,6841
627007030145,6773
627007030107,6578
627007030105,6773
627007040005,6591
627007030290,6841
627007030280,6841
627007030270,6841
627007040107,6578
627007040105,6773
627007040070,6773
627007040060,6852
627007040280,6841
627007040270,6841
627007040260,6841
627007040145,6773
627009010070,6728
627009010060,6556
627009010050,6731
627009010040,6565
627009010110,6685
627009010100,6689
627009010090,6665
627009010080,6687
627009010160,6690
627009010133,6762
627009010130,6703
627009010120,6697
627009010200,6667
627009010195,6682
627009010180,6735
627009010170,6727
627008020020,6817
627008020010,6819
627008010040,6819
627008010035,6893
627008050010,6832
627008020040,6819
627008020035,6893
627008020030,6823
627008060019,6821
627008060010,6832
627008050029,6890
627008050019,6821
627009010030,6727
627009010021,6676
627009010020,6696
627008060029,6891
627009020080,6683
627009020070,6728
627009020060,6556
627009020050,6731
627009020120,6697
627009020110,6685
627009020100,6684
627009020090,6680
627009020160,6690
627009020150,6693
627009020133,6758
627009020130,6699
627009020210,6618
627009020190,6682
627009020180,6735
627009020170,6727
627009010240,6678
627009010230,6666
627009010220,6661
627009010210,6618
627009010260,6811
627009010255,6759
627009010254,6755
627009010250,6644
627009010340,6639
627009010280,6724
627009010276,6820
627009010275,6755
627009020040,6565
627009020030,6724
627009020020,6696
627009010350,6830
627009040270,6751
627009040155,6730
627009040150,6674
627009040140,6693
627009050310,6657
627009050300,6662
627009040330,6727
627009040290,6727
627009050370,6578
627009050360,6874
627009050330,6727
627009050320,6539
627009050410,6807
627009050400,6578
627009050390,6578
627009050380,6624
627009020255,6759
627009020254,6755
627009020250,6644
627009020240,6678
627009020276,6820
627009020275,6755
627009020270,6751
627009020260,6811
627009030030,6724
627009020350,6830
627009020340,6633
627009020280,6724
627009040030,6724
627009030155,6730
627009030150,6673
627009030140,6693
627005020115,6458
627005020083,6441
627005020080,6439
627005020060,6239
627005030016,6221
627005030014,6208
627005030011,6450
627005030010,6466
627005040010,6466
627005030070,6230
627005030020,6473
627005030017,6204
627005040017,6204
627005040016,6221
627005040014,6208
627005040011,6450
627005010035,6223
627005010030,6242
627005010013,6200
627005010008,6442
627005010083,6441
627005010060,6239
627005010050,6243
627005010040,6225
627005020035,6223
627005020030,6242
627005020013,6200
627005010115,6458
627005020055,6456
627005020053,6457
627005020050,6228
627005020040,6234
627006020035,6222
627006020030,6207
627006020020,6217
627006020010,6220
627006020060,6210
627006020055,6210
627006020050,6210
627006020040,6210
627007010003,6578
627006040025,6255
627006030025,6255
627006020070,6207
627007010020,6770
627007010010,6578
627007010007,6578
627007010005,6578
627005050055,6456
627005050010,6195
627005040070,6230
627005040020,6473
627005060100,6467
627005060055,6479
627005060010,6443
627005050100,6467
627006010035,6222
627006010030,6207
627006010020,6217
627006010010,6222
627006010070,6207
627006010055,6210
627006010050,6210
627006010040,6210
627007010240,6841
627007010230,6841
627007010220,6841
627007010210,6841
627007010310,6841
627007010300,6786
627007010255,6791
627007010250,6782
627007010370,6844
627007010360,6840
627007010330,6786
627007010320,6849
627007020005,6578
627007020003,6578
627007010390,6786
627007010375,6857
627007010045,6771
627007010040,6765
627007010030,6766
627007010025,6769
627007010100,6578
627007010090,6578
627007010080,6578
627007010050,6765
627007010160,6792
627007010145,6578
627007010120,6578
627007010110,6763
627007010200,6842
627007010190,6850
627007010180,6775
627007010170,6780
627007020230,6841
627007020220,6841
627007020210,6841
627007020200,6847
627007020340,6786
627007020255,6791
627007020250,6781
627007020240,6841
627007020390,6787
627007020370,6857
627007020365,6843
627007020350,6841
627007030070,6773
627007030060,6852
627007030005,6591
627007020395,6786
627007020025,6769
627007020020,6770
627007020010,6578
627007020007,6578
627007020050,6765
627007020045,6771
627007020040,6765
627007020030,6766
627007020145,6578
627007020120,6578
627007020110,6763
627007020100,6578
627007020190,6850
627007020180,6776
627007020170,6780
627007020160,6792
627003040050,6580
627003040007,6415
627003030570,6179
627003030550,6308
627003040355,6166
627003040300,6135
627003040280,6373
627003040125,6413
627003040560,6131
627003040550,6308
627003040357,6162
627003040356,6166
627003060335,6125
627003050335,6120
627003050060,6572
627003040570,6167
627003020450,6126
627003020440,6177
627003020430,6122
627003020420,6119
627003020510,6161
627003020500,6141
627003020490,6167
627003020460,6148
627003030150,6189
627003030125,6413
627003030007,6415
627003020520,6120
627003030530,6130
627003030357,6162
627003030356,6166
627003030355,6166
627004010100,6280
627004010090,6279
627004010080,6295
627004010075,6355
627004010190,6342
627004010180,6345
627004010170,6321
627004010120,6493
627004010230,6343
627004010220,6160
627004010210,6158
627004010200,6347
627004010250,6261
627004010245,6268
627004010243,6097
627004010240,6248
627003080004,6162
627003080003,6366
627003080002,6166
627003080001,6162
627003080008,6419
627003080007,6419
627003080006,6419
627003080005,6419
627004010035,6364
627004010030,6274
627004010020,6528
627004010015,6533
627004010070,6356
627004010065,6534
627004010060,6535
627004010050,6248
627004020070,6356
627004020065,6527
627004020060,6535
627004020050,6248
627004020120,6493
627004020110,6295
627004020100,6279
627004020075,6355
627004020200,6348
627004020190,6342
627004020180,6341
627004020170,6321
627004020240,6248
627004020230,6344
627004020220,6160
627004020210,6158
627004010260,6260
627004010256,6260
627004010254,6257
627004010252,6257
627004010310,6249
627004010300,6268
627004010290,6252
627004010270,6257
627004010350,6089
627004010340,6264
627004010330,6305
627004010320,6244
627004020030,6274
627004020020,6569
627004010380,6271
627004010375,6258
627004030130,6094
627004030010,6265
627004020400,6251
627004020395,6251
627004040130,6094
627004030355,6245
627004030280,6367
627004030140,6091
627004040360,6089
627004040280,6267
627004040160,6172
627004040150,6099
6270050010,6245
627004060040,6284
627004050040,6291
627004040370,6266
627004020252,6257
627004020250,6262
627004020245,6264
627004020243,6097
627004020270,6257
627004020260,6260
627004020256,6260
627004020254,6257
627004020320,6250
627004020310,6247
627004020300,6268
627004020290,6252
627004020390,6244
627004020380,6271
627004020375,6258
627004020350,6089
627001060120,6007
627001060100,6003
627001060080,6186
627001050790,5894
627002010005,6612
627001070120,6007
627001060820,5961
627001060800,5930
627002010040,6610
627002010030,6606
627002010015,6597
627002010010,6616
627002020020,6596
627002020010,6616
627002020005,6612
627002010050,6611
627001040460,5961
627001040450,5962
627001040440,5965
627001040430,5966
627001040760,5954
627001040490,5892
627001040480,5893
627001040470,5964
627001040775,5914
627001040773,6024
627001040771,6004
627001040770,5932
627001050260,5902
627001050120,6005
627001050100,6003
627001040780,6103
627003010125,6418
627003010120,6417
627003010110,6421
627003010100,6410
627003010170,6396
627003010160,6396
627003010150,6386
627003010140,6376
627003010210,6376
627003010200,6375
627003010190,6391
627003010180,6380
627003010250,6388
627003010240,6389
627003010230,6390
627003010220,6375
627002030005,6614
627002020050,6611
627002020040,6609
627002020030,6606
627003010010,6582
627003010008,6590
627003000385,6162
627002040005,6614
627003010040,6593
627003010030,6585
627003010025,6584
627003010020,6594
627003010090,6399
627003010080,6437
627003010070,6190
627003010065,6187
627003010460,6148
627003010450,6126
627003010440,6178
627003010430,6122
627003020008,6590
627003010510,6161
627003010490,6132
627003010470,6187
627003020030,6585
627003020025,6584
627003020020,6594
627003020010,6582
627003020075,6194
627003020070,6190
627003020050,6580
627003020040,6593
627003010310,6162
627003010290,6300
627003010270,6318
627003010260,6377
627003010350,6165
627003010340,6142
627003010330,6120
627003010320,6162
627003010380,6162
627003010370,6125
627003010360,6350
627003010355,6166
627003010420,6119
627003010410,6127
627003010400,6129
627003010390,6117
627003020290,6300
627003020270,6318
627003020250,6388
627003020240,6389
627003020330,6120
627003020320,6162
627003020310,6162
627003020295,6372
627003020370,6125
627003020360,6350
627003020355,6166
627003020350,6165
627003020410,6120
627003020400,6129
627003020390,6135
627003020380,6162
627003020110,6421
627003020100,6410
627003020090,6399
627003020080,6419
627003020150,6377
627003020140,6376
627003020130,6401
627003020120,6423
627003020190,6381
627003020180,6380
627003020170,6396
627003020160,6395
627003020230,6390
627003020220,6375
627003020210,6376
627003020200,6375
627070000969,5956
627070000913,6841
627070000836,7023
627070000797,6256
627070000981,6773
627070000979,6272
627070000978,6272
627070000974,6086
627070001013,6224
627070001012,6224
627070000984,5885
627070000983,5885
627070001052,6067
627070001051,6081
627070001049,6035
627070001048,6035
627070000709,6132
627070000702,6048
627070000700,6048
627070000695,5956
627070000726,6759
627070000712,6161
627070000711,6161
627070000710,6132
627070000744,6676
627070000729,6230
627070000728,6230
627070000727,6759
627070000796,6256
627070000787,7023
627070000751,6300
627070000750,6300
627070001225,6003
627070001224,6003
627070001223,6003
627070001222,6003
627070001242,6661
627070001240,6729
627070001239,6729
627070001231,6295
627070001248,6841
627070001245,6841
627070001244,6841
627070001243,6661
627070001252,6578
627070001251,6841
627070001250,7023
627070001249,6841
627070001056,6033
627070001055,6033
627070001054,6033
627070001053,6056
627070001060,6048
627070001059,6037
627070001058,6033
627070001057,6033
627070001140,56984
627070001138,56984
627070001135,56984
627070001134,56984
627070001206,6577
627070001205,6577
627070001190,6899
627070001189,6899
6280000018,7465
6280000017,7465
6280000016,7561
6280000015,7479
6280000022,7464
6280000021,7464
6280000020,7455
6280000019,7456
6280000026,7312
6280000025,7229
6280000024,7475
6280000023,7453
6280000030,7431
6280000029,7386
6280000028,7381
6280000027,7104
6280000002,7495
6280000001,7650
627070001254,6659
627070001253,6578
6280000006,7937
6280000005,7937
6280000004,7940
6280000003,7488
6280000010,7435
6280000009,7381
6280000008,7386
6280000007,7580
6280000014,7472
6280000013,7510
6280000012,7387
6280000011,7431
6280000051,7696
6280000050,7663
6280000049,7662
6280000048,7159
6280000055,7683
6280000054,7695
6280000053,7695
6280000052,7663
6280000059,7636
6280000058,7087
6280000057,7966
6280000056,7698
6280000063,7980
6280000062,7980
6280000061,7409
6280000060,7982
6280000034,7385
6280000033,7087
6280000032,7087
6280000031,7435
6280000039,7151
6280000038,7081
6280000037,7177
6280000036,7185
6280000043,7254
6280000042,7146
6280000041,7173
6280000040,7083
6280000047,7149
6280000046,7147
6280000045,7577
6280000044,7820
627033109,6195
627033107,6195
627033105,6455
627033103,6455
627033117,6467
627033115,6467
627033113,6467
627033111,6467
627033125,6479
627033123,6479
627033121,6467
627033119,6467
627033133,6476
627033131,6476
627033129,6467
627033127,6467
627033077,6886
627033075,6886
627033073,6680
627033071,6692
627033085,6918
627033083,6918
627033081,6918
627033079,6918
627033093,7011
627033091,7011
627033089,7026
627033087,7026
627033101,7011
627033099,7011
627033097,7011
627033095,7011
627033173,6722
627033171,6722
627033169,6654
627033167,6654
627033183,6937
627033181,6937
627033177,6722
627033175,6751
627033201,6385
627033189,6950
627033187,6951
627033185,6951
627033209,6245
627033207,6089
627033205,6089
627033203,6385
627033141,6629
627033139,6629
627033137,6626
627033135,6626
627033149,6628
627033147,6628
627033145,6627
627033143,6627
627033157,6648
627033155,6648
627033153,6641
627033151,6641
627033165,6732
627033163,6732
627033161,6649
627033159,6649
627070000156,6789
627070000155,6789
627070000154,7026
627070000153,6952
627070000347,6054
627070000346,6055
627070000333,6176
627070000332,6123
627070000351,6433
627070000350,6967
627070000349,6967
627070000348,6968
627070000357,6580
627070000356,6580
627070000355,6574
627070000354,6574
627033217,6097
627033215,6088
627033213,6098
627033211,6245
627033225,6084
627033223,6085
627033221,6085
627033219,6097
627033233,7067
627033231,6083
627033229,6083
627033227,6084
627070000074,6612
627033239,7067
627033237,7067
627033235,7067
627070000557,5925
627070000504,6603
627070000489,6290
627070000488,6283
627070000621,6400
627070000620,6496
627070000619,6496
627070000558,5925
627070000670,7010
627070000669,7010
627070000668,6556
627070000622,6400
627070000694,5956
627070000684,6693
627070000683,6672
627070000682,6689
627070000372,7034
627070000371,7026
627070000359,6578
627070000358,6578
627070000476,6369
627070000406,6904
627070000405,6904
627070000373,7034
627070000483,6266
627070000482,6089
627070000480,6236
627070000479,6235
627070000487,6232
627070000486,6232
627070000485,6288
627070000484,6267
627032807,6846
627032805,6845
627032795,6783
627032781,6610
627032815,6866
627032813,6867
627032811,6867
627032809,6846
627032823,6869
627032821,6868
627032819,6868
627032817,6866
627032831,6855
627032829,6864
627032827,6864
627032825,6869
627032458,6668
627032456,6668
627032454,6751
627032452,6751
627032758,6576
627032756,6418
627032603,6124
627032601,6124
627032771,6773
627032769,6773
627032767,6773
627032760,6576
627032779,6610
627032777,6773
627032775,6773
627032773,6773
627032871,6836
627032869,6894
627032867,6894
627032865,6889
627032881,6687
627032877,6819
627032875,6817
627032873,6836
627032889,6692
627032887,6682
627032885,6751
627032883,6722
627032897,6703
627032895,6703
627032893,6694
627032891,6692
627032839,6931
627032837,6854
627032835,6854
627032833,6855
627032847,6929
627032845,6932
627032843,6932
627032841,6931
627032855,6927
627032853,6930
627032851,6930
627032849,6929
627032863,6894
627032861,6921
627032859,6921
627032857,6927
627032979,6515
627032977,6519
627032975,6369
627032973,6288
627032987,6518
627032985,6518
627032983,6517
627032981,6517
627032995,6521
627032993,6521
627032991,6514
627032989,6514
627033003,6522
627033001,6659
627032999,6522
627032997,6522
627032947,6434
627032945,6434
627032901,6666
627032899,6698
627032955,6433
627032953,6433
627032951,6434
627032949,6434
627032963,6410
627032961,6410
627032959,6399
627032957,6399
627032971,6235
627032969,6236
627032967,6372
627032965,6372
627033043,6646
627033041,6623
627033039,6623
627033037,6619
627033051,7067
627033049,7051
627033047,7051
627033045,6646
627033061,6681
627033059,6672
627033057,6674
627033053,7067
627033069,6672
627033067,6666
627033065,6731
627033063,6676
627033011,6447
627033009,6447
627033007,6660
627033005,6660
627033019,6450
627033017,6451
627033015,6451
627033013,6443
627033027,6460
627033025,6459
627033023,6459
627033021,6450
627033035,6619
627033033,6462
627033031,6462
627033029,6460
627010010068,6985
627010010065,6977
627010010063,6990
627010010060,6988
627010010110,6977
627010010100,6941
627010010090,6952
627010010080,6995
627010010150,6977
627010010135,7008
627010010130,6953
627010010120,6958
627010020003,6902
627010010180,7010
627010010170,6944
627010010160,6979
627009060380,6643
627009060320,6539
627009060300,6662
627009050420,6802
627010010010,6954
627010010007,6905
627010010005,7031
627010010003,6902
627010010040,6942
627010010030,6938
627010010025,7043
627010010020,6937
627010010059,7060
627010010057,7072
627010010055,7058
627010010050,7051
627010020110,6987
627010020100,6941
627010020090,7048
627010020080,7007
627010020140,6953
627010020135,7008
627010020130,6953
627010020120,6958
627010020200,7061
627010020190,6979
627010020180,7010
627010020150,6967
627010030055,7060
627010020230,7006
627010020220,7033
627010020210,6952
627010020020,6937
627010020010,6948
627010020007,6905
627010020005,7031
627010020050,7051
627010020040,6945
627010020030,6938
627010020025,7043
627010020060,6988
627010020059,7060
627010020057,7072
627010020055,7060
627010020070,6997
627010020068,6982
627010020066,6984
627010020065,6977
627010050085,7064
627010050080,7066
627010050070,6875
627010050060,6879
627010050115,6966
627010050110,6970
627010050100,6887
627010050090,6809
627010060020,7071
627010050130,7012
627010050125,6957
627010050120,7067
627010060060,6879
627010060050,6956
627010060040,6886
627010060030,7026
627010030200,7013
627010030135,7034
627010030133,7008
627010030095,6953
627010040133,7008
627010040095,6953
627010040055,7058
627010030205,6977
627010050010,6950
627010040205,6977
627010040200,7013
627010040135,7034
627010050050,6956
627010050040,6886
627010050030,7026
627010050020,7071
627031614,6609
627031613,6578
627031612,6578
627031611,6578
627031634,6957
627031632,6941
627031616,6609
627031615,6609
6270318390,6178
6270318370,6178
6270318350,6301
627031759,6057
627032450,6727
627032448,6723
627032446,6727
627032444,6165
627010060110,6970
627010060100,6888
627010060085,7064
627010060080,7066
627010070010,7073
627010060130,7012
627010060120,7067
627010060115,6966
627028365,6454
627010080020,7071
627010080010,7073
627010070020,7071
627030690,6195
627030125,6248
62703010130,6404
627028422,6578
6280304050,7431
6280304013,7431
6280304012,7411
6280304011,7560
628030895,7470
628030892,7921
628030891,7921
628030887,7445
628030901,7440
628030899,7440
628030898,7921
628030897,7920
6280309195,7376
6280309190,7363
6280309185,7305
6280309180,7375
6280302600,7126
6280302590,7088
6280302580,7089
6280302570,7102
6280303002,7919
6280303001,7455
6280302610,7139
6280302605,7126
6280303100,7464
6280303005,7445
6280303004,7453
6280303003,7464
6280304010,7560
6280303103,7466
6280303102,7455
6280303101,7919
6280325090,7089
6280325080,7088
6280325060,7139
6280325030,7086
6280325140,7137
6280325130,7137
6280325110,7110
6280325100,7107
6280325180,7154
6280325170,7135
6280325160,7137
6280325141,7137
6280325220,7147
6280325210,7164
6280325200,7189
6280325190,7158
6280309220,7376
6280309210,7298
6280309205,7326
6280309200,7326
628031142,7436
628031140,7436
628031105,7678
6280309222,7371
6280318240,7398
6280318220,7399
628031256,7320
628031165,7297
6280325020,7083
6280318300,7398
6280318280,7401
6280318260,7395
6280325380,7173
6280325370,7173
6280325360,7184
6280325350,7169
6280325460,7177
6280325440,7151
6280325390,7164
6280325385,7170
6280325505,7184
6280325500,7184
6280325490,7173
6280325461,7193
6280325534,7087
6280325530,7202
6280325520,7166
6280325510,7149
6280325240,7099
6280325237,7098
6280325235,7098
6280325230,7147
6280325290,7172
6280325280,7182
6280325270,7145
6280325250,7147
6280325317,7171
6280325315,7165
6280325310,7167
6280325300,7172
6280325340,7167
6280325330,7165
6280325325,7167
6280325320,7182
6280325640,7259
6280325630,7237
6280325620,7235
6280325610,7234
6280325665,7256
6280325660,7262
628032566,7483
6280325650,7257
6280325690,7247
6280325685,7217
6280325680,7216
6280325670,7268
6280325720,7297
6280325715,7348
6280325710,7263
6280325700,7245
6280325560,7268
6280325550,7211
6280325540,7284
6280325535,7104
6280325567,7268
6280325566,7185
6280325565,7268
6280325564,7271
6280325585,7294
6280325581,7226
6280325580,7226
6280325570,7226
6280325605,7276
628032560,7868
6280325590,7191
6280325587,7358
6280301620,7468
6280301610,7454
6280301590,7470
6280301580,7466
6280301655,7453
6280301650,7469
6280301640,7460
6280301630,7454
6280301700,7442
6280301690,7448
6280301670,7450
6280301660,7445
6280301709,7907
6280301707,7909
6280301705,7904
6280301703,7438
6280301495,7425
6280301490,7644
6280301480,7597
6280301470,7582
6280301506,7420
6280301505,7408
6280301501,7411
6280301500,7430
6280301510,7406
6280301509,7624
6280301508,7407
6280301507,7420
6280301570,7443
6280301560,7561
6280301550,7441
6280301545,7441
6280301940,7342
6280301930,7307
6280301920,7309
6280301910,7310
6280301965,7300
6280301960,7303
6280301950,7304
6280301945,7342
6280301980,7263
6280301976,7297
6280301975,7298
6280301970,7349
6280302020,7256
6280302010,7216
6280302000,7217
6280301990,7245
6280301740,7402
6280301730,7395
6280301720,7628
6280301710,7600
6280301790,7395
6280301770,7577
6280301760,7433
6280301750,7433
6280301817,7264
6280301815,7264
6280301810,7433
6280301800,7399
6280301890,7228
6280301880,7241
6280301870,7243
6280301820,7335
6280302114,7268
6280302100,7268
6280302098,8668
6280302096,7358
6280302130,7284
6280302120,7211
6280302116,7271
6280302115,7268
6280302165,7149
6280302160,7149
6280302150,7166
6280302140,7203
6280302221,7544
6280302220,7193
6280302210,7185
6280302170,7184
6280302040,7258
6280302030,7257
6280302027,7261
6280302025,7254
6280302075,7276
6280302070,7235
6280302060,7234
6280302050,7240
6280302091,7226
6280302090,7227
6280302089,7227
6280302080,7276
6280302095,8668
6280302094,7294
6280302093,7185
6280302092,7226
6280302430,7098
6280302425,7099
6280302420,7099
6280302415,7098
6280302450,7164
6280302440,7172
6280302436,7144
6280302435,7147
6280302490,7135
6280302470,7154
6280302465,7171
6280302460,7189
6280302560,7110
6280302510,7140
6280302500,7137
6280302495,7136
6280302275,7173
6280302260,7146
6280302250,7173
6280302245,7173
6280302289,7167
6280302287,7167
6280302285,7173
6280302280,7173
6280302380,7182
6280302370,7172
6280302310,7184
6280302300,7173
6280302410,7098
6280302400,7147
6280302395,7147
6280302390,7152
6280300485,7792
6280300480,7792
6280300475,7816
6280300470,7801
6280300505,7863
6280300500,7789
6280300495,7791
6280300490,7792
6280300525,7965
6280300520,7889
6280300515,7797
6280300510,7863
6280300545,7841
6280300540,7840
6280300535,7840
6280300530,7840
6280300345,7822
6280300340,7809
6280300310,7860
6280300309,7748
6280300370,7793
6280300365,7814
6280300360,7813
6280300347,7850
6280300400,7812
6280300381,7881
6280300380,7852
6280300375,7801
6280300465,7793
6280300460,7799
6280300455,7799
6280300450,7801
6280300870,7780
6280300860,7781
6280300850,7769
6280300840,7772
6280300905,7553
6280300900,7554
6280300890,7766
6280300880,7766
6280300925,7554
6280300920,7554
6280300910,7554
6280300909,7554
6280300940,7509
6280300939,7556
6280300935,7556
6280300930,7553
6280300570,7861
6280300560,7791
6280300555,7792
6280300550,7841
6280300677,7965
6280300676,7840
6280300675,7881
6280300674,7883
6280300720,7953
6280300710,7947
6280300690,7940
6280300680,7940
6280300755,7990
6280300750,7996
6280300740,7943
6280300730,7943
6280301110,7776
6280301105,7743
6280301102,7685
6280301101,7689
6280301115,7779
6280301114,7870
6280301113,7782
6280301111,7543
6280301178,7511
6280301120,7602
6280301119,7702
6280301118,7751
6280301190,7519
6280301185,7521
6280301180,7539
6280301179,7512
6280300970,7553
6280300960,7509
6280300950,7509
6280300945,7509
6280301029,7781
6280301000,7517
6280300990,7509
6280300980,7556
6280301060,7515
6280301055,7528
6280301050,7544
6280301030,7767
6280301100,7712
6280301090,7805
6280301080,7796
6280301070,7524
6280301370,7356
6280301369,9362
6280301360,7350
6280301350,7313
6280301410,7645
6280301400,7628
6280301390,7655
6280301380,7588
6280301450,7586
6280301440,7590
6280301430,7872
6280301420,7635
6280301460,7573
6280301455,7868
6280301454,7868
6280301452,7587
6280301230,7561
6280301220,7489
6280301210,7483
6280301200,7533
6280301260,7465
6280301250,7466
6280301245,7443
6280301240,7561
6280301300,7333
6280301290,7332
6280301280,7457
6280301270,7473
6280301340,7315
6280301330,7347
6280301320,7331
6280301310,7341
6280000083,7459
6280000082,7469
6280000081,7446
6280000080,7464
6280000087,7495
6280000086,7466
6280000085,7457
6280000084,7456
6280000091,7663
6280000090,7663
6280000089,7663
6280000088,7651
6280000095,7695
6280000094,7695
6280000093,7695
6280000092,7696
6280000067,7560
6280000066,7636
6280000065,7636
6280000064,7991
6280000071,7474
6280000070,7381
6280000069,7381
6280000068,7474
6280000075,7466
6280000074,7651
6280000073,7637
6280000072,7560
6280000079,7919
6280000078,7454
6280000077,7457
6280000076,7477
6280000116,7309
6280000115,7339
6280000114,7339
6280000113,7342
6280000120,7308
6280000119,7342
6280000118,7342
6280000117,7342
6280000124,7446
6280000123,7311
6280000122,7309
6280000121,7310
6280000128,7982
6280000127,7921
6280000126,7921
6280000125,7665
6280000099,7665
6280000098,7663
6280000097,7662
6280000096,7663
6280000104,7310
6280000103,7311
6280000101,7311
6280000100,7347
6280000108,7311
6280000107,7310
6280000106,7309
6280000105,7310
6280000112,7342
6280000111,7342
6280000110,7308
6280000109,7308
6280031893,7876
6280031891,7876
6280031812,7400
6280031772,7663
62801310,7348
62801302,7327
62801294,7308
62801292,7307
62801325,7851
62801323,7851
62801321,7276
62801312,7348
6280209195,7305
6280209190,9361
6280209180,7305
62801327,10008
6280000132,7100
6280000131,7679
6280000130,7679
6280000129,7184
6280000136,7435
6280000135,4503
6280000134,4503
6280000133,7097
6280000140,8005
6280000139,90108
6280000138,9362
6280000137,7435
6280000201,7146
6280000200,7146
6280000142,7448
6280000141,8005
6280300068,7695
6280300067,7695
6280300060,7663
6280300058,7679
6280300090,7697
6280300080,7683
6280300070,7663
6280300069,7696
6280300130,7676
6280300115,7898
6280300110,7747
6280300100,7746
6280300195,7848
6280300185,7759
6280300150,7676
6280300140,7693
6280239430,7305
6280209210,7966
6280209205,7305
6280209200,7305
6280300005,7896
6280300000,10100
628028307,7907
6280239440,7305
6280300040,7683
6280300030,7698
6280300020,7760
6280300010,7895
6280300055,7663
6280300050,10008
6280300045,7800
6280300044,7857
638051311,47691
638051301,47691
638051371,47708
638051252,47721
638051132,47737
638051131,47737
638051322,47703
410000007042,55570
638051321,47703
410000007041,55570
638051212,48871
410000007040,55570
638051211,47762
638051201,47762
410000007046,55570
638051091,48729
410000007045,55570
638050262,48110
410000007044,55570
638050251,48084
410000007043,55570
638050241,48069
410000007050,55570
638051141,47718
410000007049,55570
638050951,48844
410000007048,55570
638050952,48844
410000007047,55570
638050882,48875
410000007013,55570
638050881,48877
410000007012,55570
638050852,48887
410000007011,55570
638050851,48888
410000007010,55570
638050842,48895
410000007017,55570
638050841,48896
410000007016,55570
638051261,47704
410000007015,55570
638051262,47704
410000007014,55570
638050862,48885
410000007021,55570
638050861,48885
410000007020,55570
638051221,47762
410000007019,55570
638051291,47703
410000007018,55570
638051281,47703
638051271,47704
638050092,48208
638050091,48208
638050081,48208
638060072,48160
638050142,48199
638050041,48160
638060053,48160
638050011,48224
638050111,48207
638050101,48207
638050151,48133
638050141,48199
638050652,48754
638050421,48060
638050122,48201
638050121,48206
638050282,48162
638050281,48162
638050271,48110
638050261,48110
638050361,48234
410000007052,55570
638050351,48234
410000007051,55570
638050341,48064
638050342,48064
638060052,48184
638050331,48068
638050311,48067
410000007071,55585
638050312,48067
410000007070,55585
638050071,48160
638060062,48181
638050061,48181
410000007079,55585
638050051,48184
410000007078,55585
638050512,48063
410000007077,55570
638050472,48063
410000007072,55570
638050471,48063
638050441,48087
638052751,48266
638052741,48272
638052742,48272
410000007121,55570
638050511,48064
410000007120,55570
638052702,48297
410000007119,55570
638052761,48266
410000007118,55570
638052762,48266
410000007127,55585
638052752,48266
410000007124,55570
638052732,48291
410000007123,55570
638052721,48293
410000007122,55570
638052711,48294
638052701,48297
638050741,48972
638050701,48996
410000007128,55585
638067461,48735
638050681,48735
638050712,49054
638050762,48977
638050761,48979
410000007105,55570
638050752,48981
410000007104,55585
638050481,48066
410000007103,55585
638050721,49065
410000007102,55585
638050722,49065
410000007109,55570
638050711,49054
410000007108,55570
638050502,48060
410000007107,55570
638050501,48061
410000007106,55570
638050492,48108
638050491,48108
638052591,47808
410000007111,55570
638052582,47808
410000007110,55570
638052581,47808
410000007159,55587
638052571,47794
638052682,48285
638052671,48281
638052672,48286
638052601,47809
638052651,48261
638052652,48267
638052642,48366
410000007167,55570
638052681,48284
410000007166,55570
638052961,47956
410000007165,55570
638062967,47956
410000007164,55570
638052661,48269
410000007171,55570
638052662,48269
410000007170,55570
638052801,48267
410000007169,55570
638052791,48257
410000007168,55570
638052792,48261
638052731,48292
638052771,48266
638052811,48269
638052812,48269
638052802,48268
638052611,47809
638052781,48254
638052782,48257
410000007150,55587
638052772,48266
410000007149,55587
638052641,48366
410000007148,55587
638052632,48360
410000007147,55587
638052631,48360
638052621,48357
638067301,47704
638067471,47830
410000007151,55587
638067451,48595
638067431,48665
638064311,48054
638067391,48885
638067361,48051
638067351,48051
638063651,47755
638063641,48881
638063631,48884
638055142,48883
638063601,47931
638063591,47931
638063581,48033
638063671,92004
638053101,48208
638053102,48208
638053092,48192
638053091,48193
638053072,48202
638053071,48200
638053112,48225
638053111,48225
638066381,48671
638067271,48868
638053081,48194
638053082,48194
638066571,47992
638066561,48486
638066562,48486
638066551,48685
638063061,47773
638063051,47784
638063041,48038
638063231,48599
638063541,48191
638063531,48685
638063521,48535
638063071,47746
638063343,48354
638063341,48325
638063571,48051
638063561,48052
638050031,48160
638063513,48160
638063346,48352
638063344,48352
638063716,47906
638063621,47689
638067381,48034
638063611,48034
638063721,48313
638063719,47924
638063718,47912
638063717,47911
638063711,48005
638063705,48444
638063701,48505
638063673,93365
638063101,47608
638063091,47669
638063081,47692
638063715,48008
638064221,48535
638062372,48481
638052371,48481
638064191,48482
638063791,49046
638063781,48667
638064241,48666
638064231,48658
638063724,48009
638063821,48725
638063811,48920
638063871,48920
638063771,48665
638063761,48665
638063751,48685
638063741,48413
638064041,48317
638064031,48033
638064017,48317
638063723,48015
638064001,47658
638063991,47629
638063951,47931
638064051,54795
638064251,48879
638064015,48022
638064014,48023
638052291,48023
638064301,47830
638064291,47941
638064281,48060
638064271,48068
638051011,48675
638051012,48675
638050972,48698
638050971,48698
638050821,48944
638050822,48898
638050811,48952
638050812,48952
410000006002,55570
638050781,48954
410000006001,55570
638050772,48969
638050771,48969
638050831,48897
638050872,48883
638050871,48883
638050801,48958
410000007009,55570
638050782,48954
410000007008,55570
638063841,48712
638063911,48749
638063901,48789
638063891,48720
638053062,48239
638063881,48610
638063861,48601
638063851,48601
638050991,48685
638050981,48691
638050982,48691
638053061,48239
638050961,48842
638050962,48842
638051002,48682
638051001,48687
638050321,48068
638055282,47850
638055251,92016
638050541,48094
638052951,47964
638050992,48685
638063251,48348
638053491,48207
638055471,48239
638052261,48318
638052332,47871
638052942,47967
638055192,48872
638051171,47611
638050172,48085
638050171,48082
638080002,48788
638051661,48788
638080001,48096
638067861,48730
638050431,48090
638067771,48090
638067753,47689
638067752,47701
638066601,93356
638066592,47806
638066591,47806
638067781,47988
638055411,47787
638050751,48973
638066852,47789
638066851,47789
638055281,47850
638055272,48869
638055271,48874
638055261,48876
638055232,48213
638055231,48213
638055221,48211
638055222,48211
638055021,48060
638050461,48061
638055011,48959
638050791,48954
638053811,47670
638055052,48762
638055051,48762
638055031,48066
638050185,48238
638050184,48238
638063921,48779
638063661,48872
638055211,48135
638055212,48135
638055191,48831
638050833,48891
638064131,48885
638055151,48888
638055201,48884
638055141,48882
638055241,92003
638055181,48829
638055171,48829
638055161,48885
638055501,48213
638053511,48068
638055491,48068
638055481,48068
638063021,47624
638063011,47631
638062981,47667
638061161,49069
638062964,48626
638062966,48772
638062963,48772
638062961,48799
638055351,47737
638062971,47704
638062965,48645
638062962,48626
638055001,49058
638050731,49058
638053831,48498
638053821,47773
638055131,48335
638055122,47958
638055121,47960
638055111,48622
638052181,48844
638055091,49029
638063801,49029
638065911,48664
638062951,49076
638061871,48577
638061731,47785
638055101,48844
638053331,48770
638053332,48770
638053301,48847
638055421,48230
638053271,48173
638053272,48165
638053261,48172
638053251,48790
638053391,93313
638053382,48173
638053381,48173
638053291,48874
638053372,48874
638053371,48874
638053411,48878
638053392,93313
638055392,47721
638055391,47721
638055371,47755
638055361,47756
638055331,47734
638055321,47755
638055301,47737
638055311,47737
638055442,48289
638055441,48290
638055431,47809
638055341,47727
638055412,47808
638055401,47725
638055461,48418
638055451,48318
630045903,42341
630034043,44275
630034042,44275
410000003044,55605
630045133,45592
410000003043,55603
630020907,44915
410000003042,55600
630030523,42017
410000003041,55600
630030522,42017
410000003048,55600
630045904,42341
410000003047,55600
630020252,44691
410000003046,55603
630030917,42930
410000003045,55605
630030916,42930
630020908,44915
410000003051,55600
630021833,44608
410000003050,55600
630021832,44608
410000003049,55600
630061694,43574
630061693,43574
630024704,42347
630024703,42347
630062102,42352
410000003026,55600
630062103,42352
410000003025,55600
630030515,42024
410000003024,55605
630030514,42024
410000003023,55605
630024716,42365
410000003032,55600
630024715,42365
410000003031,55600
630030519,41748
410000003028,55600
630030518,41748
410000003027,55600
630030517,42015
410000003036,55605
630030516,42015
410000003035,55605
630062036,42817
410000003034,55600
630062035,42828
410000003033,55600
630062034,42828
410000003040,55600
630062033,42828
410000003039,55600
638053151,48316
410000003038,55600
638053131,48037
638053121,47941
6380KEITH0,48788
638053611,48208
638053421,47929
638053192,48206
638053182,48202
638053661,48082
638053641,48226
638053631,48204
638053621,48197
638050131,48162
638053561,48207
638053551,48068
638053662,48082
630045373,45345
630032203,42267
630032202,42267
630021502,42172
630060798,42385
630066482,42366
630032146,41753
630045374,45345
630061262,43244
630060322,45266
630060321,45266
630060799,42385
6380FORRES0,47725
6380ELGIN0,48088
630060249,42508
630063671,41860
638065881,49013
638065871,49001
638065861,48996
410000003121,55605
638065851,48858
410000003118,55605
638066341,47762
410000003117,55600
638067481,47763
638066331,47779
638066321,47798
638066291,48560
638066261,47630
410000003122,55600
638066361,49032
638066351,48841
638064338,48383
638064337,48380
638066311,47838
638066301,48610
638053761,48296
638053671,48112
638053601,48225
638053592,48162
638053441,48096
638062999,48088
638053442,48088
638053771,48129
638065891,48912
638053531,48876
638053521,48061
638053461,48414
638065841,48822
638067821,47927
638065921,48150
638065901,48664
638066371,93340
638065781,47908
638065771,48807
410000003978,55605
638065772,48807
410000003977,55605
638067731,48743
410000003976,55603
638067721,47599
410000003975,55603
638067711,47689
638052211,47689
638067751,47676
638067741,47788
638052541,47788
638067862,48775
638067703,93376
638067671,47931
638067501,48002
638067491,47992
638064351,48618
638064341,48614
638064339,48035
638064342,48384
638064335,93388
638064333,93393
638064331,48622
638064321,48510
638065821,48662
638065801,47986
638065791,47921
638064336,93369
638064771,47988
638064751,48041
638064571,48032
638065831,48820
639000671,46850
639000662,46851
639000661,46851
639000652,46789
639000691,47449
639000682,46841
3100U054017,55573
639000681,46843
3100U053419,55558
639000672,46850
3100U053017,55573
639000711,46737
3100U053016,55573
639000702,46826
3100U056260,55584
639000701,46826
3100U056254,55584
639000692,47449
3100U055016,55573
639000731,46823
3100U054419,55558
639000722,46735
3100U057260,55584
639000721,46734
3100U057176,55542
639000712,46737
3100U057175,55542
639000532,46512
3100U056283,55584
639000531,46512
3100U060167,55542
639000523,46246
3100U059167,55542
639000522,46246
3100U058018,55573
639000591,46926
3100U058017,55573
639000582,46916
3100U031022,55573
639000581,46916
3100U031021,55573
639000561,47460
3100U030443,55558
639000622,46804
3100U029022,55573
639000621,46804
3100U038017,55573
639000611,46805
3100U037017,55573
639000601,46794
3100U033224,55542
639000651,46789
410000008986,55587
3100U032224,55542
639000632,46847
3100U040282,55558
639000631,47450
3100U040281,55558
639000623,46806
3100U039435,55558
639000871,46252
3100U038436,55558
639000861,46252
3100U050197,55542
639000851,46251
3100U049198,55542
639000841,46310
3100U044205,55542
639000892,46904
3100U043205,55542
639000891,46903
3100U071144,55573
639000882,47209
3100U071013,55573
639000881,47234
3100U070127,55573
639000912,46850
3100U070126,55573
639000911,47450
3100U078390,55558
639000902,46900
3100U073023,55573
639000901,46902
3100U072013,55573
639000932,46838
3100U071145,55573
639000931,46839
3100U079401,55558
639000922,46841
3100U079206,55584
639000921,46845
3100U079205,55584
639000751,46690
3100U078391,55558
639000742,46830
3100U083119,55573
639000741,46830
3100U082119,55573
639000732,46823
3100U079427,55558
639000771,46687
3100U079426,55558
639000762,46688
3100U062164,55573
639000761,46685
3100U062163,55573
639000752,46691
3100U061426,55558
639000791,46253
3100U060426,55558
639000782,46259
3100U065019,55573
639000781,46259
3100U064012,55573
639000772,46689
3100U063019,55573
639000831,46315
3100U063018,55573
639000821,46251
3100U068020,55573
639000811,46253
3100U066215,55584
639000801,46253
3100U065215,55584
639001041,46874
3100U065020,55573
639001032,46871
3100U070120,55573
639001031,46874
3100U070119,55573
639001022,46686
3100U069401,55558
639001062,46871
3100U069024,55573
639001061,46871
3100U101355,55558
639001051,46685
3100U100356,55558
639001042,46874
3100U100121,55573
639001082,46874
3100U100120,55573
639001081,46874
3100U108339,55558
639001072,46871
3100U108131,55573
639001071,46871
3100U107195,55584
639001102,46869
3100U106195,55584
639001101,46868
3100U109339,55558
639001092,46863
3100U109131,55573
639001091,46861
3100U108342,55558
639000952,46693
3100U108341,55558
639000951,46692
3100U112335,55558
639000942,46837
3100U112334,55558
639000941,46837
3100U110337,55558
639000972,46685
3100U110336,55558
639000971,46685
3100U086009,55573
639000962,46691
3100U086008,55573
639000961,46691
3100U084384,55558
639001001,46687
3100U083384,55558
639000992,46689
3100U091375,55558
639000991,46689
3100U090375,55558
639000981,46689
3100U088121,55573
639001021,46688
3100U088120,55573
639001012,46259
3100U094097,55573
639001011,46259
3100U094096,55573
639001002,46687
3100U092110,55573
639001231,47202
3100U092109,55573
639001222,47201
3100U098062,55573
639001221,47202
3100U098061,55573
639001212,47201
3100U096198,55584
639001251,46874
3100U096197,55584
639001242,47202
3100U130118,55577
639001241,47202
3100U129009,55573
639001232,47202
3100U129008,55573
639001271,46259
3100U127420,55558
639001262,46874
3100U131012,55573
639001261,46874
3100U131011,55573
639001252,46874
3100U131010,55573
639001291,47175
3100U131009,55573
639001284,46874
3100U134417,55558
639001282,46874
3100U132303,55584
639001281,47159
3100U132302,55584
639001141,46879
3100U131118,55577
639001131,46845
3100U137284,55584
639001121,46853
3100U137109,55577
639001111,46884
3100U137108,55577
639001171,47232
3100U136284,55584
639001161,47229
3100U117122,55573
639001152,46492
3100U116122,55573
639001151,43808
3100U113002,55573
639001191,47214
3100U113001,55573
639001182,47209
3100U124336,55558
639001181,47208
3100U121336,55558
639001172,47232
3100U120336,55558
639001211,47202
3100U118335,55558
639001202,47203
3100U125424,55558
639001201,47203
3100U125419,55558
639001192,47200
3100U125336,55558
638051031,48665
3100U125007,55573
638055061,48665
3100U127419,55558
638055132,48343
3100U126335,55558
638055133,48343
3100U126007,55573
638053041,48411
3100U125425,55558
638053042,48405
3100T994521,55553
638064253,48193
3100T994520,55553
638064252,48193
3100T994513,55553
639000011,46770
3100T993545,55556
638053242,48852
3100T994539,55556
638053241,48852
3100T994535,55554
638053231,47799
3100T994533,55554
639000031,46751
3100T994527,55554
639000022,46770
3100T995277,55542
639000021,46775
3100T995276,55542
639000012,46796
3100T994546,55556
638063215,48651
3100T994540,55556
638063214,48651
3100T995282,55542
638063194,47827
3100T995281,55542
638063195,47827
3100T995280,55542
638063188,48962
3100T995279,55542
638063187,48962
3100T992546,55556
638063217,47946
3100T992545,55556
638063216,47946
3100T992544,55556
638063184,49055
3100T992528,55554
638063183,48976
3100T993512,55553
638063186,48709
3100T993417,55558
638063185,48709
3100T993014,55573
638063191,47961
3100T992547,55556
638063189,47961
3100T993524,55554
638063192,49048
3100T993518,55553
638063193,49048
3100T993517,55553
639000131,46666
3100T993515,55553
639000122,46668
3100T993542,55556
639000121,46668
3100T993538,55554
639000112,46694
3100T993537,55554
639000151,46683
3100T993525,55554
639000142,46666
3100T997293,55542
639000141,46682
3100T997292,55542
639000132,46667
3100T997024,55573
639000172,46644
3100T996542,55556
639000171,46644
3100T997516,55558
639000162,46490
3100T997515,55558
639000161,46490
3100T997514,55558
639000192,46644
3100T997513,55558
639000191,46643
3100T998516,55558
639000182,46644
3100T998325,55542
639000181,46644
3100T998024,55573
639000051,46743
3100T997529,55554
639000042,46746
3100T999508,55558
639000041,46634
3100T999433,55558
639000032,46773
3100T999432,55558
639000071,46713
3100T999325,55558
639000062,46713
3100T995532,55554
639000061,46713
3100T995531,55554
639000052,46743
3100T995516,55553
639000090,46716
3100T995514,55553
639000082,46714
3100T995541,55556
639000081,46714
3100T995535,55554
639000072,46713
3100T995534,55554
639000111,46694
3100T995533,55554
639000102,46495
3100T995545,55556
639000101,46495
3100T995544,55556
639000091,46716
3100T995543,55556
639000292,46508
3100T995542,55556
639000291,46511
3100T996529,55554
639000282,46505
3100T996516,55553
639000281,46507
3100T996513,55558
639000312,46634
3100T996279,55542
639000311,46748
3100U002399,55558
639000302,46561
3100U002397,55558
639000301,46632
410000008503,55587
3100U002396,55558
639000332,46773
410000008502,55587
3100U002264,55542
639000331,46774
3100U002514,55558
639000322,46747
3100U002513,55558
639000321,46745
410000008514,55587
3100U002509,55558
639000352,46814
410000008513,55587
3100U002503,55558
639000351,46803
3100U003517,55558
639000342,46770
3100U003512,55558
639000341,46777
3100U003511,55558
639000221,46665
3100U003399,55558
639000211,46683
3100U004497,55558
639000202,46682
3100U004496,55558
639000201,46682
3100U004388,55558
639000233,46665
3100U004387,55558
639000232,46665
3100U000416,55558
639000231,46665
3100T999530,55554
639000222,46665
3100T999517,55558
639000252,46495
3100T999516,55558
639000251,46494
3100U001352,55558
639000242,46665
3100U001263,55542
639000241,46665
3100U000508,55558
639000271,46509
3100U000451,55558
639000262,46499
3100U001503,55558
639000261,46645
3100U001450,55558
639000253,46493
3100U001416,55558
639000452,46667
3100U001353,55558
639000451,46666
3100U001518,55558
639000442,46668
3100U001517,55558
639000441,46667
3100U001516,55558
639000472,46681
3100U001515,55558
639000471,46675
3100U009511,55558
639000462,46682
3100U007513,55558
639000461,46682
3100U007512,55558
639000501,46680
3100U007491,55558
639000491,46248
3100U012395,55558
639000482,46680
3100U011478,55558
639000481,46680
3100U011477,55558
639000521,46247
3100U011395,55558
639000512,46249
3100U020457,55558
639000511,46249
3100U018398,55558
639000502,46669
410000008975,55587
3100U015468,55558
639000372,46785
3100U015467,55558
639000371,46791
3100U028445,55558
639000362,46793
3100U028022,55573
639000361,46793
3100U024034,55573
639000392,47445
3100U020458,55558
639000391,46740
3100U005494,55558
639000382,46783
3100U005493,55558
639000381,47444
3100U005288,55542
639000412,46738
3100U004517,55558
639000411,46738
3100U006026,55573
639000402,46739
3100U005515,55558
639000401,46739
3100U005514,55558
639000432,46695
3100U005495,55558
639000431,46697
3100U006469,55558
639000422,46706
3100U006468,55558
639000421,47477
3100U006288,55542
638062968,48250
3100U006027,55573
638055339,48250
3100U007376,55558
638055335,48193
3100U007375,55558
638055336,48088
3100U006493,55558
638055334,92003
3100U006491,55558
638064021,47931
3100T936475,55546
638052293,47931
3100T935503,55553
638052993,48323
3100T935502,55553
638052251,48034
3100T935338,55542
638055502,48059
3100T938492,55553
638055503,48068
3100T937475,55546
638053393,93313
3100T937426,55546
638052321,47987
3100T937425,55546
638052311,47908
3100T943490,55553
638052191,48845
3100T943485,55553
638052171,48845
3100T942485,55553
638066392,48813
3100T938493,55553
638066391,48813
3100T946316,55542
638051621,48685
3100T945506,55553
638061622,48685
3100T945505,55553
638067881,48839
3100T944490,55553
638067901,48874
3100T928394,55546
638067902,48874
3100T927394,55546
638067891,48847
3100T925466,55546
638055332,48815
3100T924466,55546
638055333,92003
3100T931357,55542
638052161,48849
3100T930357,55542
638067911,48849
3100T929470,55546
638053721,48113
3100T929469,55546
638055337,48087
3100T933384,55546
638055172,48827
3100T933338,55542
638055338,48090
3100T932498,55553
638050631,48769
3100T931498,55553
638051331,47689
3100T935047,55573
638053051,48429
3100T935046,55573
638053052,48404
3100T934384,55546
638050601,48239
3100T934338,55542
638050612,48767
3100T956037,55573
638050611,48767
3100T956027,55573
638050632,48770
3100T955466,55546
638066281,47597
3100T955027,55573
638050592,48189
3100T957297,55542
638050591,48190
3100T956466,55546
638050602,48243
3100T956297,55542
638055381,47737
3100T956038,55573
638051232,47737
3100T958526,55552
638051231,47737
3100T958525,55552
638066282,47597
3100T957509,55553
638052271,48346
3100T957508,55553
638065811,48318
3100T966527,55552
638052333,47891
3100T965545,55552
638052331,47891
3100T965465,55553
638051351,47679
3100T964465,55553
638051341,47689
3100T947315,55542
638052301,47921
3100T946443,55546
638052281,48023
3100T946442,55546
638051421,47700
3100T946374,55542
638051411,47722
3100T951037,55573
638051362,47704
3100T951036,55573
638051361,47703
3100T948375,55542
638066611,48348
3100T947374,55542
638053711,47723
3100T953500,55553
638053712,47723
3100T953499,55553
638051431,47699
3100T952524,55552
638051042,48535
3100T951524,55552
638051151,47719
3100T954550,5796
638051162,47714
3100T954508,55553
638051161,47714
3100T954507,55553
638053742,47834
3100T953550,5796
638053791,47834
3100T984006,55573
638055071,47719
3100T984005,55573
638051041,48535
3100T983542,55554
638050165,47944
3100T983541,55554
638051071,92005
3100T985515,55553
638051072,92005
3100T985514,55553
638053781,47934
3100T984516,55553
638050182,48090
3100T984514,55553
638050179,48061
3100T986523,55553
638050163,48194
3100T986076,55573
638050164,48081
3100T985517,55553
638050641,48780
3100T985516,55553
638053222,48164
3100T987279,55542
638053221,48164
3100T987076,55573
638050662,48741
3100T987006,55573
638051112,47832
3100T986552,55556
638051121,47719
3100T976563,5851
638051122,47719
3100T976289,55542
638050651,48787
3100T966545,55552
638051082,92004
3100T966528,55552
638051101,47937
3100T979515,55553
638051102,47938
3100T979514,55553
638051111,47835
3100T977563,5851
638051181,47604
3100T977289,55542
638053741,47607
3100T981490,55558
638051241,47755
3100T981489,55558
638051081,92004
3100T980543,55554
638063212,47782
3100T979543,55554
638063213,47782
3100T982557,55556
638051912,48159
3100T982516,55553
638060864,47820
3100T981557,55556
638060858,47875
3100T981516,55553
638060862,47821
3100T991511,55553
638060861,47821
3100T991509,55553
638063835,48724
3100T991285,55542
638063342,48354
3100T991284,55542
638060857,47885
3100T991516,55553
638068056,47885
3100T991515,55553
638060859,47875
3100T991514,55553
638063197,92016
3100T991513,55553
638063196,92016
3100T992280,55542
638063199,48561
3100T992014,55573
638063198,48561
3100T991546,55556
638050176,48227
3100T991526,55554
638050166,48193
3100T992527,55554
638050177,48230
3100T992526,55554
638050183,48230
3100T992518,55553
638050169,48065
3100T992516,55553
638050173,48234
3100T988006,55573
638050174,48227
3100T987523,55553
638050175,48227
410000008354,55587
3100T987522,55553
638061732,47785
410000008353,55587
3100T987516,55553
638050178,48230
3100T989508,55553
638050167,48192
3100T989505,55553
638050168,48193
3100T988550,55556
638060863,47820
3100T988505,55553
638060866,54787
3100T990281,55542
638060865,54787
3100T990280,55542
638061733,47785
3100T989553,55556
638052822,48271
3100T989509,55553
638052821,48271
3100T991281,55542
638052871,47854
3100T991279,55542
638052872,47854
3100T990549,55556
638052901,47850
3100T990515,55553
638052841,47861
410000007188,55585
638052842,47860
638052831,47862
638052921,47849
638052911,47850
638052912,47850
638052902,47850
638052892,47850
638052891,47850
638052881,47851
638052922,47850
638052992,48345
638052991,48322
638052981,48348
638052971,47947
638053002,48340
410000007173,55570
638052941,47964
410000007172,55570
638052932,47850
638052931,47850
638053031,48765
638053011,48324
638053012,48325
638053001,48340
638052861,47855
638052862,47855
638052852,47858
638052851,47858
638052061,48051
638067893,48876
638052141,48876
638052131,48871
638051572,48407
638063345,48053
3100CHHL1,55584
638052071,48053
3100CHHL0,55584
638052062,48051
3100BRWCKUT0,55554
638051591,48414
3100BRDNML0,55541
638051582,48407
3100CRMLNGT0,55606
638051581,48407
3100CRBG2,55555
638051571,48407
3100CRBG1,55555
638051811,48142
3100CRBG0,55555
638051561,48418
3100HLTWHST1,55541
638051541,49015
3100HLTWHST0,55541
638051592,48414
3100HEXHAM0,55548
638051911,48160
3100CRMLNGT1,55606
638051901,48850
3100PEGSWD1,55572
638051902,48848
410000007951,55570
3100PEGSWD0,55572
638052561,47799
410000007950,55570
3100HYDB1,55541
638051871,48853
3100HYDB0,55541
638052052,48046
638052051,48044
638051921,47762
638051891,48849
638051892,48849
410000007952,55570
638051881,48849
638051872,48853
638052123,48871
638052121,48831
638052081,48868
638052082,48870
638052471,47602
638052461,47656
3100ALNMOTH1,55584
638052451,47602
3100ALNMOTH0,55584
638052441,47656
638052241,93385
638067701,93385
3100T799383,5533
638052231,93337
3100T798383,5533
638052221,47673
3100T782012,55543
638051051,48543
3100T780015,5267
638051052,48543
3100T858393,55542
638051062,92007
3100T858392,55542
638051061,92007
3100T826386,5667
638053544,48128
3100T825386,5667
638053543,48128
3100T872415,5740
638053542,48119
3100T871414,5740
638053541,48128
3100T861394,55542
638051601,48414
3100T860393,55542
638051602,48414
3100T880426,5740
638051862,48870
3100T880425,5740
638051861,48870
3100T874386,55542
638052401,48610
3100T874385,55542
638052391,48477
3100RIDNGML1,55562
638052392,48457
410000008071,55587
3100RIDNGML0,55562
638051611,92003
3100PRUDHOE1,55562
638052381,48479
3100PRUDHOE0,55562
638052382,48479
3100T713049,5267
638052361,48706
410000008075,55587
3100T698067,5267
638052351,48599
410000008074,55587
3100STCKSFL1,55562
638052431,47604
410000008073,55587
3100STCKSFL0,55562
638052552,47788
410000008072,55587
3100T748033,5267
638052531,47808
3100T748032,5267
638052501,47646
3100T734437,5267
638053482,48129
3100T734037,5267
638053502,48070
3100T771023,5267
638053501,48070
3100T771022,5267
638053651,48083
3100T764028,5267
638050021,48154
3100T763028,5267
638052521,47694
3100T913382,55542
638055081,47699
3100T913381,55542
638053481,48129
3100T911470,55546
638050571,48717
3100T911469,55546
638050581,48391
3100T916382,55542
638062953,48391
3100T916302,55542
638050022,48154
3100T915381,55542
638062952,47944
3100T914347,55542
638050411,47944
3100T922480,55546
638053322,47601
3100T922057,55543
638053321,47599
3100T921063,55573
638052202,47738
3100T921062,55573
638053547,48128
3100T923467,55546
638053546,48128
3100T923466,55546
638053545,48128
3100T923057,55543
638053341,47692
3100T922481,55546
638052421,47670
3100T889379,55542
638052422,47671
3100T889378,55542
638052201,47738
3100T885326,55542
638053452,48736
3100T881426,5740
638053451,48736
3100T898340,55542
638053311,47692
3100T894377,55542
638053351,47692
3100T894376,55542
638050161,48116
3100T890340,55542
638050162,48086
3100T906082,55546
638053471,92018
3100T905304,55542
638053472,92009
3100T899474,55546
639003503,46336
3100T899473,55546
639003502,46340
3100T909475,55546
639003501,46339
3100T909457,55546
639003472,46063
3100T909456,55546
639003522,47550
3100T906474,55546
639003521,47551
3100Y686616,55520
639003512,47526
3100Y686602,55520
639003511,47544
3100Y686599,55520
639003544,46582
3100Y685602,55520
639003541,47550
3100Y688595,55520
639003534,46582
3100Y687599,55520
639003533,46582
3100Y687595,55520
639003591,47102
3100Y686617,55520
639003562,47476
3100Y689653,55520
639003561,47476
3100Y689643,55520
639003551,47135
3100Y689502,55534
639003361,47109
3100Y688643,55520
639003352,47117
3100Y693493,55534
639003351,47117
3100Y693492,55534
639003342,47117
3100Y690502,55534
639003401,47096
3100Y689654,55520
639003391,47096
3100Y679523,55534
639003381,47096
3100Y679522,55534
639003371,47096
3100Y678524,55534
639003441,86012
3100Y677539,55534
639003431,86012
3100Y681592,55520
639003421,47096
3100Y681519,55534
639003411,47096
3100Y680592,55520
639003471,46061
3100Y680519,55534
639003462,47496
3100Y684607,55520
639003461,47496
3100Y684606,55520
639003451,86011
3100Y682636,55520
639003681,47417
3100Y682635,55520
639003672,47405
3100Y685596,55520
639003671,47415
3100Y685595,55520
639003662,47403
3100Y685511,55534
639003701,97015
3100Y685510,55534
639003692,47400
3100Y704638,55541
639003691,47399
3100Y703637,55541
639003682,47415
3100Y702638,55541
639003722,47424
3100Y701642,55541
639003721,47424
3100Y707640,55541
639003712,47418
3100Y706640,55541
639003711,47418
3100Y705639,55541
639003742,47035
3100Y704639,55541
639003741,47028
3100Y708870,55543
639003732,47035
3100Y708658,55541
639003731,47035
3100Y707883,55543
639003611,47474
3100Y707658,55541
639003602,47152
3100Y713641,55541
639003601,47152
3100Y710642,55541
639003592,47102
3100Y710641,55541
639003631,47372
3100Y708871,55543
639003623,47155
3100Y695655,55520
639003622,47465
3100Y695654,55520
639003612,47153
3100Y695490,55534
639003643,47377
3100Y695489,55534
639003642,47376
3100Y698635,55520
639003641,47378
3100Y698585,55520
639003632,47371
3100Y697635,55520
639003661,47404
3100Y697585,55520
639003653,47402
3100Y699631,55520
639003652,47401
3100Y699630,55520
639003651,47401
3100Y698866,55543
639003861,46624
3100Y698639,55520
639003851,46623
3100Y699866,55543
639003841,46624
3100Y699639,55520
639003832,46640
3100Y699636,55520
639003901,47035
3100Y699635,55520
639003891,46640
3100Y732859,55543
639003881,46627
3100Y731859,55543
639003871,46627
3100Y729663,55541
639003941,46627
3100Y729662,55541
639003931,46627
3100Y738640,55541
639003921,46640
3100Y738639,55541
639003911,46640
3100Y738638,55541
639003971,46640
3100Y737640,55541
639003962,47035
3100Y742639,55541
639003961,46994
3100Y742638,55541
639003951,46627
3100Y741639,55541
639003762,47035
3100Y741638,55541
639003761,47035
3100Y748640,55541
639003752,47035
3100Y747640,55541
639003751,47035
3100Y744667,55541
639003791,47036
3100Y744666,55541
639003782,47036
3100Y714659,55541
639003781,47036
3100Y714641,55541
639003772,47035
3100Y714631,55541
639003811,47036
3100Y714630,55541
639003802,47036
3100Y721661,55541
639003801,47036
3100Y715660,55541
639003792,47036
3100Y715659,55541
639003831,46640
3100Y714660,55541
639003822,47035
3100Y723873,55543
639003821,47035
3100Y722865,55543
639003812,47036
3100Y722661,55541
639004062,46610
3100Y721865,55543
639004061,46610
3100Y726662,55541
639004052,46610
3100Y726661,55541
639004051,46610
3100Y725638,55541
639004091,47035
3100Y725637,55541
639004081,47036
3100Y766644,55541
639004072,47035
3100Y765644,55541
639004071,47035
3100Y764643,55541
639004131,46936
3100Y763643,55541
639004122,46921
3100Y768673,55541
639004121,46922
3100Y767644,55541
639004101,47035
3100Y766663,55541
639004162,46913
3100Y766645,55541
639004161,46935
3100Y771645,55541
639004152,46927
3100Y770858,55543
639004151,46927
3100Y770645,55541
639003991,46622
3100Y769673,55541
639003982,46626
3100Y774646,55541
639003981,46627
3100Y774554,55534
639003972,46640
3100Y773646,55541
639004011,46610
3100Y771858,55543
639004002,46620
3100Y751668,55541
639004001,46623
3100Y750668,55541
639003992,46617
3100Y748668,55541
639004022,46610
3100Y748667,55541
639004021,46610
3100Y753671,55541
639004013,46610
3100Y753670,55541
639004012,46610
3100Y753669,55541
639004042,46610
3100Y753668,55541
639004041,46610
3100Y755642,55541
639004031,86011
3100Y754663,55541
639004023,46610
3100Y754662,55541
639002712,86002
3100Y754642,55541
639002711,86002
3100Y758670,55541
639002702,86001
3100Y758642,55541
639002701,86001
3100Y757670,55541
639002741,86005
3100Y757642,55541
639002731,86005
3100U261044,55584
639002722,86004
3100U261039,55584
639002721,86004
3100U260044,55584
639002781,86007
3100U258198,55584
639002771,86008
3100U261134,55584
639002761,47360
3100U261132,55584
639002751,47360
3100U261131,55584
639002811,46444
3100U261126,55584
639002801,86005
3100U262044,55584
639002792,86005
3100U262043,55584
639002791,86007
3100U262041,55584
639002631,46478
3100U261135,55584
639002622,46478
3100U265142,55584
639002621,46478
3100U265044,55584
639002611,46466
3100U264140,55584
639002651,46967
3100U264139,55584
639002642,46478
3100U252145,55584
639002641,46478
3100U251175,55584
639002632,46478
3100U250175,55584
639002671,47272
3100U249199,55584
639002662,47121
3100U254190,55584
639002661,47121
3100U254144,55584
639002652,46965
3100U254125,55584
639002692,47380
3100U253000,55604
639002691,47393
3100U256178,55584
639002682,47381
3100U256177,55584
639002681,47379
3100U255125,55584
639002922,46444
3100U254191,55584
639002921,46444
3100U257199,55584
639002912,46444
3100U257037,55584
639002911,46444
3100U257036,55584
639002942,46583
3100U256200,55584
639002941,46583
3100U418613C,55584
639002932,46452
3100U418613B,55584
639002931,46451
3100U418613A,55584
639002962,46587
3100U285030,55604
639002961,46587
3100U418613X,55584
639002952,46587
3100U418613F,55584
639002951,46587
3100U418613E,55584
639002982,46587
3100U418613D,55584
639002981,46587
3100WYLAM1,55570
639002972,46587
3100WYLAM0,55570
639002971,46587
3100WDRNGTN1,55604
639002851,46444
3100WDRNGTN0,55604
639002841,46444
3100Y627934,5264
639002831,46444
3100Y626934,5264
639002822,46444
3100Y626639,55520
639002871,46444
3100Y292610,55541
639002862,46444
3100U267018,55604
639002861,46444
3100U266198,55584
639002852,46444
3100U266142,55584
639002883,46444
3100U266044,55584
639002881,46444
3100U268028,55584
639002880,46444
3100U267024,55604
639002872,46444
3100U267023,55604
639002902,46444
3100U267019,55604
639002901,46444
3100U270042,55584
639002892,46444
3100U270029,55584
639002891,46444
3100U270028,55584
639003092,47559
3100U268029,55584
639003091,47559
3100U280028,55604
639003082,47508
3100U276031,55584
639003081,47501
3100U276030,55584
639003112,47032
3100U275042,55584
639003111,47027
3100Y651587,55520
639003102,47034
3100Y650663,55520
639003101,47030
3100Y650662,55520
639003131,47314
3100Y650587,55520
639003122,47276
3100Y653585,55520
639003121,47276
3100Y652896,5266
639003113,47041
3100Y652895,5266
639003151,47295
3100Y652585,55520
639003142,47315
3100Y657659,55520
639003141,47382
3100Y657658,55520
639003132,47296
3100Y655662,55520
639003011,46587
3100Y655661,55520
639003001,46587
3100Y658654,55520
639002992,46587
3100Y658651,55520
639002991,46587
3100Y658585,55520
639003031,46587
3100Y658584,55520
639003022,46587
3100Y631930,5265
639003021,46587
3100Y630931,5265
639003012,46587
3100Y628935,5264
639003052,46587
3100Y628643,55520
639003051,46587
3100Y634663,55520
639003041,46587
3100Y632935,5265
639003032,46587
3100Y632930,5265
639003072,46609
3100Y631931,5265
639003071,46607
3100Y642587,55520
639003062,46585
3100Y640648,55520
639003061,46591
3100Y640647,55520
639003261,47474
3100Y634664,55520
639003252,47374
3100Y650586,55520
639003251,47374
3100Y646663,55520
639003242,47372
3100Y645663,55520
639003281,47149
3100Y642588,55520
639003272,47153
3100Y669654,55520
639003271,47153
3100Y668658,55520
639003262,47473
3100Y668654,55520
639003301,47118
3100Y667659,55520
639003292,47553
3100Y671583,55520
639003291,47553
3100Y670642,55520
639003282,47149
3100Y670641,55520
639003341,47100
3100Y670584,55520
639003331,47118
3100Y675542,55534
639003321,47118
3100Y674543,55534
639003311,47118
3100Y671586,55520
639003163,47396
3100Y671585,55520
639003162,47398
3100Y677538,55534
639003161,47395
3100Y677524,55534
639003152,47277
3100Y676542,55534
639003191,47415
3100Y675543,55534
639003181,47405
3100Y659654,55520
639003172,47414
3100Y659653,55520
639003171,47414
3100Y659651,55520
639003213,47414
3100Y658655,55520
639003212,47414
3100Y660650,55520
639003211,47414
3100Y660649,55520
639003201,47406
3100Y659871,5267
639003241,47377
3100Y659870,5267
639003232,47401
3100Y665645,55520
639003231,47401
3100Y663647,55520
639003221,47414
3100Y662647,55520
639002012,47233
3100Y660877,5267
639002011,47233
3100Y667658,55520
639002002,47267
3100Y666645,55520
639002001,47267
3100Y666586,55520
639002032,47209
3100Y666585,55520
639002031,47209
3100U211186,55584
639002022,47247
3100U211082,55584
639002021,47247
3100U210323,55584
639002052,47366
3100U210315,55584
639002051,47349
3100U212314,55584
639002042,47288
3100U212285,55584
639002041,47288
3100U212284,55584
639002072,47346
3100U212230,55584
639002071,47321
3100U215317,55584
639002062,47348
3100U213230,55584
639002061,47347
3100U213170,55584
639001931,46558
3100U212315,55584
639001922,46559
3100U218319,55584
639001921,46558
3100U217267,55584
639001912,46557
3100U217266,55584
639001951,46635
3100U216317,55584
639001942,46569
3100U203142,55584
639001941,46570
3100U203084,55577
639001932,46558
3100U203083,55577
639001972,46968
3100U200127,55584
639001971,46968
3100U204334,55584
639001961,46970
3100U203334,55584
639001952,46571
3100U203202,55584
639001992,47250
3100U203143,55584
639001991,47256
3100U208124,55584
639001982,46972
3100U207124,55584
639001981,46972
3100U206083,55584
639002191,46830
3100U206082,55584
639002182,46858
3100U210314,55584
639002181,46855
3100U210186,55584
639002172,46859
3100U210082,55584
639002242,46512
3100U209323,55584
639002202,46726
3100U231117,55584
639002201,46720
3100U231116,55584
639002192,46829
3100U230228,55584
639002262,47004
3100U230227,55584
639002261,47004
3100U232109,55584
639002252,46523
3100U231294,55584
639002251,46523
3100U231225,55584
639002282,46998
3100U231224,55584
639002281,46998
3100U232224,55584
639002272,46998
3100U232223,55584
639002271,46998
3100U232112,55584
639002092,47489
3100U232110,55584
639002091,70100
3100U233109,55584
639002082,47325
3100U233067,55584
639002081,47325
3100U232294,55584
639002112,70100
3100U232248,55584
639002111,70100
3100U221317,55584
639002102,70100
3100U220317,55584
639002101,70100
3100U219320,55584
639002141,47210
3100U219318,55584
639002131,47325
3100U224066,55584
639002122,47160
3100U224065,55584
639002121,47161
3100U223249,55584
639002171,46859
3100U222250,55584
639002162,47212
3100U228234,55584
639002161,47213
3100U225245,55584
639002151,47216
3100U225244,55584
639002381,46765
3100U225125,55584
639002372,46582
3100U230150,55584
639002371,46576
3100U230121,55584
639002362,46523
3100U229293,55584
639002401,46485
3100U229292,55584
639002392,46545
3100U238118,55584
639002391,46544
3100U238110,55584
639002382,46769
3100U238003,55604
639002421,46474
3100U237118,55584
639002412,46471
3100U242064,55584
639002411,46471
3100U241149,55584
639002402,46487
3100U240092,55584
639002442,46478
3100U240091,55584
639002441,46478
3100U243015,55604
639002432,46478
3100U242149,55584
639002431,46478
3100U242148,55584
639002302,46580
3100U242147,55584
639002301,46581
3100U243152,55584
639002292,46996
3100U243143,55584
639002291,46996
3100U243120,55584
639002321,46572
3100U243064,55584
639002312,46581
3100U234018,55584
639002311,46581
3100U233217,55584
639002303,46582
3100U233112,55584
639002341,46652
3100U233110,55584
639002332,46572
3100U235109,55584
639002331,46575
3100U235018,55584
639002322,46575
3100U234217,55584
639002361,46523
3100U234067,55584
639002352,46523
3100U236116,55584
639002351,46523
3100U235251,55584
639002342,46657
3100U235177,55584
639002542,46478
3100U235110,55584
639002541,46478
3100U237110,55584
639002532,46478
3100U237003,55604
639002531,46478
3100U236177,55584
639002562,46478
3100U236117,55584
639002561,46478
3100U247004,55604
639002552,46478
3100U246105,55584
639002551,46478
3100U246103,55584
639002582,46478
3100U246060,55584
639002581,46478
3100U248016,55604
639002572,46478
3100U248003,55604
639002571,46478
3100U247060,55584
639002602,46478
3100U247015,55604
639002601,46478
3100U249025,55584
639002592,46478
3100U248063,55584
639002591,46478
3100U248056,55584
639002462,46478
3100U248055,55584
639002461,46478
3100U249198,55584
639002452,46478
3100U249147,55584
639002451,46478
3100U249063,55584
639002482,46478
3100U249026,55584
639002481,46478
3100U244015,55604
639002472,46478
3100U243156,55584
639002471,46478
3100U243155,55584
639002502,46478
3100U243153,55584
639002501,46478
3100U245012,55604
639002492,46478
3100U245011,55604
639002491,46478
3100U244143,55584
639002522,46478
3100U244108,55584
639002521,46478
3100U245108,55584
639002512,46478
3100U245079,55584
639002511,46478
3100U245078,55584
639001392,47205
3100U245015,55604
639001391,47204
3100U246012,55604
639001382,47206
3100U246011,55604
639001381,47206
3100U246010,55604
639001412,47159
3100U246009,55604
639001411,47159
3100U170218,55584
639001402,47204
3100U169231,55584
639001401,47204
3100U169230,55584
639001432,47162
3100U168258,55584
639001431,47161
3100U174349,55584
639001422,47324
3100U174348,55584
639001421,47161
3100U174068,55577
639001452,47168
3100U171218,55584
639001451,47168
3100U177204,55584
639001442,46269
3100U177070,55577
639001441,46269
3100U177022,55577
639001311,46269
3100U175068,55577
639001302,47175
3100U178126,55577
639001301,47175
3100U178070,55577
639001292,47159
3100U178022,55577
639001332,47194
3100U177207,55584
639001331,47194
3100U146343,55558
639001322,47159
3100U145343,55558
639001321,47159
3100U142335,55558
639001352,46877
3100U141335,55558
639001351,46877
3100U155350,55558
639001342,47198
3100U154350,55558
639001341,47198
3100U147343,55558
639001372,47206
3100U147342,55558
639001371,47206
3100U161250,55584
639001362,46877
3100U160250,55584
639001361,46877
3100U160119,55577
639001542,47218
3100U160118,55577
639001541,47218
3100U166236,55584
639001532,47226
3100U165238,55584
639001531,47226
3100U164033,55577
639001562,47207
3100U163033,55577
639001561,47207
3100U184002,55577
639001552,47214
3100U183009,55577
639001551,47214
3100U183008,55577
639001582,47286
3100U183005,55577
639001581,47288
3100U184176,55584
639001572,47288
3100U184175,55584
639001571,47288
3100U184134,55584
639001602,47278
3100U184005,55577
639001601,47311
3100U185136,55584
639001592,47282
3100U185135,55584
639001591,47283
3100U185002,55577
639001472,47159
3100U184255,55584
639001471,47159
3100U187123,55577
639001462,47175
3100U186269,55584
639001461,47175
3100U186131,55584
639001492,47339
3100U185269,55584
639001491,47469
3100U179348,55584
639001482,47161
3100U179145,55584
639001481,47159
3100U179132,55584
639001502,47324
3100U179130,55584
639001501,47316
3100U180145,55584
639001494,47161
3100U180132,55584
639001493,47161
3100U180130,55584
639001522,47228
3100U179349,55584
639001521,47210
3100U181133,55584
639001512,47210
3100U181132,55584
639001511,47210
3100U181129,55584
639001691,47101
3100U180349,55584
639001683,47149
3100U182132,55584
639001682,47476
3100U182129,55584
639001681,47476
3100U181349,55584
639001712,46571
3100U181135,55584
639001711,46571
3100U191122,55577
639001702,46752
3100U190345,55584
639001701,46752
3100U190149,55584
639001732,46565
3100U190148,55584
639001731,46567
3100U191129,55584
639001722,46564
3100U191127,55577
639001721,46564
3100U191125,55577
639001743,46515
3100U191123,55577
639001742,46521
3100U192085,55577
639001741,46649
3100U191345,55584
639001733,46567
3100U191131,55584
639001614,47267
3100U191130,55584
639001613,47264
3100U192128,55577
639001612,47269
3100U192127,55577
639001611,47269
3100U192124,55577
639001632,47258
3100U192086,55577
639001631,47258
3100U187209,55584
639001622,47249
3100U187131,55584
639001621,47271
3100U187125,55577
639001652,47146
3100U187124,55577
639001651,47146
3100U188346,55584
639001642,46977
3100U188209,55584
639001641,47259
3100U188122,55577
639001672,47134
3100U188120,55577
639001671,47129
3100U189131,55584
639001662,47127
3100U189126,55577
639001661,47142
3100U189121,55577
639001851,46489
3100U188347,55584
639001842,46644
3100U190132,55584
639001841,46644
3100U190130,55584
639001832,43806
3100U190129,55584
639001871,46492
3100U190122,55577
639001862,46489
3100U196086,55577
639001861,46490
3100U195124,55584
639001852,46489
3100U195120,55577
639001891,46665
3100U195119,55577
639001882,46491
3100U196116,55577
639001881,46665
3100U196089,55577
639001872,46492
3100U196088,55577
639001911,46557
3100U196087,55577
639001902,46557
3100U197127,55584
639001901,46557
3100U196124,55584
639001892,46557
3100U196123,55577
639001771,46523
3100U196122,55577
639001762,46514
3100U200126,55584
639001761,46514
3100U199127,55584
639001751,43805
3100U199086,55577
639001791,43805
3100U199085,55577
639001782,46523
3100U192226,55584
639001781,46465
3100U192133,55584
639001772,46523
3100U192132,55584
639001811,43806
3100U192129,55584
639001802,43807
3100U193122,55577
639001801,43807
3100U193121,55577
639001792,43805
3100U193086,55577
639001831,46644
3100U193085,55577
639001822,43806
3100U194119,55577
639001821,43806
3100U194118,55577
639001812,43806
3100U193243,55584
639006432,47067
3100U193128,55584
639006431,47010
3100U195117,55577
639006414,47055
3100U195089,55577
639006413,47065
3100U195088,55577
639006436,47066
3100U194128,55584
639006435,47066
3100Y951656,55548
639006434,47066
3100Y951655,55548
639006433,47067
3100Y951650,55548
639006441,47084
3100Y951638,55548
639006439,47067
3100Y952650,55548
639006438,47067
3100Y952638,55548
639006437,47067
3100Y951660,55548
639006445,47084
3100Y951659,55548
639006444,47085
3100Y955652,55548
639006443,47084
3100Y955651,55548
639006442,47084
3100Y953754,55549
639006377,46999
3100Y953753,55549
639006376,46999
3100Y957652,55548
639006375,47001
3100Y957638,55548
639006374,47001
639006391,47015
3100Y956638,55548
639006383,47007
3100Y941638,55548
639006382,47054
3100Y940642,55548
639006381,47007
3100Y940641,55548
639006402,47086
3100Y940638,55548
639006401,47086
3100Y943639,55548
639006393,47015
3100Y942639,55548
639006392,47015
3100Y941640,55548
639006412,47055
3100Y941639,55548
639006411,47055
3100Y945648,55548
639006404,47086
3100Y945647,55548
639006403,47107
3100Y945639,55548
639006541,47121
3100Y944893,55543
639006532,47079
3100Y949655,55548
639006531,47079
3100Y948655,55548
639006522,47123
3100Y946639,55548
639006781,46164
3100Y945893,55543
639006552,47079
3100Y967639,55555
639006551,47079
3100Y966639,55555
639006542,47123
639006801,46163
639006792,46162
3100Y970653,55555
639006791,46162
3100Y970577,55562
639006782,46164
3100Y970576,55562
639006821,46184
3100Y970572,55562
639006812,46160
3100Y973577,55562
639006811,46160
3100Y973576,55562
639006802,46161
3100Y971653,55555
639006453,47097
3100Y971572,55562
639006452,47093
3100Y977633,55555
639006451,47085
3100Y977632,55555
639006446,47084
3100Y976578,55562
639006463,47046
3100Y976577,55562
639006462,97015
3100Y958585,55548
639006461,47053
639006454,47066
3100Y957664,55548
639006501,47259
3100Y957662,55548
639006485,47068
3100Y959652,55548
639006484,47068
3100Y959585,55548
639006482,47068
3100Y958653,55548
639006521,47123
3100Y958652,55548
639006512,47146
3100Y960639,55548
639006511,47141
3100Y960610,55548
639006502,47259
3100Y960609,55548
639006931,46071
3100Y959673,55555
639006922,46080
639006921,46138
639006912,46140
3100Y961639,55548
639006951,46065
3100Y960673,55555
639006942,46069
3100Y987569,55562
639006941,46069
3100Y986687,55555
639006932,46071
3100Y986686,55555
639006971,46078
3100Y986651,55555
639006962,46067
3100Y987685,55555
639006961,46067
3100Y987647,55555
639006952,46065
3100Y987640,55555
639006991,46063
3100Y987639,55555
639006982,46056
3100Y988856,55543
639006981,46056
3100Y988647,55555
639006972,46060
3100Y988644,55555
639006841,46152
3100Y987686,55555
639006832,46151
3100Y989644,55555
639006831,46151
3100Y989643,55555
639006822,46155
3100Y989637,55555
639006861,46181
3100Y989636,55555
639006852,46149
3100Y980688,55555
639006851,46182
3100Y980687,55555
639006842,46150
3100Y978636,55555
639006881,46144
3100Y977635,55555
639006872,46181
3100Y983637,55555
639006871,46181
3100Y983574,55562
639006862,46192
3100Y982651,55555
639006911,46140
3100Y982650,55555
639006892,46143
3100Y984648,55555
639006891,46142
3100Y984574,55562
639006882,46144
3100Y983758,55549
639007102,86012
3100Y983638,55555
639007101,86012
3100Y986650,55555
639007092,47496
3100Y986569,55562
639007091,47496
3100Y985648,55555
639007121,46479
3100Y984758,55549
639007113,47507
3100Z001684,55555
639007112,86012
3100Z000628,55561
639007111,86013
3100Y999628,55561
639007142,86011
3100Y996845,55543
639007141,86011
3100Z004625,55561
639007132,70055
3100Z002898,55543
639007131,70054
3100Z002897,55543
639007171,46250
3100Z001685,55555
639007162,46304
3100Z006708,55555
639007161,46245
3100Z005832,55543
639007151,86010
3100Z005708,55555
639007011,46049
3100Z005625,55561
639007002,46064
3100Z011617,55562
639007001,46064
3100Z008621,55561
639006992,46063
3100Z007621,55561
639007031,46064
3100Z006832,55543
639007022,46049
3100Y992632,55555
639007021,46048
3100Y990643,55555
639007012,46049
3100Y990560,55562
639007061,47185
3100Y989856,55543
639007053,47332
3100Y994564,55562
639007052,47332
3100Y993846,55543
639007051,47177
3100Y993845,55543
639007082,47496
3100Y993632,55555
639007081,47496
3100Y995630,55555
639007072,47185
3100Y995564,55562
639007071,47185
3100Y994846,55543
639005591,47096
3100Y994845,55543
639005581,47096
3100Y996844,55543
639005571,46878
3100Y996643,55555
639005562,46444
3100Y996630,55555
639005641,47168
3100Y995643,55555
639005633,46393
3100Y909654,55547
639005631,46391
3100Y908844,55549
639005611,47096
3100Y907868,55543
639005661,46227
3100Y907867,55543
639005652,46233
3100Y909850,55543
639005651,46233
3100Y909844,55549
639005642,47168
3100Y909661,55547
639005701,46233
3100Y909660,55547
639005691,46227
3100Y912705,55549
639005672,46227
3100Y912704,55549
639005662,46227
3100Y910850,55543
639005513,47572
3100Y910654,55547
639005512,47572
3100Y915689,55547
639005511,47577
3100Y914917,55543
639005502,47136
3100Y914800,55549
639005531,47557
3100Y913917,55543
639005522,47136
3100Y902666,55547
639005521,47136
3100Y901924,55543
639005514,47572
3100Y901923,55543
639005543,47557
3100Y901666,55547
639005542,47577
3100Y903723,55549
639005541,47577
3100Y903722,55549
639005532,47557
3100Y903705,55547
639005561,46444
3100Y902705,55547
639005552,47557
3100Y904661,55547
639005551,47557
3100Y904639,55547
639005544,47558
3100Y903748,55549
639005881,46241
3100Y903747,55549
639005872,46232
3100Y905750,55549
639005871,46232
3100Y905749,55549
639005862,47193
3100Y905639,55547
639005902,46492
3100Y904662,55547
639005901,46490
3100Y920601,55547
639005892,46241
3100Y919793,55549
639005891,46241
3100Y919715,55549
639005922,46644
3100Y919711,55549
639005921,46644
3100Y921702,55549
639005912,46489
3100Y921701,55549
639005911,46489
3100Y920714,55549
639005942,46659
3100Y920602,55547
639005941,46457
3100Y922771,55549
639005932,46459
3100Y922770,55549
639005931,46458
3100Y922596,55548
639005731,46227
3100Y922595,55548
639005722,46233
3100Y924581,55548
639005721,46233
3100Y924580,55548
639005711,46233
3100Y922932,55543
639005761,46227
3100Y922931,55543
639005752,46233
3100Y916689,55547
639005751,46232
3100Y916624,55547
639005741,46232
3100Y916623,55547
639005811,46323
3100Y915800,55549
639005791,46343
3100Y917705,55549
639005781,46227
3100Y917638,55547
639005771,46227
3100Y916734,55549
639005861,47185
3100Y916733,55549
639005851,47496
3100Y918705,55549
639005841,47185
3100Y918649,55547
639005813,46351
3100Y918638,55547
639006052,46602
3100Y918581,55548
639006051,46603
3100Y919710,55549
639006042,46595
3100Y919649,55547
639006041,46593
3100Y919581,55548
639006091,46752
3100Y918793,55549
639006081,47287
3100Y927663,55547
639006062,47274
3100Y927662,55547
639006061,47275
3100Y927661,55547
639006131,46874
3100Y927639,55547
639006113,46959
3100Y928643,55547
639006112,46959
3100Y928642,55547
639006092,46752
3100Y928640,55547
639006162,46688
3100Y928635,55547
639006161,46688
3100Y928664,55547
639006142,46874
3100Y928660,55547
639006141,46874
3100Y928659,55547
639005962,46178
3100Y928644,55547
639005961,46173
3100Y929640,55547
639005952,46177
3100Y929632,55547
639005951,46177
3100Y929610,55548
639005982,46171
3100Y929609,55548
639005981,46170
3100Y925605,55548
639005972,46172
3100Y924914,55543
639005971,46174
3100Y924639,55547
639006002,46241
3100Y924630,55547
639006001,46241
3100Y925646,55547
639005992,46169
3100Y925645,55547
639005991,46165
3100Y925623,55547
639006031,47508
3100Y925622,55547
639006021,47316
3100Y926638,55547
639006012,46233
3100Y926636,55547
639006011,46233
3100Y926605,55548
639006355,46795
3100Y925914,55543
639006354,46795
3100Y927578,55548
639006353,46797
3100Y927577,55548
639006352,46797
3100Y926643,55547
639006361,46815
3100Y926639,55547
639006358,46799
3100Y93563D,55548
639006357,46800
3100Y93563C,55548
639006356,46800
3100Y93563B,55548
639006365,47003
3100Y93563A,55548
639006364,47003
3100Y935932,55543
639006363,47003
3100Y935931,55543
639006362,47003
3100Y935906,55543
639006373,47001
3100Y93563Z,55548
639006372,47004
3100Y938641,55548
639006371,46999
3100Y938640,55548
639006366,46815
3100Y937639,55548
639006211,46489
3100Y936641,55548
639006191,46478
3100Y940636,55548
639006182,46254
3100Y939641,55548
639006181,46255
3100Y939640,55548
639006261,46915
3100Y939637,55548
639006252,47074
3100Y930663,55547
639006251,47068
3100Y930623,55548
639006241,46575
3100Y930615,55548
639006282,47229
3100Y930614,55548
639006281,47229
3100Y931623,55548
639006271,47230
3100Y930718,55549
639006262,46915
3100Y930665,55547
639006351,46796
3100Y930664,55547
639006331,46964
3100Y933623,55548
639006292,46892
3100Y932635,55548
639006291,46893
3100Y932623,55548
639004971,47508
3100Y931718,55549
639004962,47509
3100Y935639,55548
639004961,47509
3100Y934906,55543
639004952,47509
3100Y934639,55548
639004991,47508
3100Y933665,55547
639004982,47508
3100Y847801,55549
639004981,47509
3100Y847800,55549
639004972,47508
3100Y847798,55549
639005011,47511
3100Y847796,55549
639005002,47508
639005001,47509
639004992,47508
3100Y848798,55549
639005031,47510
639005022,47511
639005021,47511
639005012,47511
639004871,47425
3100Y849710,55541
639004862,47419
639004861,47419
639004852,47418
3100Y850613,55541
639004911,47420
3100Y850612,55541
639004902,47422
3100Y843820,55543
639004901,47422
3100Y843819,55549
639004872,47426
3100Y843642,55541
639004931,47509
3100Y843639,55541
639004922,47512
3100Y844682,55541
639004921,47512
3100Y844681,55541
639004912,47420
3100Y844643,55541
639004951,47509
3100Y844642,55541
639004942,47509
3100Y847521,55541
639004941,47509
3100Y845643,55541
639004932,47509
3100Y844968,55543
639005132,47521
3100Y844967,55543
639005131,47432
3100Y847795,55549
639005122,47524
3100Y847524,55541
639005121,47524
3100Y847523,55541
639005152,47540
3100Y847522,55541
639005151,47540
3100Y858680,55541
639005142,47430
410000012029,55570
639005141,47434
3100Y857783,55549
639005172,47555
3100Y857680,55541
639005171,47542
639005162,47554
3100Y858954,55543
639005161,47554
410000012032,55570
3100Y858775,55549
639005192,47509
410000012031,55570
3100Y858774,55549
639005191,47509
410000012030,55570
3100Y859771,55549
639005182,47555
3100Y859660,55541
639005181,47555
3100Y859659,55541
639005052,47557
639005051,47557
3100Y861770,55549
639005042,47509
3100Y860770,55549
639005041,47509
3100Y859954,55543
639005072,47539
3100Y859772,55549
639005071,47539
639005062,47556
410000012012,55570
639005061,47556
639005092,47516
639005091,47516
639005082,47532
639005081,47532
639005112,47515
639005111,47515
410000012013,55570
3100Y854959,55543
639005102,47512
3100Y854958,55543
639005101,47512
3100Y852813,55549
639005293,70041
3100Y852812,55549
639005292,70041
639005291,46387
3100Y856783,55549
639005282,46259
410000012057,55570
3100Y855826,55543
639005311,46393
410000012056,55570
3100Y855825,55543
639005303,70041
410000012055,55570
3100Y877741,55549
639005302,46326
3100Y877740,55549
639005301,46326
3100Y877679,55541
639005322,47558
3100Y877678,55541
639005321,47543
3100Y880618,55541
639005313,46393
3100Y880617,55541
639005312,46393
3100Y878781,55549
639005343,46351
3100Y878780,55549
639005342,46351
3100Y881915,55543
639005332,47558
3100Y881678,55541
639005331,47558
3100Y880915,55543
639005212,47558
3100Y880678,55541
639005211,47558
3100Y884734,55549
639005202,47543
3100Y884619,55541
639005201,47543
3100Y884618,55541
639005232,47421
3100Y883734,55549
639005231,47421
3100Y868679,55541
639005222,47557
3100Y866822,55549
639005221,47557
3100Y865822,55549
639005252,86008
3100Y865713,55541
639005251,86008
3100Y870755,55549
639005242,86007
3100Y870670,55541
639005241,47421
3100Y869755,55549
639005281,46259
3100Y869679,55541
639005272,46334
3100Y873916,55543
639005271,46327
410000012054,55570
3100Y871939,55543
639005261,86009
410000012053,55570
3100Y871670,55541
639005432,46385
410000012052,55570
3100Y870939,55543
639005431,46385
3100Y874937,55543
639005424,46311
3100Y874916,55543
639005423,46311
3100Y874679,55541
639005461,47381
410000012975,55570
3100Y874678,55541
639005452,47376
3100Y892679,55547
639005451,47376
3100Y891868,55543
639005433,46384
3100Y891735,55549
639005481,47375
3100Y891709,55547
639005472,47372
3100Y893679,55547
639005471,47372
3100Y893678,55547
639005462,47401
3100Y892868,55543
639005501,47136
3100Y892680,55547
639005492,47557
3100Y897631,55547
639005491,47557
3100Y896631,55547
639005482,47373
3100Y895628,55547
639005361,46779
3100Y894628,55547
639005352,46393
3100Y900727,55549
639005351,46393
3100Y900726,55549
639005344,46351
3100Y897861,55543
639005382,47511
3100Y897860,55543
639005381,47510
3100Y886679,55547
639005371,46772
3100Y886678,55547
639005362,47454
3100Y885931,55543
639005411,46231
3100Y885930,55543
639005401,47511
3100Y888866,55543
639005392,47510
3100Y888865,55543
639005391,47510
3100Y888679,55547
639005422,46218
3100Y888678,55547
639005421,46218
3100Y888930,55543
639005413,46227
3100Y888885,55543
639005412,46228
3100Y888884,55543
639004321,47355
3100Y888872,55543
639004311,47359
3100Y890735,55549
639004303,47360
3100Y890709,55547
639004302,47370
3100Y889930,55543
639004341,47351
3100Y889872,55543
639004332,47356
3100Y781669,55541
639004331,47353
3100Y781646,55541
639004322,47357
3100Y781645,55541
639004361,47330
3100Y781573,55541
639004352,47343
3100Y782576,55541
639004351,47343
3100Y782532,55534
639004342,47350
3100Y781679,55541
639004382,47160
3100Y781678,55541
639004381,47159
3100Y785580,55541
639004372,47469
3100Y785579,55541
639004371,47163
3100Y785517,55534
639004191,46960
3100Y783576,55541
639004182,47494
3100Y788853,55543
639004172,46907
3100Y788510,55534
639004171,46908
3100Y787510,55534
639004211,46940
3100Y786517,55534
639004202,46963
3100Y776563,55541
639004201,46963
3100Y775859,55543
639004192,46960
3100Y775858,55543
639004271,47298
3100Y775554,55534
639004253,47297
3100Y779545,55534
639004231,46359
3100Y778646,55541
639004212,46939
3100Y778545,55534
639004301,47368
3100Y776564,55541
639004282,47290
3100Y780570,55541
639004281,47292
3100Y779646,55541
639004272,47298
3100Y779568,55541
639004491,46264
3100Y779567,55541
639004482,46358
3100Y781570,55541
639004481,46358
3100Y781532,55534
639004473,46352
3100Y780669,55541
639004512,46264
3100Y780573,55541
639004511,46264
639004501,46262
639004492,46262
639004532,46264
639004531,46264
639004522,46264
639004521,46264
3100Y802691,55541
639004552,46260
3100Y802690,55541
639004551,46265
639004542,46264
639004541,46264
639004411,47174
639004401,47501
3100Y809848,55543
639004392,47173
3100Y806597,55541
639004391,47168
3100Y806596,55541
639004432,46269
639004431,46268
3100Y794684,55541
639004422,46292
3100Y791856,55543
639004421,47167
3100Y791855,55543
639004452,46260
3100Y788854,55543
639004451,46265
3100Y796686,55541
639004442,46283
3100Y795684,55541
639004441,46283
639004472,46260
639004471,46260
3100Y797686,55541
639004462,46267
3100Y797649,55541
639004461,46267
3100Y797648,55541
639004651,46359
639004642,46358
639004641,46358
3100Y798588,55541
639004631,46073
3100Y798587,55541
639004672,46362
639004671,46362
3100Y829981,55543
639004662,46360
3100Y829681,55541
639004661,46360
3100Y829680,55541
639004676,46361
3100Y829610,55541
639004675,46361
3100Y831608,55541
639004674,46301
3100Y830618,55541
639004673,46288
3100Y830573,55541
639004692,46367
3100Y830572,55541
639004691,46367
3100Y834568,55541
639004682,46375
3100Y833833,55543
639004681,46366
3100Y832979,55543
639004562,46285
3100Y831979,55543
639004561,46285
3100Y835624,55541
639004554,46285
3100Y835568,55541
639004553,46285
3100Y834833,55543
639004582,46285
3100Y834829,55543
639004581,46285
3100Y818605,55541
639004572,46285
3100Y816700,55541
639004571,46285
3100Y815700,55541
639004602,46285
3100Y809849,55543
639004601,46285
3100Y826614,55541
639004592,46266
3100Y824613,55541
639004591,46265
3100Y823613,55541
639004622,46260
3100Y818606,55541
639004621,46260
3100Y828577,55541
639004612,46278
3100Y828576,55541
639004611,46285
3100Y827614,55541
639004764,46401
3100Y827579,55541
639004763,46401
3100Y829584,55541
639004762,46411
3100Y828981,55543
639004761,46411
3100Y828584,55541
639004782,46400
3100Y828579,55541
639004781,46400
3100Y839832,55543
639004772,46403
3100Y839645,55541
639004771,46403
3100Y839560,55541
639004811,46391
3100Y839559,55541
639004802,46399
3100Y841630,55541
639004801,46399
3100Y840563,55541
639004791,46400
3100Y840562,55541
639004851,47418
3100Y839833,55543
639004831,46232
3100Y842630,55541
639004822,46388
3100Y841972,55543
639004821,46388
3100Y841971,55543
639004712,46387
3100Y841642,55541
639004711,46416
3100Y843638,55541
639004702,46380
639004701,46377
639004732,46394
3100Y842642,55541
639004731,46395
3100Y835836,55543
639004722,46391
3100Y835829,55543
639004721,46392
3100Y835826,55543
639004737,46404
3100Y835626,55541
639004736,46399
3100Y836626,55541
639004734,46404
3100Y836624,55541
639004733,46399
3100Y836566,55541
639004752,46404
3100Y836558,55541
639004751,46404
3100Y837558,55541
639004742,46400
3100Y837556,55541
639004741,46400
3100Y837555,55541
630040591,45426
3100Y836826,55543
630040582,45419
3100Y838833,55543
630040581,45419
3100Y838832,55543
630040571,45222
3100Y837836,55543
630040611,45462
3100Y837566,55541
630040602,45475
630040601,45489
630040592,45427
630040631,45606
630040622,45483
630040621,45460
630040612,45490
630040651,46003
630040642,45651
630040641,45650
630040632,45608
630040501,45592
630040491,45709
630040482,45709
630040481,45709
630040511,45950
630040504,45706
630040503,45705
630040502,45592
630040541,45397
630040532,45399
630040531,45399
630040512,45947
630040562,45217
630040561,45216
630040552,45396
630040551,45396
630040772,45918
630040771,45918
630040762,45918
630040761,45918
630041211,45901
630041201,45899
630040782,45918
630040781,45918
630041232,45918
630041231,45918
630041221,45918
630041212,45901
630041261,45918
630041251,45918
630041242,45918
630041241,45918
630040671,46003
630040661,46003
630040653,46010
630040652,46003
630040692,43803
630040682,45621
630040681,45621
630040672,46003
630040721,43485
630040712,45877
630040711,45877
630040701,45988
630040752,45918
630040751,45918
630040741,45807
630040731,43484
630041372,45918
630041371,45918
630041362,45918
630041361,45918
630041392,45899
630041391,45899
630041382,45884
630041381,45884
630041421,45918
630041412,45918
630041411,45918
630041401,45899
630041441,45918
630041432,45918
630041431,45918
630041422,45918
630041291,45918
630041282,45918
630041281,45918
630041262,45918
630041311,45918
630041302,45918
630041301,45918
630041292,45918
630041332,45918
630041331,45918
630041322,45918
630041321,45918
630041352,45918
630041351,45918
630041342,45918
630041341,45918
630041671,44939
630041662,44960
630041661,44959
630041651,45027
630041692,45012
630041691,45012
630041681,44940
630041672,44939
630041851,45149
630041791,45261
630041782,45139
630041781,45139
630042052,44987
630042051,44987
630042042,44991
630042041,44991
630041461,45918
630041452,45918
630041451,45918
630041442,45918
630041481,45866
630041472,45866
630041471,45866
630041462,45918
630041502,45621
630041501,45621
630041483,45866
630041482,45916
630041641,45033
630041633,45079
630041632,45048
630041631,45040
630035101,43113
630035091,42687
630035081,42687
630035072,42319
630035131,41038
630035121,40976
630035111,42253
630035102,43113
630035171,43853
630035161,44175
630035151,44265
630035141,42956
630035191,43879
630035182,43923
630035181,43925
630035172,43853
630034051,42039
630034041,44280
630034031,41135
630034021,43127
630035003,42904
630035001,42782
630034991,42782
630034052,42039
630035032,42828
630035031,42828
630035021,42903
630035011,42904
630035071,42314
630035061,42851
630035051,42830
630035041,42842
630040052,45689
630040051,45689
630040032,45687
630040022,45810
630040082,45557
630040081,45557
630040072,45573
630040071,45573
630040102,45549
630040101,45549
630040092,45541
630040091,45541
630040122,45543
630040121,45543
630040112,45575
630040111,45544
630035212,43220
630035211,43203
630035202,43128
630035201,43128
630035251,41458
630035241,43198
630035231,43198
630035221,43207
630040011,43083
630035281,42531
630035271,42529
630035261,42881
630040021,45810
630040014,43082
630040013,43082
630040012,43083
630040232,45109
630040231,45110
630040222,45107
630040221,45125
630040261,45047
630040251,45103
630040241,45103
630040233,45106
630040281,45095
630040272,45053
630040271,45050
630040262,45046
630040302,45526
630040301,45526
630040292,45517
630040291,45517
630040151,45517
630040142,45519
630040132,45548
630040131,45548
630040171,45360
630040162,45352
630040161,45352
630040152,45517
630040191,45349
630040182,45349
630040181,45380
630040172,45360
630040212,45363
630040211,45361
630040202,45359
630040201,45359
630040411,45818
630040401,46022
630040392,45960
630040391,45965
630040431,45740
630040422,45745
630040421,45745
630040412,45818
630040452,45718
630040451,45717
630040441,45734
630040432,45740
630040472,45725
630040471,45725
630040462,45715
630040461,45715
630040322,45537
630040321,45537
630040312,45527
630040311,45527
630040351,46020
630040342,45530
630040341,45531
630040331,45524
630040362,46011
630040361,46012
630040353,46027
630040352,46027
630040382,45979
630040381,45980
630040372,46003
630040371,46003
630031991,42286
630031981,42286
630031971,42284
630031961,42284
630032031,41440
630032021,41681
630032011,41996
630032001,42284
630032052,41444
630032051,41444
630032042,41439
630032041,41441
630032081,41164
630032071,41137
630032062,41443
630032061,41455
630031891,42282
630031852,43111
630031851,43111
630031842,43107
630031911,42289
630031902,42291
630031901,42291
630031892,42282
630031931,42283
630031922,42286
630031921,42286
630031912,42289
630031951,42284
630031942,42284
630031941,42284
630031932,42283
630032201,42563
630032192,42589
630032191,42588
630032182,42588
630032231,42574
630032221,42573
630032212,42253
630032211,42251
630032261,41978
630032251,41990
630032241,43089
630032232,42574
630032301,41440
630032291,41457
630032281,41965
630032271,41454
630032111,41751
630032102,41743
630032101,41743
630032091,41133
630032131,41754
630032122,41755
630032121,41755
630032112,41751
630032161,43878
630032151,41109
630032141,41103
630032132,41754
630032181,42564
630032172,43601
630032171,43601
630032162,43878
630032471,42844
630032461,41990
630032452,42691
630032451,42691
630032522,44208
630032521,44207
630032481,41996
630032472,42852
630032542,42715
630032541,42716
630032532,44212
630032531,44211
630032581,43118
630032571,43126
630032562,44156
630032561,44156
630032322,41695
630032321,41694
630032312,44133
630032311,70002
630032401,42308
630032391,41729
630032371,41234
630032361,43656
630032422,44156
630032421,44156
630032412,44156
630032411,44156
630032442,44156
630032441,44156
630032432,44156
630032431,44156
630033451,43160
630033441,43145
630033402,43127
630033401,43127
630033472,43160
630033471,43112
630033462,43151
630033461,43108
630033491,43112
630033483,43145
630033482,43112
630033481,43112
630034012,43631
630034011,43631
630034002,43541
630034001,43526
630032601,43126
630032592,43127
630032591,43127
630032582,43118
630032621,42818
630032612,43119
630032611,43119
630032602,43126
630032642,42621
630032641,42616
630032632,42714
630032631,42737
630032672,42759
630032671,42731
630032652,43185
630032651,43184
630030921,43542
630030912,43277
630030911,43277
630030902,43282
630030941,43533
630030932,43534
630030931,43540
630030922,43539
630030962,41338
630030961,41339
630030951,41190
630030942,43540
630030991,41287
630030981,41288
630030972,41338
630030971,41337
630030852,42691
630030851,42691
630030842,42677
630030841,42677
630030872,42692
630030871,42692
630030862,42689
630030861,42689
630030891,43298
630030883,43291
630030882,43292
630030881,43292
630030901,43282
630030894,43295
630030893,43295
630030892,43297
630031191,43922
630031181,43921
630031172,43915
630031171,43915
630031231,43921
630031221,43920
630031211,44257
630031201,44258
630031252,44237
630031251,44237
630031242,44242
630031241,44242
630031281,44255
630031271,44256
630031262,44253
630031261,44238
630031022,41282
630031021,41282
630031011,48987
630031001,41283
630031081,44265
630031071,43920
630031032,41772
630031031,41772
630031132,44246
630031131,44245
630031122,43918
630031121,43918
630031162,43913
630031161,43913
630031151,43921
630031141,43922
630031392,43907
630031391,43907
630031382,44191
630031381,44191
630031411,43906
630031404,43904
630031403,43904
630031401,43904
630031451,43905
630031441,43907
630031431,43907
630031421,43905
630031491,44236
630031481,44191
630031471,44191
630031461,43905
630031302,44265
630031301,44265
630031291,44264
630031282,44264
630031322,44265
630031321,44265
630031312,44265
630031311,44265
630031342,44267
630031341,44267
630031332,44267
630031331,44267
630031372,44233
630031371,44233
630031361,44235
630031351,44253
630031781,43116
630031771,43116
630031762,43119
630031761,43119
630031801,43113
630031792,43114
630031791,43114
630031782,43116
630031821,43107
630031812,43108
630031811,43108
630031802,43107
630031841,43107
630031832,43113
630031831,43113
630031822,43107
630031512,44268
630031511,44269
630031502,44267
630031501,44267
630031701,43116
630031532,44259
630031531,44262
630031521,44532
630031721,43116
630031712,43116
630031711,43116
630031702,43116
630031752,43126
630031751,43126
630031741,43137
630031722,43116
630061303,45736
630061301,45736
630061291,45818
630061281,45227
630061411,45511
630061371,45810
630061321,45820
630061311,45836
630061471,42230
630061461,45370
630061431,45798
630061421,45697
630061511,45508
630061501,45559
630061491,42228
630061481,42232
630061171,41367
630061161,49068
630061151,41349
630061121,45334
630061211,41720
630061201,43269
630061191,41189
630061181,48987
630061241,43229
630061222,41729
630061221,41729
630061212,41720
630061272,42322
630061271,42322
630061261,43244
630061251,43266
630061692,43347
630061682,43347
630061681,42957
630061661,42409
630061761,42191
630061751,41535
630061741,41522
630061711,42129
630061791,41807
630061782,41548
630061781,41547
630061771,41529
630061811,41150
630061802,41513
630061801,41513
630061792,41820
630061531,45789
630061522,45918
630061521,45918
630061512,45508
630061571,46026
630061551,45936
630061541,45942
630061532,45789
630061611,42158
630061601,46026
630061591,46042
630061581,46047
630061651,42141
630061641,42133
630061631,42135
630061621,42144
630062052,43401
630062051,42910
630062031,42827
630062021,42829
630062101,42334
630062091,42327
630062081,42374
630062071,42791
630062141,44305
630062131,44532
630062121,44536
630062111,42333
630062181,44351
630062171,44374
630062161,44380
630062151,44526
630061851,41055
630061841,41051
630061831,41179
630061821,41137
630061921,41144
630061911,41174
630061901,41046
630061861,41055
630061972,43093
630061971,43095
630061961,41792
630061931,41055
630062011,42663
630062001,41965
630061991,42573
630061981,41990
630062351,43226
630062341,43479
630062332,43471
630062331,43471
630062382,42457
630062381,42457
630062371,42445
630062361,42432
630062411,42427
630062401,42457
630062392,42458
630062391,42458
630062432,43420
630062431,43420
630062422,42451
630062421,42457
630062221,43651
630062211,44256
630062201,43633
630062191,44353
630062261,41162
630062252,41990
630062251,41234
630062231,44669
630062291,44766
630062281,44875
630062272,40994
630062271,41248
630062321,43471
630062313,44654
630062312,44654
630062311,44653
630060043,45918
630060042,45918
630060041,46026
630060031,41938
630060101,45988
630060091,45918
630060071,45877
630060051,45383
630060114,42851
630060113,44526
630060112,43470
630060111,45990
630060132,45701
630060131,46003
630060122,45990
630060121,45980
630046104,45034
630046103,45034
630046102,45086
630046101,45086
630046131,42886
630046122,45169
630046121,45170
630046111,43844
630046151,42887
630046142,42887
630046141,42887
630046132,42887
630060022,44958
630060011,42308
630060001,45281
630046152,42887
630060341,41402
630060311,41447
630060291,42319
630060244,41691
630060411,45068
630060391,41377
630060381,45049
630060371,45365
630060461,41948
630060441,41004
630060431,41062
630060421,41207
630060511,41659
630060501,41213
630060491,41391
630060481,41392
630060152,44462
630060151,45621
630060142,44771
630060141,45505
630060172,46043
630060171,46043
630060162,45621
630060161,45621
630060221,42079
630060211,42320
630060201,42308
630060181,42855
630060243,42611
630060242,41712
630060241,43157
630060231,42039
630060691,41678
630060681,41996
630060671,42634
630060662,42757
630060711,41706
630060702,41684
630060701,41684
630060692,41678
630060752,42001
630060751,42001
630060721,41454
630060712,41706
630060781,41284
630060771,41319
630060762,42296
630060761,42296
630060551,45522
630060541,45351
630060531,45348
630060521,45357
630060581,45543
630060571,45565
630060565,45520
630060561,45566
630060611,42610
630060602,42595
630060601,42595
630060591,45544
630060661,42757
630060651,42290
630060641,40976
630060621,42662
630061001,45184
630060991,45118
630060971,41661
630060962,41956
630061032,45321
630061031,45321
630061021,45346
630061011,45362
630061061,43483
630061051,45681
630061042,45510
630061041,45510
630061092,43489
630061091,43489
630061081,43482
630061071,45992
630060821,41248
630060812,41232
630060811,41232
630060801,41148
630060861,45178
630060851,41210
630060841,41207
630060831,41171
630060892,44424
630060891,45165
630060881,45097
630060871,45088
630060961,41956
630060951,41013
630060921,45163
630060911,45160
630045441,41278
630045425,42887
630045424,42887
630045423,42913
630045453,41331
630045452,41331
630045451,41364
630045442,41278
630045481,45575
630045472,44192
630045471,44236
630045461,46010
630045501,44727
630045492,45543
630045491,45543
630045482,45544
630045364,43124
630045363,43124
630045362,43119
630045361,43125
630045372,45345
630045371,45345
630045366,43176
630045365,43176
630045392,41200
630045391,41200
630045382,41202
630045381,41202
630045422,42913
630045421,42872
630045411,41945
630045401,41200
630045621,44263
630045601,44832
630045592,44849
630045591,44849
630045641,44263
630045632,44270
630045631,44270
630045622,44270
630045661,45568
630045652,45543
630045651,45543
630045642,44263
630045681,44156
630045672,45534
630045671,45534
630045662,45568
630045523,45549
630045522,45545
630045521,45545
630045511,41443
630045534,45544
630045533,45544
630045532,45549
630045531,45549
630045561,42203
630045551,43285
630045542,45552
630045541,45552
630045582,44897
630045581,44897
630045571,42319
630045562,42201
630045801,42802
630045791,42802
630045782,41230
630045781,41169
630045831,42853
630045822,42853
630045821,42851
630045811,42853
630045852,43560
630045851,43560
630045842,42851
630045841,42851
630045872,43313
630045871,43313
630045862,43255
630045861,43255
630045703,44882
630045702,44882
630045701,44882
630045682,44156
630045721,43624
630045712,43213
630045711,43195
630045704,44882
630045751,57940
630045741,45918
630045732,44378
630045731,44378
630045772,44156
630045771,44156
630045762,42747
630045761,42747
630046062,44526
630046061,44526
630046052,43550
630046051,43550
630046074,44717
630046073,44717
630046072,44713
630046071,44713
630046078,44718
630046077,44718
630046076,44717
630046075,44717
630046092,44156
630046091,44156
630046082,44156
630046081,44156
630045884,45358
630045883,45348
630045882,45348
630045881,45348
630046002,46027
630046001,46027
630045901,42336
630045885,45380
630046022,46027
630046021,46027
630046012,46027
630046011,46027
630046042,46027
630046041,46027
630046032,46027
630046031,46027
630042441,46026
630042411,41643
630042331,41377
630042271,40994
630042461,46026
630042452,46040
630042451,46028
630042442,46026
630042481,46026
630042472,46026
630042471,46026
630042462,46026
630042541,46026
630042534,46026
630042533,46026
630042531,46026
630042091,41381
630042082,41085
630042081,41085
630042061,44988
630042102,41629
630042101,41630
630042093,41382
630042092,41382
630042112,41624
630042111,41626
630042104,41628
630042103,41628
630042132,41627
630042131,41627
630042122,41635
630042121,41635
630042633,46026
630042632,46026
630042631,46026
630042622,46026
630042661,46030
630042651,46026
630042642,46026
630042641,46026
630042711,46024
630042701,45424
630042681,45227
630042662,46042
630042731,46043
630042722,45345
630042721,45345
630042712,46025
630042561,46026
630042552,46026
630042551,46026
630042542,46026
630042574,46026
630042573,46026
630042571,46026
630042562,46026
630042601,46026
630042591,46026
630042582,46026
630042581,46026
630042621,46026
630042612,46026
630042611,46026
630042602,46026
630045101,45716
630045091,46003
630045081,45885
630045071,45918
630045131,45592
630045121,45602
630045112,45713
630045111,45714
630045151,45397
630045142,45397
630045141,45395
630045132,45592
630045181,45692
630045172,45348
630045171,45348
630045161,45524
630042741,45474
630042734,46044
630042733,46043
630042732,46044
630045011,46021
630045002,45505
630045001,45505
630042742,45474
630045032,45835
630045031,45837
630045022,46003
630045021,46003
630045061,45918
630045052,45918
630045051,45918
630045041,45918
630045312,45918
630045301,45918
630045292,45918
630045291,45918
630045332,43116
630045331,43116
630045322,43119
630045321,43119
630045352,43119
630045351,43119
630045342,43113
630045341,43113
630045356,43163
630045355,43162
630045354,43105
630045353,43105
630045211,45041
630045201,45685
630045191,45691
630045182,45688
630045231,44986
630045222,45072
630045221,45072
630045212,45041
630045252,44985
630045251,44985
630045242,44981
630045241,44982
630045282,45880
630045281,45880
630045271,44711
630045261,44591
630066214,42323
630066212,42307
630066211,42034
630066210,42326
630066218,41760
630066217,41770
630066216,42068
630066215,42301
630066223,41772
630066222,41787
630066220,41778
630066219,41753
630066227,42001
630066226,42001
630066225,42277
630066224,42018
630066193,42231
630066192,45562
630066191,45667
630066190,45677
630066200,41377
630066197,41381
630066195,41215
630066194,41377
630066204,41377
630066203,41377
630066202,41377
630066201,41377
630066209,42283
630066208,42323
630066207,42299
630066206,42302
630066421,42811
630066401,44270
630066258,41222
630066257,42841
630066461,41038
630066451,41102
630066441,41117
630066431,44179
630066501,44661
630066491,42085
630066481,42366
630066471,40980
630066621,45061
630066541,45918
630066531,41091
630066521,43295
630066231,42284
630066230,42281
630066229,41471
630066228,42294
630066237,42284
630066235,42283
630066234,41739
630066232,41720
630066247,43198
630066245,46133
630066242,43194
630066238,43210
630066256,42853
630066255,42912
630066252,42841
630066249,46121
630066892,46012
630066891,46011
630066881,43204
630066871,44110
630066931,41543
630066921,41540
630066911,41875
630066901,41879
630066961,41571
630066951,41569
630066942,41566
630066941,41566
630066982,42189
630066981,42189
630066972,41576
630066971,41576
630066661,41379
630066651,45058
630066641,45044
630066631,42043
630066701,45063
630066691,41085
630066681,41090
630066671,41384
630066741,44835
630066731,45056
630066721,45047
630066711,45047
630066841,44505
630066771,45246
630066761,43921
630066751,44237
630067151,42152
630067141,42152
630067131,41912
630067121,41915
630067191,45027
630067181,43513
630067171,42168
630067161,42168
630067221,42721
630067211,45135
630067202,41030
630067201,41030
630067251,42458
630067241,42436
630067232,41790
630067231,41790
630067011,42802
630067001,42168
630066992,41552
630066991,42169
630067051,41928
630067041,41917
630067031,41912
630067021,42152
630067082,41939
630067081,41939
630067071,42186
630067061,42186
630067111,41930
630067101,41925
630067092,41575
630067091,41575
630066060,46433
630066058,70048
630066055,43804
630066053,43491
630066068,46000
630066067,46027
630066064,70051
630066063,43806
630066074,41416
630066072,45178
630066071,45384
630066070,45348
630066080,41496
630066077,41428
630066076,41216
630066075,41411
630066038,45803
630066034,45594
630066033,45797
630066032,45923
630066043,45808
630066041,45806
630066040,45811
630066039,45799
630066047,46026
630066046,46026
630066045,45995
630066044,45996
630066051,45803
630066050,46027
630066049,46042
630066048,46027
630066101,41257
630066100,41262
630066099,41259
630066098,41825
630066105,41465
630066104,41236
630066103,41249
630066102,41258
630066110,41238
630066109,41464
630066107,41233
630066106,41233
630066114,41101
630066113,41102
630066112,41220
630066111,41236
630066084,41510
630066083,41480
630066082,41503
630066081,41476
630066088,41775
630066087,41792
630066086,41792
630066085,41792
630066092,41806
630066091,41817
630066090,41824
630066089,41792
630066097,41815
630066095,41807
630066094,41819
630066093,41807
630066141,41676
630066140,41170
630066139,41161
630066138,41231
630066145,41653
630066144,41649
630066143,41645
630066142,41660
630066151,45362
630066149,41662
630066148,41651
630066146,41630
630066155,41640
630066154,41652
630066153,41948
630066152,45378
630066120,41107
630066118,41106
630066116,41227
630066115,41124
630066124,42100
630066123,42316
630066122,41108
630066121,41227
630066129,41793
630066127,42102
630066126,42108
630066125,42107
630066136,41231
630066135,41173
630066134,41158
630066132,41794
630066175,41449
630066174,41431
630066173,41427
630066172,43910
630066180,41436
630066178,41442
630066177,41435
630066176,41443
630066184,41442
630066183,41423
630066182,41442
630066181,41225
630066189,41461
630066188,41694
630066187,41462
630066185,41449
630066159,41614
630066158,41655
630066157,41655
630066156,41642
630066163,41453
630066162,41453
630066161,41649
630066160,41617
630066167,41453
630066166,41453
630066165,41732
630066164,41718
630066171,43883
630066170,41226
630066169,41453
630066168,41453
630064861,45809
630064851,45810
630064841,42553
630064831,42551
630064911,45742
630064891,45731
630064881,42003
630064871,45692
630064951,45739
630064941,45747
630064931,45740
630064921,45744
630064991,45781
630064981,45820
630064971,45782
630064961,45818
630064681,45029
630064661,43116
630064651,44621
630064641,44699
630064721,45340
630064711,41396
630064701,45061
630064691,45069
630064781,41681
630064761,41335
630064741,45072
630064731,45040
630064821,43079
630064801,45812
630064792,41455
630064791,41455
630065201,45070
630065191,45075
630065181,45076
630065171,45381
630065251,45157
630065231,45063
630065221,45097
630065211,45074
630065301,45099
630065291,45099
630065271,45096
630065261,45149
630065361,45152
630065341,45155
630065331,45150
630065321,45176
630065031,45816
630065021,45822
630065011,45821
630065001,45818
630065071,40921
630065061,45750
630065051,45814
630065041,45818
630065111,45399
630065101,45396
630065091,45398
630065081,45392
630065161,45588
630065141,45580
630065131,45582
630065121,45578
630065581,45447
630065571,45296
630065561,45447
630065551,45404
630065671,41681
630065651,41419
630065601,45295
630065591,45454
630065711,42614
630065701,42288
630065691,42660
630065681,42643
630065751,42853
630065741,45149
630065731,41234
630065721,42606
630065411,45990
630065401,45951
630065391,45952
630065371,45178
630065451,45983
630065441,45988
630065431,45797
630065421,43518
630065501,45401
630065481,45485
630065471,45472
630065461,45797
630065541,45600
630065531,45487
630065521,45274
630065511,45230
630066013,45134
630066012,45288
630066011,45292
630066010,45141
630066019,45602
630066016,45397
630066015,45143
630066014,45076
630066027,45789
630066026,45956
630066024,45596
630066022,45602
630066031,45930
630066030,41235
630066029,45875
630066028,45924
630065951,43329
630065941,42911
630065931,42750
630065761,45061
630065981,41788
630065972,41757
630065971,41757
630065961,43728
630066003,45248
630066002,45264
630066001,45295
630066000,45248
630066009,45142
630066007,45138
630066006,45266
630066005,45138
630062591,42206
630062582,43479
630062581,43479
630062571,44717
630062641,43880
630062632,43832
630062631,43832
630062601,44468
630062701,44373
630062691,43967
630062671,43931
630062651,43878
630062722,43458
630062721,43458
630062711,44086
630062702,44420
630062472,44704
630062471,44704
630062452,43723
630062451,43723
630062495,42185
630062491,42185
630062482,44703
630062481,44703
630062521,44462
630062512,44633
630062511,44633
630062501,43401
630062562,44308
630062561,44308
630062541,44381
630062531,44424
630063141,44663
630063131,41456
630063121,44817
630063111,43600
630063181,41581
630063172,41583
630063171,41583
630063161,45227
630063211,43388
630063201,41421
630063191,41426
630063182,41581
630063261,44373
630063242,41453
630063241,41453
630063221,42989
630062771,44440
630062761,44487
630062752,44456
630062751,44444
630062812,42583
630062811,42583
630062801,44856
630062781,44837
630062851,44829
630062843,44373
630062841,41180
630062831,48585
630062942,42175
630062941,42175
630062891,44845
630062881,44764
630063592,41583
630063491,42504
630063481,45359
630063461,43924
630063941,42669
630063742,43027
630063691,43011
630063672,41898
630064071,41547
630064061,41560
630063943,42766
630063942,42766
630064111,44956
630064101,44980
630064073,41534
630064072,41534
630063301,43551
630063291,44914
630063281,44595
630063271,44619
630063351,42952
630063331,42917
630063321,44375
630063311,43238
630063411,41729
630063391,44696
630063381,43045
630063371,41587
630063451,44262
630063441,44262
630063431,42254
630063421,43677
630064491,45098
630064481,57940
630064471,45918
630064461,45918
630064531,45350
630064521,44981
630064511,44981
630064501,44969
630064561,70048
630064551,45483
630064533,45348
630064532,45349
630064631,44895
630064621,45918
630064611,44259
630064591,45918
630064171,44929
630064161,44938
630064151,37747
630064121,44944
630064361,45555
630064211,44940
630064201,44938
630064181,44929
630064411,45247
630064401,45292
630064391,45502
630064381,45507
630064451,45918
630064441,44544
630064431,41387
630064421,45681
630060252,43722
630060248,44039
630060247,44039
410000001001,55587
630060257,43973
630030513,42027
410000000445,55570
630060327,43722
410000000444,55587
630060316,44035
410000001005,55587
630060315,44035
410000001004,55587
630060435,44159
410000001003,55587
630030400,42802
410000001002,55587
630030399,42825
410000001009,55587
630040143,45518
410000001008,55587
630032124,41757
410000001007,55587
630060438,43825
410000001006,55587
630060437,43825
630060436,44159
630060298,43895
630060293,43936
410000001010,55587
630060292,43936
630060045,42393
630060294,43615
630060314,44257
630060313,44258
630060299,43895
630060258,43961
630060297,43892
630060296,43892
630060295,43615
630060256,43973
630060254,43999
630060253,43999
630060259,43961
630020184,44791
630024916,42432
630067524,41189
410000002025,55594
630067523,41188
410000002024,55594
630024624,44110
410000002023,55594
630024623,44110
630022464,42451
410000002029,55594
630022463,42451
410000002028,55594
630030914,43272
410000002027,55594
630030913,43272
410000002026,55594
630026212,42525
410000002033,55594
630045357,43104
410000002032,55594
630033486,43112
410000002031,55594
630033485,43112
410000002030,55594
630033484,43145
410000002037,55594
630030915,43329
410000002036,55594
630063452,44271
410000002035,55594
630021862,44657
410000002034,55594
630033492,43133
410000002007,55591
630042683,45135
410000002006,55594
630032145,41763
410000002005,55594
630032144,41745
410000002004,55594
630032143,41745
410000002012,55591
630032142,41769
410000002010,55591
630033493,43160
410000002009,55591
630024914,42432
410000002008,55591
630042532,46026
410000002016,55594
630020183,44791
410000002015,55591
630024714,42369
410000002014,55591
630024713,42369
410000002013,55591
630024712,42356
630033494,43160
630023195,44441
410000002018,55594
630023194,44441
410000002017,55594
630046049,43500
410000002057,55594
630046048,43500
410000002056,55594
630030195,42765
410000002055,55594
630030194,42750
410000002054,55594
630030193,42765
410000002061,55591
630035092,42687
410000002060,55600
630035002,42782
410000002059,55591
630034994,42782
410000002058,55591
630034993,42783
410000002067,55591
630030196,42781
410000002066,55591
630062032,42827
630035022,42903
410000002062,55591
630035012,42904
410000002071,55591
630035004,42904
410000002070,55594
630022974,44008
410000002069,55591
630022973,44006
410000002068,55591
630020186,44791
410000002041,55594
630020182,44793
410000002040,55594
630034992,42783
410000002039,55594
630023502,41945
410000002038,55594
630040015,43079
410000002045,55591
630045475,44230
410000002044,55591
630022674,42985
410000002043,55591
630022673,42985
410000002042,55594
630040374,46003
410000002049,55591
630020062,44771
410000002048,55591
630040375,46003
410000002047,55591
630032313,44128
410000002046,55591
630041434,45918
410000002053,55591
630041433,45918
410000002052,55591
630030361,42893
410000002051,55591
630030352,42910
410000002050,55591
630030271,42857
410000003010,55605
630035042,42842
410000003009,55605
630030404,42825
410000003008,55605
630045844,42851
630045843,42851
410000003014,55605
630062053,42910
410000003013,55605
630030323,42859
410000003012,55603
630035063,42885
410000003011,55603
630035062,42885
630030405,42802
630062104,42334
630045902,42336
630030407,42802
630030406,42802
630030344,42912
630030343,42802
630035029,42828
410000002903,55591
630035053,42828
410000002902,55594
630030402,42842
410000002901,55594
630032262,42818
410000002900,55591
630030346,42802
630030345,42912
410000002927,55594
630045812,42853
410000002926,55594
630045832,42853
630030422,42854
630030412,42854
630032474,42852
410000002930,55594
630032473,42844
410000002929,55594
630045082,42802
630045792,42802
630060352,44203
630060349,43874
630060348,43874
630068014,45802
630060354,44181
630068016,43079
630060353,44181
630068015,43079
630068018,45662
630060356,44162
630068017,45511
630060355,44162
630060359,43855
630060358,44170
630060357,44170
630068019,45662
630060343,43606
630068004,41948
630060339,42901
630060338,42901
630068008,45677
630068007,45674
630068006,45674
630068005,41948
630060344,43333
630068012,45683
630068011,45683
630068009,45677
630068013,45802
630060347,43566
630060346,43566
630060345,43333
630060375,42277
630060374,41988
630060373,41988
630060372,41983
630068029,45749
630060378,42281
630060377,42281
630060376,42277
630068032,45770
630060383,42294
410000000028,55570
630060379,42294
630068031,45749
630060384,43499
410000000034,55594
630068035,45738
630068034,45738
630068033,45770
630060363,40974
630068022,45924
630060362,40974
630068021,45924
630060365,41041
630060364,41041
630068024,45792
630068023,45792
630068027,45500
630060366,41681
6300768026,45791
630068025,45791
630060369,41983
630060368,41973
630060367,41973
630068028,45500
630068048,43804
410000000021,55570
630068047,43804
630064432,41387
630060393,41218
630060396,42652
630068052,43806
630066147,41651
630068049,43806
630060415,44698
630068054,44996
630060413,43781
630060397,42652
630068056,44633
630060417,41499
630060416,44698
630068055,44996
630068036,45580
630060387,41080
630060386,41080
410000000044,55591
630060385,43499
630068041,41837
630068039,45591
630068038,45591
630068037,45580
630068045,43529
630068044,43527
630068043,43527
630068042,41837
630060392,41218
630060389,41077
630060388,41077
630068046,43529
630062025,44230
630063462,43924
630062024,43560
630062023,44217
6300INVURIE,42859
6300INSCH,41767
630062026,42563
630065352,45155
630060193,42998
630060312,41455
6300PLTH,46026
6300LRNCKRK,45460
630060044,42895
630062113,42333
630062093,42318
630062092,42318
630060426,43781
630060425,44203
630060423,43855
630060419,45362
630060428,43018
630060329,44610
630060328,44610
630060427,41499
630033453,43160
630060434,42478
630060433,42478
630060429,43018
630062022,42829
630065943,43112
630065942,43112
630033443,43145
630066259,42912
630062254,44631
630062253,44631
630062239,44642
630060118,45212
630060117,45231
630060116,45231
630060115,43470
630060125,44073
630060124,42471
630060123,42481
630060119,45212
630060133,44378
630060128,44048
630060127,44048
630060126,44073
630062224,44109
630062223,44091
630062222,44091
630062218,43770
630062228,44388
630062227,44103
630062226,44102
630062225,44109
630062234,44422
630062232,44430
630062233,44430
630062229,44388
630062238,44642
630062237,44450
630062236,44450
630062235,44422
630060165,43399
630060164,43011
630060163,43011
630060158,43006
630060173,43686
630060168,43390
630060167,43390
630060166,43399
630060177,44023
630060176,43996
630060175,43996
630060174,43686
630060183,44708
630060182,44700
630060179,44700
630060178,44023
630060137,44723
630060136,44741
630060135,44741
630060134,44378
630060145,44925
630060144,44724
630060143,44724
630060138,44723
630060153,41815
630060148,49080
630060147,49080
630060146,44925
630060157,43006
630060156,41505
630060155,41505
630060154,41815
630067992,42261
630067991,42244
630067989,42244
630067988,44953
630067995,41960
630060196,43380
630067994,42261
630060195,43380
630060199,44561
630067996,41960
630060198,44575
630060197,44575
630060205,44537
630060204,44556
630060203,44556
630060202,44561
630067981,45035
630060186,44914
630060185,44914
630060184,44708
630060189,42982
630067982,45035
630060188,44780
630060187,44780
630067983,41203
6300601934,42998
630060192,42998
630060191,42982
630067987,44953
630067986,45008
630067985,45008
630067984,41203
630060227,43359
630060226,44969
630060225,44969
630060224,44980
630068001,41650
630067999,41650
630060229,43606
630060228,43359
630060335,44524
630060334,44524
630060333,44295
630060332,44295
630068003,43083
630068002,43083
630060337,44532
630060336,44532
630067997,41645
630060208,44673
630060207,44673
630060206,44537
630060213,44659
630060212,44572
630060209,44557
630067998,41645
630060217,41466
630060216,41237
630060215,41237
630060214,44659
630060223,44980
630060222,41471
630060219,41471
630060218,41466
630067807,43114
630067806,43153
630067805,43153
630067804,43152
630067831,46027
630067811,40930
630067809,47982
630067808,43114
630067871,45222
630067852,41085
630067851,45043
630067841,45129
630067942,41766
630067941,41766
630067931,44008
630067921,43950
630067521,41363
630067511,42305
630067291,40946
630067281,42822
630067542,45696
630067541,45696
630067531,45879
630067522,41362
630067791,45697
630067571,43384
630067561,43005
630067551,44929
630067803,43152
630067802,43112
630067801,43112
630067792,45697
630063142,44663
630063146,43803
630030809,42629
630030808,42629
630063147,43485
630063145,44656
630063144,44174
630063143,44744
630063219,41588
630063218,41588
630066052,45806
630063492,42504
630063225,43075
630063224,43075
630063223,42497
630063222,42497
630080006,42859
630080005,41767
630080000,45918
630067971,44932
630030398,42802
630030397,42912
630030083,43829
630080009,46026
630040373,46003
630064116,44958
630061523,45918
630040872,45918
630045474,44230
630045473,44230
630040732,43498
630040733,43487
630061685,42490
630061684,42956
630061683,42957
630060834,42385
630064113,44956
630064112,44944
630065012,45821
630061312,45836
630060842,41207
630060502,41213
630061012,45362
630060342,41402
630060837,43076
630060836,44078
630060835,44099
630060992,45118
630063229,43069
630063228,43069
630063227,43071
630063226,43071
630063235,42547
630063234,42547
630063233,43068
630063232,43068
630063266,42534
630063265,42534
630063264,42536
630063263,42536
630060833,42463
630060832,42487
630060623,42662
630026312,44919
630062203,45362
630060432,41062
630062212,44253
6300SHVN1,45918
630062205,43059
630045714,43193
630045713,43187
630070000165,45362
630062213,43782
630062208,43051
630062207,43051
630062206,43059
630062217,43770
630062216,43786
630062215,43786
630062214,43782
630063109,43387
630060843,43876
630060839,43656
630060838,43369
630060245,42524
630062202,43633
630067053,41533
630067052,41928
6300INSCH0,41767
6300HNTL1,41306
6300HNTL0,41306
630060246,42524
6300SHVN0,45918
6300PLTH0,46026
6300LRNCKRK0,45460
6300INVURIE0,42859
64802167,36692
64802166,36708
64802165,36708
64802164,37021
64802171,36700
64802170,36700
64802169,36709
64802168,36709
64802175,36510
64802174,36690
64802173,36690
64802172,36738
64802179,36373
64802178,36523
64802177,36522
64802176,36509
64802151,37454
64802150,37543
64802149,37543
64802148,37518
64802155,36951
64802154,36946
64802153,37442
64802152,37454
64802159,37010
64802158,36979
64802157,36995
64802156,36995
64802163,37009
64802162,37009
64802161,37009
64802160,37009
64802200,37539
64802199,37541
64802198,36974
64802197,36526
64802204,37465
64802203,37463
64802202,37499
64802201,37499
64802208,37330
64802207,37330
64802206,37407
64802205,37407
64802212,38106
64802211,37854
64802210,37864
64802209,37403
64802183,37872
64802182,93410
64802181,38033
64802180,37587
64802188,36350
64802187,36350
64802185,36348
64802184,38101
64802192,36369
64802191,36353
64802190,36351
64802189,36370
64802196,36516
64802195,36354
64802194,36353
64802193,36355
64802234,37857
64802233,38262
64802232,38262
64802231,38262
64802238,38118
64802237,38118
64802236,38105
64802235,37860
64802242,38371
64802241,38366
64802240,38114
64802239,38118
64802246,38371
64802245,38371
64802244,38371
64802243,38371
64802216,38097
64802215,38099
64802214,38110
64802213,38106
64802222,38116
64802221,38103
64802218,38101
64802217,38104
64802226,38252
64802225,38259
64802224,38120
64802223,38122
64802230,38280
64802229,38262
64802228,38262
64802227,38251
64802266,38373
64802265,38387
64802264,38382
64802263,38382
64802270,37281
64802269,37266
64802268,36888
64802267,36870
64802274,37266
64802273,37281
64802272,37281
64802271,37281
64802278,36647
64802277,37267
64802276,37267
64802275,37266
64802250,38371
64802249,38371
64802248,38371
64802247,38371
64802254,38377
64802253,38379
64802252,38377
64802251,38379
64802258,38382
64802257,38382
64802256,38379
64802255,38377
64802262,38382
64802261,38382
64802260,38382
64802259,38382
64802043,37355
64802042,38111
64802041,37442
64802040,37379
64802047,37482
64802046,37482
64802045,37442
64802044,37442
64802051,37482
64802050,37431
64802049,37455
64802048,37453
64802055,36829
64802054,36904
64802053,37397
64802052,37332
64802027,36836
64802026,36913
64802025,36836
64802024,36913
64802031,36829
64802030,36830
64802029,36830
64802028,36830
64802035,36842
64802034,38110
64802033,37461
64802032,36854
64802039,37379
64802038,37378
64802037,37401
64802036,36854
64802073,37537
64802072,37537
64802071,37463
64802070,37494
64802077,37513
64802076,37537
64802075,37537
64802074,37537
64802080,37555
6480208,38334
64802079,37498
64802078,37498
64802084,37584
64802083,37584
64802082,37584
64802081,37555
64802059,37326
64802058,37313
64802057,37313
64802056,36829
64802062,37352
64802061,37380
64802060,37378
6480206,38335
64802066,37475
64802065,37476
64802064,37518
64802063,36878
6480207,38335
64802069,37510
64802068,37450
64802067,37450
64802102,37320
64802101,37320
64802100,37321
6480210,93410
64802106,37341
64802105,37341
64802104,37341
64802103,37363
64802110,37320
64802109,37363
64802108,36862
64802107,37341
64802114,37320
64802113,37320
64802112,37320
64802111,37521
64802088,37541
64802087,37542
64802086,37542
64802085,37584
64802091,37539
64802090,37539
6480209,38336
64802089,37542
64802095,37389
64802094,37389
64802093,37513
64802092,37513
64802099,37321
64802098,37350
64802097,37430
64802096,37430
64802134,37444
64802133,37546
64802132,37546
64802131,37545
64802139,37567
64802137,37563
64802136,37551
64802135,37551
64802143,37563
64802142,37567
64802141,37567
64802140,37567
64802147,37585
64802146,37563
64802145,37551
64802144,37551
64802118,37326
64802117,37326
64802116,37316
64802115,37316
64802122,37369
64802121,37369
64802120,37326
64802119,37326
64802126,37486
64802125,37445
64802124,37445
64802123,37430
64802130,37545
64802129,37457
64802128,37457
64802127,37486
64801918,36874
64801917,36887
64801916,36887
64801915,37530
64801922,37541
64801921,37540
64801920,37540
64801919,36874
64801926,36104
64801925,37541
64801924,36946
64801923,37541
64801932,36881
64801929,36873
64801928,36873
64801927,36873
64801902,36919
64801901,36879
64801900,36949
64801881,36042
64801906,37516
64801905,37516
64801904,36915
64801903,36915
64801910,37449
64801909,37450
64801908,37450
64801907,37451
64801914,37439
64801913,37508
64801912,37517
64801911,37517
64801951,36868
64801950,36868
6480195,36354
64801948,36900
64801955,36919
64801954,36919
64801953,36871
64801952,36868
64801959,36874
64801958,36873
64801957,36881
64801956,36881
64801962,37530
64801961,36887
64801960,36887
6480196,36353
64801936,36886
64801935,37477
64801934,36873
64801933,36880
6480194,93406
64801939,36915
64801938,36873
64801937,36873
64801943,36881
64801942,36873
64801941,36915
64801940,36874
64801947,36915
64801946,36900
64801945,36901
64801944,36919
64801980,37519
6480198,36356
64801979,37448
64801978,37448
64801984,37346
64801983,37530
64801982,37530
64801981,37519
64801988,37401
64801987,37400
64801986,37388
64801985,37346
64801991,37347
64801990,37347
6480199,36353
64801989,37401
64801966,36873
64801965,36873
64801964,36887
64801963,36887
6480197,36356
64801969,36901
64801968,36881
64801967,36881
64801973,37439
64801972,37530
64801971,37439
64801970,37530
64801977,37447
64801976,37461
64801975,37440
64801974,37440
64802011,36871
64802010,36868
6480201,36345
64802009,36868
64802015,36908
64802014,36871
64802013,36871
64802012,36871
64802019,36836
64802018,36854
64802017,36868
64802016,36900
64802023,36837
64802022,36913
64802021,36913
64802020,36913
64801997,36830
64801996,37530
64801995,37530
64801994,37530
64802000,36868
6480200,36351
64801999,36868
64801998,36829
64802004,36873
64802003,36873
64802002,36887
64802001,36887
64802008,36868
64802007,36868
64802006,36868
64802005,36868
64801696,36096
64801695,36096
64801692,36051
64801691,36457
64801700,36092
64801699,36092
64801698,36267
64801697,36267
64801704,36065
64801703,36066
64801702,36085
64801701,36085
64801708,36295
64801707,36277
64801706,36277
64801705,36067
64801676,35814
64801675,35872
64801674,35872
64801673,35881
64801680,35872
64801679,35882
64801678,35882
64801677,35814
64801684,35932
64801683,35932
64801682,35999
64801681,35999
64801690,36457
64801689,37555
64801686,35918
64801685,35919
64801727,36629
64801726,36200
64801725,36392
64801724,36392
64801731,36438
64801730,36630
64801729,36963
64801728,36629
64801735,37859
64801734,37435
64801733,38382
64801732,36438
64801739,38252
64801738,38118
64801737,38114
64801736,37857
64801711,36223
64801710,36223
6480171,36057
64801709,36295
64801715,36252
64801714,36252
64801713,36240
64801712,36240
64801719,36225
64801718,36225
64801717,36200
64801716,36200
64801723,36171
64801722,36171
64801721,36177
64801720,36177
64801778,35787
64801777,35758
64801776,35758
64801768,35881
64801781,35957
64801780,35957
6480178,37292
64801779,35787
64801785,36537
64801784,36537
64801783,36533
64801782,36533
64801789,37635
64801788,37635
64801787,36541
64801786,36541
64801743,38254
64801742,38277
64801741,37857
64801740,38259
64801747,36869
64801746,36208
64801745,36590
64801744,36590
64801755,36044
64801750,36921
64801749,36921
64801748,36882
64801767,35881
64801761,93406
64801760,93406
64801757,30680
64801821,35763
64801820,35763
64801819,35782
64801818,35813
64801825,30388
64801824,30388
64801823,30390
64801822,35763
64801831,36909
64801830,36908
64801828,36878
64801827,36878
64801835,36658
64801834,36658
64801833,36659
64801832,36659
64801801,36299
64801792,38382
64801791,37612
64801790,37612
64801806,93406
64801805,93406
64801804,93406
64801803,93287
64801811,93406
64801810,35967
64801808,93291
64801807,93406
64801817,35813
64801815,36116
64801814,35768
64801812,35821
64803180,38085
64803179,36773
64803178,36773
64803177,37220
64803184,37758
64803183,37221
64803182,36763
64803181,36763
64803188,38254
64803187,38277
64803186,38254
64803185,37221
64803192,37630
64803191,38252
64803190,38259
64803189,38277
64803164,36270
64803163,36240
64803162,36240
64803161,36240
64803168,36019
64803167,36020
64803166,36020
64803165,36269
64803172,36248
64803171,36251
64803170,36251
64803169,36019
64803176,37220
64803175,35830
64803174,36249
64803173,36249
64803213,37557
64803212,37582
64803211,37582
64803210,38358
64803217,36724
64803216,37057
64803215,37057
64803214,37557
64803221,37696
64803220,38349
64803219,38349
64803218,36724
64803225,37625
64803224,37740
64803223,37740
64803222,37696
64803197,35984
64803196,35984
64803195,37820
64803193,37630
64803201,36494
64803200,38011
64803199,36419
64803198,36419
64803205,38195
64803204,38067
64803203,38067
64803202,36489
64803209,37599
64803208,37599
64803207,37625
64803206,38195
64803251,36972
64803250,37450
64803249,38147
64803248,38147
64803255,38169
64803254,37176
64803253,37176
64803252,37153
64803303,37153
64803302,36923
64803301,36083
64803256,38085
64803486,36026
64803485,35830
64803426,37371
64803353,37141
64803235,35913
64803234,35912
64803227,35854
64803226,35854
64803239,36083
64803238,36655
64803237,36655
64803236,36034
64803243,38212
64803242,35920
64803241,35920
64803240,36854
64803247,38292
64803246,37329
64803245,38207
64803244,38248
64803510,35960
64803509,35960
64803508,93300
64803507,93300
64803514,93406
64803513,93406
64803512,93406
64803511,93406
64803518,36336
64803517,35963
64803516,35963
64803515,93406
64803522,36830
64803521,37912
64803520,36348
64803519,36336
64803490,38039
64803489,37543
64803488,37543
64803487,37327
64803494,36624
64803493,38038
64803492,37770
64803491,37768
64803502,36299
64803501,36525
64803500,36514
64803495,36624
64803506,30390
64803505,35763
64803504,30388
64803503,35782
64803052,37198
64803051,37204
64803050,37814
64803049,37814
64803056,36574
64803055,36776
64803054,37198
64803053,37198
64803060,38413
64803059,36555
64803058,36557
64803057,36557
64803064,37163
64803063,37162
64803062,36553
64803061,38413
64803036,38091
64803035,37818
64803034,37825
64803033,37824
64803040,37234
64803039,37234
64803038,37231
64803037,37231
64803044,37247
64803043,37238
64803042,37238
64803041,37237
64803048,37792
64803047,37792
64803046,37248
64803045,37239
64803084,36054
64803083,35918
64803082,35911
64803081,35911
64803088,36620
64803087,36620
64803086,37755
64803085,37755
64803092,36107
64803091,36620
64803090,36620
64803089,36641
64803096,93406
64803095,37788
64803094,37444
64803093,37455
64803068,37133
64803067,37166
64803066,38111
64803065,37152
64803072,36232
64803071,36211
64803070,36212
64803069,37133
64803076,36201
64803075,36226
64803074,36203
64803073,36204
64803080,35914
64803079,35916
64803078,35935
64803077,35935
64803116,36882
64803115,36219
64803114,36219
64803113,36688
64803120,35815
64803119,35815
64803118,35881
64803117,36882
64803124,38133
64803123,35883
64803122,36178
64803121,38118
64803128,38195
64803127,38306
64803126,38306
64803125,38133
64803100,36129
64803099,36127
64803098,93305
64803097,93305
64803104,36072
64803103,35829
64803102,36295
64803101,36295
64803108,37450
64803107,36066
64803106,36129
64803105,36248
64803112,36688
64803111,36338
64803110,36338
64803109,37520
64803148,36182
64803147,36182
64803146,37954
64803145,37187
64803152,36069
64803151,36043
64803150,36184
64803149,36184
64803156,36069
64803155,36069
64803154,36070
64803153,38069
64803160,36240
64803159,36182
64803158,36182
64803157,36043
64803132,35909
64803131,38009
64803130,37148
64803129,38195
64803136,36064
64803135,37724
64803134,36069
64803133,36054
64803140,35995
64803139,36055
64803138,36051
64803137,37724
64803144,37187
64803143,37779
64803142,37779
64803141,35995
64802430,36057
64802429,36057
64802428,36050
64802427,36051
64802434,36048
64802433,36042
64802432,36043
64802431,36055
64802439,36063
64802438,36063
64802437,36063
64802436,36063
64802443,36029
64802442,36087
64802441,36087
64802440,36060
64802412,35801
64802411,35846
64802410,35846
64802409,35845
64802416,35777
64802415,35778
64802414,35803
64802413,35801
64802420,35775
64802419,35779
64802418,35779
64802417,35777
64802426,36069
64802425,37012
64802422,36044
64802421,36045
64802463,38174
64802462,38158
64802461,38149
64802460,38131
64802467,38317
64802466,38317
64802465,38318
64802464,38169
64802471,38314
64802470,38315
64802469,38316
64802468,38318
64802475,38050
64802474,38013
64802473,38221
64802472,38331
64802447,36082
64802446,36085
64802445,36026
64802444,36027
64802451,37859
64802450,36635
64802449,36633
64802448,36810
64802455,38251
64802454,38251
64802453,38096
64802452,38096
64802459,38288
64802458,38288
64802457,38255
64802456,38255
64802496,37982
64802495,38002
64802494,37979
64802493,37963
64802500,38238
64802499,38042
64802498,37985
64802497,37984
64802505,38358
64802503,38230
64802502,38216
64802501,38238
64803000,37328
6480286,37788
64802680,38212
64802506,37007
64802479,38054
64802478,38016
64802477,38017
64802476,38017
64802483,37591
64802482,37600
64802481,37600
64802480,38056
64802487,37963
64802486,37601
64802485,37601
64802484,37591
64802492,37976
64802491,37964
64802490,37954
64802489,37954
64803020,37326
64803019,37326
64803018,37858
64803017,36107
64803024,37804
64803023,38110
64803022,38111
64803021,37860
64803028,37816
64803027,37816
64803026,37820
64803025,37805
64803032,37828
64803031,37837
64803030,37833
64803029,37833
64803004,37328
64803003,37329
64803002,37329
64803001,37332
64803008,37361
64803007,37319
64803006,37361
64803005,37320
64803012,37277
64803011,37277
64803010,37301
64803009,37301
64803016,36119
64803015,37266
64803014,37300
64803013,37300
64802298,36403
64802297,36408
64802296,36408
64802295,36410
64802302,36215
64802301,36401
64802300,36401
64802299,36403
64802306,36011
64802305,36011
64802304,36011
64802303,36011
64802310,35977
64802309,35976
64802308,36177
64802307,36177
64802282,36601
64802281,36628
64802280,36628
64802279,36647
64802286,36617
64802285,36605
64802284,36597
64802283,36600
64802290,36582
64802289,36616
64802288,36616
64802287,36617
64802294,36410
64802293,36420
64802292,36420
64802291,36582
64802330,36224
64802329,36224
64802328,36199
64802327,36199
64802334,37872
64802333,37872
64802332,37564
64802331,37564
64802338,37877
64802337,37877
64802336,37870
64802335,37870
64802342,37890
64802341,37890
64802340,37896
64802339,37896
64802314,35891
64802313,30687
64802312,35907
64802311,35976
64802318,35909
64802317,35909
64802316,35889
64802315,30685
64802322,36180
64802321,36177
64802320,36177
64802319,36177
64802326,36199
64802325,36199
64802324,36200
64802323,36200
64802362,36671
64802361,36923
64802360,36923
64802359,36923
64802366,36666
64802365,36659
64802364,36659
64802363,36671
64802370,36456
64802369,36458
64802368,36458
64802367,36666
64802374,36075
64802373,36452
64802372,36452
64802371,36456
64802346,38142
64802345,37925
64802344,37925
64802343,37903
64802350,36923
64802349,36923
64802348,36923
64802347,38134
64802354,36923
64802353,36923
64802352,36923
64802351,36923
64802358,36923
64802357,36923
64802356,36923
64802355,36923
64802394,35855
64802393,35855
64802392,35938
64802391,35938
64802399,35843
64802398,35841
64802396,35852
64802395,35852
64802403,35862
64802402,35838
64802401,35866
64802400,35865
64802408,35845
64802407,35845
64802406,35844
64802404,35840
64802378,36057
64802377,36072
64802376,36072
64802375,36075
64802382,36060
64802381,36047
64802380,36054
64802379,36055
64802386,36063
64802385,36063
64802384,36064
64802383,36059
64802390,35944
64802389,35944
64802388,36066
64802387,36066
64804295,37954
64804294,37960
64804293,38009
64804292,38009
64804299,36097
64804298,36097
64804297,36284
64804296,36284
64804303,36110
64804302,36095
64804301,36095
64804300,36904
64804307,37145
64804306,37143
64804305,37203
64804304,36110
64804276,36258
64804275,36258
64804274,36258
64804273,36258
64804281,38403
64804280,37265
64804279,37903
64804278,37903
64804285,35881
64804284,35881
64804283,38116
64804282,38116
64804291,36945
64804290,36929
64804287,37351
64804286,36106
64804328,36226
64804327,36224
64804326,36224
64804325,36112
64804332,38109
64804331,36072
64804330,36058
64804329,36059
64804336,36013
64804335,36013
64804334,36461
64804333,36461
64804340,37021
64804339,36777
64804338,36780
64804337,36204
64804311,93406
64804310,37237
64804309,37237
64804308,37145
64804316,93406
64804315,93406
64804314,93406
64804312,93406
64804320,37630
64804319,37606
64804318,37606
64804317,93406
64804324,36112
64804323,37148
64804322,37954
64804321,37630
64804637,38382
64804636,38382
64804635,38382
64804634,38382
64804641,37636
64804640,37046
64804639,37046
64804638,38382
64804645,38022
64804644,38493
64804643,38493
64804642,37636
64806246,38292
64804927,38371
64804926,38371
64804826,37346
64804537,36122
64804536,37346
64804527,38382
64804526,36257
64804619,36882
64804618,36882
64804566,35913
64804543,35912
64804629,37292
64804628,37345
64804627,37265
64804626,37530
64804633,37618
64804632,37618
64804631,38156
64804630,38159
6480DUNKELD0,36692
6480BLARATH0,93292
64808010,37348
64808009,36340
6480PTLCHRY0,36335
6480PERTH0,37430
6480INVGWRE0,38382
6480GLNEGLS0,36178
64803269,37457
64803268,36829
64803267,36868
6480RANNOCH0,55287
64803285,36913
64803284,36233
64803266,36051
64803272,37327
64807000,36896
648064801751,38382
648064801226,36257
648064801148,36122
64808000,37476
64807003,36247
64807002,36184
64807001,36240
64808004,38039
64808003,37430
64808002,37397
64808001,37381
64808008,37352
64808007,37430
64808006,37397
64808005,37517
64804161,36296
64804160,36115
64804159,38115
64804158,37851
64804165,36988
64804164,36738
64804163,36692
64804162,36296
64804169,37587
64804168,37609
64804167,37619
64804166,37001
64804173,38297
64804172,38297
64804171,38148
64804170,38148
64804145,37365
64804144,36972
64804143,36972
64804142,35967
64804149,37365
64804148,37365
64804147,37365
64804146,37365
64804153,36822
64804152,36653
64804151,36115
64804150,36979
64804157,37863
64804156,38114
64804155,38114
64804154,38102
64804193,36593
64804192,36593
64804191,37954
64804190,37954
64804198,37261
64804197,37261
64804196,37264
64804195,37264
64804202,37859
64804201,36351
64804200,37505
64804199,37441
64804206,35957
64804205,35957
64804204,35957
64804203,38371
64804177,36666
64804176,36660
64804175,37346
64804174,37346
64804181,36092
64804180,37979
64804179,37959
64804178,38002
64804185,37363
64804184,37321
64804183,36224
64804182,36092
64804189,37953
64804188,37953
64804187,37320
64804186,37320
64804226,35814
64804225,35875
64804224,35875
64804223,35789
64804230,38370
64804229,37816
64804228,37816
64804227,35814
64804235,38176
64804234,38176
64804232,38221
64804231,37518
64804239,36589
64804238,35883
64804237,37450
64804236,38155
64804210,35871
64804209,35881
64804208,35881
64804207,35957
64804214,35783
64804213,35785
64804212,35785
64804211,35871
64804218,35762
64804217,35764
64804216,35764
64804215,35783
64804222,35789
64804221,35760
64804220,35760
64804219,35762
64804259,36660
64804258,38493
64804257,37473
64804256,37450
64804263,37564
64804262,37557
64804261,37557
64804260,36930
64804267,37407
64804266,36930
64804265,37564
64804264,37457
64804272,36963
64804271,37348
64804270,37348
64804269,37327
64804243,38020
64804242,38371
64804241,36231
64804240,36596
64804247,37567
64804246,37012
64804245,37007
64804244,35999
64804251,38091
64804250,37818
64804249,37247
64804248,37773
64804255,37397
64804254,37442
64804253,36949
64804252,37547
64804032,36034
64804031,36042
64804030,36059
64804029,36063
64804036,38170
64804035,38170
64804034,36050
64804033,36054
64804040,38047
64804039,38047
64804038,38154
64804037,38154
64804044,36974
64804043,36952
64804042,37338
64804041,38254
64804015,37547
64804014,37547
64804013,37547
64804012,37548
64804019,37551
64804018,37563
64804017,37548
64804016,37552
64804023,37585
64804022,37585
64804021,37551
64804020,37551
64804028,36063
64804026,37564
64804025,37564
64804024,37564
64804064,37954
64804063,37646
64804062,37668
64804061,38043
64804069,38392
64804068,37611
64804067,37876
64804066,38036
64804073,35877
64804072,35877
64804071,36405
64804070,36405
64804077,36263
64804076,35910
64804075,36246
64804074,36246
64804048,38110
64804047,38440
64804046,36783
64804045,36783
64804052,37561
64804051,37557
64804050,38443
64804049,37105
64804056,37628
64804055,37341
64804054,37523
64804053,37523
64804060,37976
64804059,38150
64804058,37316
64804057,37628
64804097,37611
64804096,36349
64804095,35814
64804094,35814
64804101,36105
64804100,35873
64804099,35873
64804098,93406
64804105,37040
64804104,37918
64804103,93309
64804102,36105
64804109,37197
64804108,37715
64804107,37715
64804106,37652
64804081,36264
64804080,36256
64804079,36256
64804078,36263
64804085,36246
64804084,36246
64804083,36264
64804082,36264
64804089,36078
64804088,36067
64804087,36238
64804086,36238
64804093,36545
64804092,36546
64804091,93406
64804090,36078
64804129,38010
64804128,38010
64804127,37967
64804126,37967
64804133,38005
64804132,38005
64804131,38003
64804130,38003
64804137,37667
64804136,37289
64804135,36126
64804134,36126
64804141,37660
64804140,37649
64804139,37657
64804138,37668
64804113,36773
64804112,36630
64804111,37573
64804110,37197
64804117,37563
64804116,37567
64804115,37567
64804114,37567
64804121,38012
64804120,37959
64804119,38004
64804118,38004
64804125,37969
64804124,37969
64804123,37958
64804122,37958
64803542,37769
64803541,37765
64803540,37765
64803539,37766
64803546,36873
64803545,38478
64803544,37157
64803543,37767
64803550,37027
64803549,37027
64803548,37026
64803547,37026
64803554,37031
64803553,37031
64803552,37030
64803551,37030
64803526,37447
64803525,36868
64803524,36868
64803523,37354
64803530,36980
64803529,37150
64803528,37152
64803527,37162
64803534,35860
64803533,37160
64803532,37196
64803531,36977
64803538,37764
64803537,37780
64803536,37193
64803535,37192
64803574,35910
64803573,37062
64803572,36116
64803571,38134
64803578,37703
64803577,36817
64803576,37766
64803575,38478
64803582,37683
64803581,37093
64803580,37093
64803579,37703
64803586,37733
64803585,37707
64803584,37707
64803583,37683
64803558,37053
64803557,37053
64803556,37035
64803555,37035
64803562,35832
64803561,37912
64803560,37053
64803559,37053
64803566,38135
64803565,38135
64803564,38161
64803563,38161
64803570,38134
64803569,38134
64803568,38135
64803567,38134
64803966,38033
64803965,36427
64803964,36427
64803963,36964
64803970,38030
64803969,38032
64803968,38032
64803967,38017
64803974,36844
64803973,36868
64803972,38016
64803971,38016
64803978,36868
64803977,36829
64803976,36830
64803975,36842
64803590,37397
64803589,37397
64803588,37397
64803587,37733
64803954,36909
64803593,37320
64803592,37397
64803591,37397
64803958,37609
64803957,37609
64803956,37607
64803955,37597
64803962,36964
64803961,36972
64803960,36964
64803959,36958
64803999,37374
64803998,37326
64803997,37326
64803996,37316
64804003,37347
64804002,37374
64804001,37374
64804000,37374
64804007,37456
64804006,37486
64804005,37345
64804004,37530
64804011,37548
64804010,37547
64804009,37547
64804008,37444
64803982,37386
64803981,36913
64803980,36913
64803979,36829
64803986,36913
64803985,37316
64803984,37326
64803983,37327
64803991,37316
64803990,37430
64803989,37430
64803987,36836
64803995,37316
64803994,37316
64803993,37316
64803992,37316
6490IM618,40155
6490IM633,40155
6490IM6363,40116
6490IM6361,40101
6490IM488,39282
6490IM1929,40577
6490IM634,40577
6490IM1871,40265
6490IM1112,39997
6490IM1075,39997
6490IM9105,40348
6490IM9104,40348
6490IM180,39348
6490IM179,39348
6490IM1794,40395
6490IM1793,40395
6490IM6365,40055
6490IM1076,40196
6490IM1111,40196
6490IM983,40154
6490IM338,39363
6490IM353,39363
6490IM18691,39330
6490IM18689,39330
6490IM1079,39546
6490IM1907,39546
6490IM100,39358
6490IM099,39358
6490IM207,39159
6490IM1133,40802
6490IM1167,40802
410000060034,55587
6490IM023,39273
6490IM11414,40060
6490IM11413,40060
6490IM576,40066
6490IM1860,40349
6490IM1184,40037
6490IM1183,40037
6490IM11412,40059
6490IM11411,40059
6490IM1185,40059
6490IM1186,40059
6490IM219,40060
6490IM1188,40060
6490IM890,40068
6490IM582,40068
6490IM218,40060
6490IM1187,40060
6490IM1918,40577
6490IM1905,40577
6490IM214,40792
6490IM230,40790
6490IM092,40777
6490IM6311,40378
6490IM1340,40125
6490TX013,39478
6490IM038,40816
6490IM1994,40816
6490IM1713,39375
6490IM030,40777
6490IM1859,40349
6490IM1080,39032
6490IM1432,39032
6490IM1995,40816
6490IM9114,40184
6490IM1158,40408
6490IM1159,40408
6490IM1708,39388
410000060606,55634
6490IM624,40746
410000060605,55570
6490IM1070,40146
6490IM982,40146
6490IM9115,40184
6490IM1716,39949
6490IM1715,39986
6490IM1885,39949
6490IM679,40746
6490IM5870,40777
6490IM055,39944
6490IM017,39986
6490IM1886,39986
6490IM18873,40186
6490IM18871,40186
649018114,40037
649018112,40037
6490IM1462,39345
6490IM600,39396
6490IM599,39345
6490IM1273,39397
6490IM1461,39345
6490IM609,39396
6490IM1274,39397
6490IM610,39345
6490IM929,39388
6490IM1963,39350
6490IM1962,39350
6490IM1961,39345
6490IM272,40288
6490IM268,40536
6490IM1692,39395
6490IM903,39395
410000061245,55570
6490IM163,40626
6490IM050,40382
649017969,40636
649017967,40636
6490IM732,40381
6490IM1055,40391
649017685,40631
6490IM042,40632
6490IM527,40382
410000070501,5400
6490IM3005,40380
410000070500,5679
6490IM734,40378
6490IM733,40356
6490IM409,40139
6490IM1774,39325
6490IM1323,39564
6490IM5871,40777
6490IM1921,39801
6490IM1927,40569
6490IM1928,40569
6490IM401,40139
6490IM904,37747
6490IM1089,39810
6490IM1110,39810
6490IM1922,39801
410000061237,55594
6490IM667,40773
6490IM096,40766
6490IM037,40766
6490IM666,40774
6490IM543,40518
6490IM1343,40555
6490IM562,40513
6490IM2361,40461
6490IM1503,40495
6490IM1502,40487
6490IM558,40487
6490IM273,40487
6490IM1177,40558
6490IM1342,40476
6490IM217,40519
6490IM216,40519
6490IM873,40526
6490IM1458,40534
6490IM542,40531
6490IM874,40526
6490IM349,40487
6490IM595,40494
6490IM863,40458
6490IM1201,40458
6490IM537,40464
6490IM656,40477
6490IM348,40487
6490IM387,40477
6490IM563,40513
6490IM1300,40484
6490IM1095,40513
6490IM561,40447
6490IM2360,40484
6490IM2362,40447
6490IM2566,40513
6490IM2565,40513
6490IM869,40512
6490IM1096,40517
6490IM657,40493
6490IM888,40527
6490IM300,40534
6490IM471,40534
6490IM373,40740
6490IM868,40512
6490IM383,40500
6490IM295,40457
6490IM660,40504
6490IM323,40453
6490IM1179,40534
6490IM1178,40534
6490IM604,40526
6490IM662,40526
6490IM677,40499
6490IM1239,40470
6490IM1459,40534
6490IM283,40529
6490IM880,40519
6490IM881,40519
6490IM1193,40519
6490IM296,40457
6490IM328,40547
6490IM479,40449
6490TX004,40477
6490IM9074,40450
6490IM883,40526
6490IM1083,40527
6490IM617,40526
6490IM313,40547
6490IM997,40054
6490IM591,40448
6490IM854,40443
6490IM303,40445
6490IM1435,39771
6490IM197,40813
6490IM198,40813
6490IM996,40036
6490IM1693,39275
6490IM67,39275
6490IM919,39405
6490IM1434,39752
6490IM1200,40413
6490IM243,39994
6490IM9998,40739
6490IM001,40742
6490IM567,40519
6490IM329,40519
6490IM3338,40534
6490IM299,40534
6490IM621,40453
6490IM857,40471
6490IM388,40443
6490IM386,40519
6490IM301,40445
6490IM590,40448
6490IM302,40458
6490IM540,40520
6490IM620,40520
6490IM661,40453
6490IM568,40470
6490IM1244,40453
6490IM1308,40316
6490IM1307,40316
6490IM1372,39996
6490IM1371,39996
6490IM1971,39524
410000050215,55591
6490IM1303,39524
410000050214,55594
6490IM1352,39814
6490IM1314,39814
6490IM1049,40426
6490IM1256,40415
6490IM1255,40415
6490IM664,40415
6490IM962,40154
6490IM1113,40154
6490IM961,40154
6490IM1832,39994
6490IM935,39844
6490IM1136,44995
6490IM1137,44995
6490IM1165,40413
6490IM598,39359
6490IM597,39360
649018019,39354
649018017,39354
6490IM18687,39390
6490IM18685,39390
6490IM1972,39300
6490IM1973,39300
6490IM552,39395
6490IM551,39395
6490IM1358,39820
6490IM1315,39820
6490IM692,40438
6490IM693,40438
6490IM073,39375
6490IM074,39375
6490IM3307,40741
6490IM20822,40548
6490IM20824,40548
6490IM978,40438
6490IM858,40452
6490IM209,40453
6490IM205,40531
6490IM047,40519
6490IM171,40507
6490IM659,40505
6490IM592,40452
6490IM208,40453
6490IM083,40178
6490IM082,40177
6490IM1309,39581
6490IM1953,40188
6490IM3306,40741
6490IM1101,39602
6490IM1100,39604
6490IM1985,39545
6490IM1969,40183
6490IM18891,39405
6490IM9118,40768
6490IM9119,40768
6490IM496,37747
6490IM434,40186
6490IM1970,40183
6490IM203,40186
6490TX005,40477
6490IM1737,40481
6490IM1736,40481
6490IM1735,40481
6490IM566,40484
6490IM865,40461
6490IM565,40459
6490IM686,40464
6490IM1501,40487
6490IM867,40484
6490IM866,40461
6490IM864,40463
6490IM1084,40526
6490IM1246,40529
6490IM1325,40529
6490IM1500,40487
6490IM877,40528
6490IM1071,40534
6490IM663,40528
6490IM871,40518
6490IM878,40528
6490IM605,40528
6490IM215,40535
6490IM298,40534
6490IM1730,40481
6490IM002,40477
6490IM674,40486
6490IM870,40467
6490IM1734,40481
6490IM1733,40481
6490IM1732,40481
6490IM1731,40481
6490IM1099,40449
6490IM731,40416
6490IM1287,40423
6490IM594,40416
6490IM1072,40442
6490IM2564,40447
6490IM538,40519
6490IM678,40519
6490IM3013,40442
6490IM2563,40442
6490IM3014,40447
6490IM3012,40442
6490IM357,40443
6490IM860,40523
6490IM658,40523
6490IM859,40520
6490IM1249,40526
6490IM224,40526
6490IM1328,40534
6490IM1251,40534
6490IM1250,40527
6490IM654,40535
6490IM535,40526
6490IM1326,40526
6490IM1327,40526
6490IM1247,40526
6490IM653,40529
6490IM886,40529
6490IM210,40494
6490IM879,40535
6490IM872,40527
6490IM1252,40526
6490IM2814,40494
6490IM1451,40535
6490IM1453,40527
6490IM1454,40527
6490IM1243,40445
6490IM856,40503
6490IM212,40560
6490IM211,40514
6490IM855,40446
6490IM1242,40445
6490IM1241,40445
6490IM263,40444
6490IM665,40494
6490IM862,40457
6490IM213,40500
6490IM1240,40500
6490IM1374,40460
6490IM1336,40461
6490IM1335,40459
6490IM1341,40443
6490IM669,40442
6490IM1082,40491
6490IM1375,40461
6490IM1412,40460
6490IM676,40489
6490IM616,40510
6490IM564,40442
6490IM861,40513
6490IM1455,40527
6490IM1452,40535
6490IM2017,40527
6490IM360,40521
64803387,37904
64803389,36868
64804500,36904
64803390,37453
64803384,36751
64803386,37890
64803385,37890
64803388,37904
64804525,36872
64803382,36901
64804740,36868
64803383,36749
64803381,37405
64803380,37405
64804952,36864
64803484,36864
64803289,36868
64803288,36868
64803287,38263
64803286,36868
64803292,36868
648000009019,35774
64803291,36868
64803290,36868
64803296,36844
64803295,36844
64803294,36844
64803293,36868
64803300,36854
64803299,36913
64803298,36842
64803297,36844
64803362,35838
64803363,35836
64803364,35861
64803365,35837
64803358,36830
64803359,35853
64803360,35846
64803361,35839
64803354,93406
64803352,93406
64803351,93406
64803357,36830
64803347,93406
64803350,93406
64803349,93406
64803355,93406
64803377,37384
64803378,37384
64803379,37849
648000009052,37849
64803373,37850
64803374,37850
64803375,37529
64803376,37529
64803369,37892
64803370,36923
64803371,36923
64803372,35867
64803366,35839
64803367,35841
64807004,38235
64803368,37892
64803330,36930
64803329,36930
64803333,36930
64803335,36945
64803309,36212
64803308,36231
64803307,36399
64803306,36203
64803313,36208
64803312,36204
64803311,36217
64803310,36218
64803317,36224
64803316,36199
64803315,36425
64803314,36211
64803356,35834
64803346,93406
64803345,93406
64803348,93406
64803342,36880
64803341,36880
64803344,37234
64803343,37234
64803332,36950
64803338,36224
64803339,36104
64803340,36107
64803334,36929
64803331,36930
64803336,36930
64803337,36930
64802692,36215
64802691,36434
64802690,36434
64802686,36102
64802697,36913
64802696,37266
64802695,37108
64802694,37108
64802723,37235
64802722,37196
64804501,36904
64802698,93406
64802727,37620
64802726,37620
64802725,36904
64802724,37231
64803322,36401
64803321,36203
64803320,36209
64803318,36032
64803326,38465
64803325,38465
64803324,38457
64803323,38457
64802682,37857
64802681,37859
64803328,38447
64803327,38447
648026876,36102
64802684,36103
64802685,36102
64802683,36119
640014152,38631
640014150,38539
640014148,38545
640014146,39213
640014160,38719
640014158,38719
3100Z160812,55583
640014156,38719
3100Z160740,55587
640014154,38719
3100Z160739,55587
640014168,38530
3100Z160719,55570
640014166,38530
3100Z161727,55570
640014164,38641
3100Z161724,55570
640014162,38641
3100Z161723,55570
640014176,38723
3100Z160813,55583
640014174,38723
3100Z162735,55587
640014172,38534
3100Z162733,55587
640014170,38534
3100Z162732,55587
640013970,38504
3100Z161735,55587
640012965,38794
3100Z164721,55570
640012963,38936
3100Z163731,55587
640012961,38914
3100Z163726,55570
640014092,38914
3100Z162736,55587
640014085,38667
3100Z156715,55570
640013975,38774
3100Z156706,55570
640013973,38935
3100Z155882,55573
640014116,38633
3100Z155714,55570
640014114,38935
3100Z159706,55570
640014112,39065
3100Z158749,55587
640014094,39233
3100Z158716,55570
640014144,38756
3100Z157741,55587
640014124,38936
3100Z159742,55587
640014120,39198
3100Z159723,55570
640014118,39167
3100Z159722,55570
640014216,38701
3100Z159717,55570
640014214,38701
3100Z160718,55570
640014212,38640
3100Z160705,55570
640014210,38640
3100Z159749,55587
640014224,38553
3100Z159743,55587
640014222,38553
3100Z175722,55570
640014220,38566
3100Z175721,55570
640014218,38566
3100Z174891,55573
640014232,38970
3100Z173724,55570
640014230,39242
3100Z176873,55572
640014228,39242
3100Z175988,55573
640014226,38913
3100Z175987,55573
640014286,39183
3100Z175873,55572
640014247,38632
3100Z181717,55570
640014245,38629
3100Z180717,55570
640014243,38596
3100Z178824,55583
640014184,38501
3100Z177824,55583
640014182,38501
3100Z182886,55573
640014180,38530
3100Z182885,55573
640014178,38530
3100Z182875,55572
640014192,38949
3100Z182874,55572
640014190,38949
3100Z165722,55570
640014188,38753
3100Z165721,55570
640014186,38951
3100Z164728,55570
640014200,38667
3100Z164727,55570
640014198,38667
3100Z167872,55572
640014196,38695
3100Z165734,55587
640014194,38695
3100Z165730,55570
640014208,38640
3100Z165729,55570
640014206,38640
3100Z171859,55572
640014204,38621
3100Z170728,55570
640014202,38584
3100Z168728,55570
640016838,38541
3100Z167873,55572
640016826,38639
3100Z172904,55573
640016824,38913
3100Z172903,55573
640016822,38617
3100Z172859,55572
640016863,39023
3100Z172724,55570
640016844,39060
3100Z188834,55583
640016842,39033
3100Z186964,55573
640016840,38541
3100Z186963,55573
640016919,38506
3100Z186909,55573
640016917,38506
3100Z188935,55573
640016867,38961
3100Z188924,55573
640016865,39023
3100Z188923,55573
640017235,38750
3100Z188835,55583
640017109,38516
3100Z189945,55573
640017107,38516
3100Z189944,55573
640017105,38549
3100Z189935,55573
640014422,38550
3100Z189803,55583
640014420,38704
3100Z191851,55572
640014418,38546
3100Z190869,55572
640014416,38546
3100Z190867,55572
640014430,38537
3100Z190803,55583
640014428,38506
3100Z183839,55583
640014426,38634
3100Z183724,55591
640014424,38553
3100Z182999,55573
640014444,38699
3100Z182998,55573
640014442,38699
3100Z183896,55573
640014440,38706
3100Z183867,55572
640014435,38644
3100Z183864,55572
640016807,39031
3100Z183840,55583
640016805,39032
3100Z185811,55583
640016803,39032
3100Z184898,55573
640014446,38719
3100Z184811,55583
64006829,38552
3100Z184724,55591
64006827,38552
3100Z186867,55572
64006825,38509
3100Z186820,55583
64006823,38639
3100Z186819,55583
64006837,38382
3100Z185909,55573
64006835,38538
3100Z196862,55572
64006833,38633
3100Z196859,55572
64006831,38633
3100Z195865,55572
64006845,38396
3100Z195864,55572
64006843,38396
3100Z198847,55583
64006841,38972
3100Z198846,55583
64006839,38543
3100Z197859,55572
64006853,38538
3100Z197849,55583
64006851,38538
3100Z19886B,55572
64006849,38396
3100Z19886A,55572
64006847,38396
3100Z198853,55583
640017260,38650
3100Z198852,55583
640017243,38610
3100Z19886F,55572
640017241,38633
3100Z19886E,55572
640017237,38856
3100Z19886D,55572
64004504,38656
3100Z19886C,55572
64004492,38509
3100Z192851,55572
64004424,39096
3100Z191869,55572
640017262,38848
3100Z191867,55572
64006813,38804
3100Z191862,55572
64006811,38804
3100Z193823,55583
64006809,38985
3100Z192862,55572
64006807,38974
3100Z192855,55572
64006821,38639
3100Z192854,55572
64006819,38509
3100Z194855,55572
64006817,38584
3100Z193862,55572
64006815,38945
3100Z193857,55572
639008051,47065
3100Z193824,55583
639008041,46248
3100Z195852,55572
639008031,46703
3100Z194897,55573
639008021,43806
3100Z194896,55573
639008091,46672
3100Z194865,55572
639008082,46681
3100Z107634,55570
639008081,46681
3100Z107633,55570
639008061,47118
3100Z106706,55570
639008373,46397
3100Z106662,55570
639008352,46351
3100Z108786,55587
639008102,46069
3100Z108785,55587
639008092,46672
3100Z108631,55570
639009064,46587
3100Z107661,55570
639009063,46587
3100Z109994,55573
639009061,46587
3100Z109631,55570
639009052,46587
3100Z109628,55570
639007174,46208
3100Z108993,55573
639007041,46055
639006545,47085
3100Z110720,55587
639006536,47066
3100Z110719,55587
639007952,46444
3100Z110628,55570
639007942,46444
3100Z102786,55587
639007382,46066
3100Z102629,55570
639007381,46067
3100Z102628,55570
639007974,46339
3100Z102627,55570
639007973,46339
3100Z104629,55570
639007962,46667
3100Z103677,55570
639007961,46667
3100Z103676,55570
639007978,46354
3100Z103630,55570
639007977,46327
3100Z105631,55570
639007976,70042
3100Z105629,55570
639007975,70042
3100Z104994,55573
640010722,38501
3100Z104630,55570
640010720,38382
3100Z106632,55570
640010718,38504
3100Z106631,55570
640010716,39260
3100Z106629,55570
640011025,38608
3100Z105994,55573
640010728,39045
3100Z120718,55587
640010726,39045
3100Z120717,55587
640010724,38502
3100Z120643,55570
640011155,38659
3100Z119721,55587
640011036,39172
3100Z122711,55570
640011034,38948
3100Z122066,55587
640011027,38608
3100Z121771,55587
640011163,38667
3100Z120771,55587
640011161,38642
3100Z127668,55570
640011159,38719
3100Z126668,55570
640011157,38659
3100Z123711,55570
639061351,46165
3100Z122766,55587
639061341,46048
3100Z129758,55587
639040692,43804
3100Z129757,55587
639009065,46587
3100Z129671,55570
639066861,46174
3100Z128671,55570
639066511,46444
3100Z113645,55570
639066251,43205
3100Z112856,55572
639066243,46129
3100Z112648,55570
639080008,47006
639067261,46397
3100Z114647,55570
639067025,46453
3100Z114646,55570
639067011,46465
3100Z113648,55570
640010714,39192
3100Z113646,55570
640010712,39245
3100Z118646,55570
63909200AIR,46387
3100Z117646,55570
63908361,46351
3100Z115664,55570
640011715,38548
3100Z115663,55570
640011713,38579
3100Z119720,55587
640011711,38550
3100Z119644,55570
640011709,38550
3100Z118857,55572
640012216,39173
3100Z118856,55572
640011727,38635
3100Z138987,55573
640011725,38395
3100Z137789,55587
640011723,38395
3100Z136789,55587
640012224,38657
3100Z136669,55570
640012222,38888
3100Z141668,55570
640012220,38539
3100Z139773,55587
640012218,38545
3100Z139772,55587
640012232,39131
3100Z138988,55573
640012230,38695
3100Z143963,55573
640012228,38656
3100Z143714,55570
640012226,38949
3100Z143713,55570
640011661,33292
3100Z142668,55570
640011169,38699
3100Z144701,55570
640011167,38713
3100Z144700,55570
640011165,38667
3100Z144699,55570
640011680,38608
3100Z144669,55570
640011678,38608
3100Z130858,55572
640011676,39239
3100Z130814,55587
640011674,39239
3100Z130703,55570
640011699,38792
3100Z129814,55587
640011697,38817
3100Z131703,55570
640011695,38538
3100Z130893,55573
640011693,38538
3100Z130892,55573
640011707,38619
3100Z130859,55572
640011705,38640
3100Z133694,55570
640011703,38640
3100Z133670,55570
640011701,38939
3100Z133669,55570
640012276,38530
3100Z132669,55570
640012274,38640
3100Z135670,55570
640012272,38640
3100Z135669,55570
640012270,38501
3100Z134668,55570
640012943,38896
3100Z133695,55570
640012941,39123
3100Z150944,55573
640012280,39345
3100Z150943,55573
640012278,38530
3100Z150880,55573
640012951,38746
3100Z150715,55570
640012949,38745
3100Z151716,55570
640012947,38859
3100Z151714,55570
640012945,38771
3100Z151712,55570
640012959,38913
3100Z151577,55587
640012957,38776
3100Z152708,55570
640012955,38775
3100Z152705,55570
640012953,38841
3100Z151766,55587
640012240,39093
3100Z151765,55587
640012238,39098
3100Z154718,55570
640012236,39099
3100Z153705,55570
640012234,39162
3100Z152712,55570
640012248,38948
3100Z152709,55570
640012246,38947
3100Z144710,55570
640012244,38947
3100Z144709,55570
640012242,38948
3100Z144706,55570
640012256,38947
3100Z144705,55570
640012254,38947
3100Z145685,55570
640012252,38948
3100Z145668,55570
640012250,38948
3100Z144961,55573
640012264,38537
3100Z144769,55587
640012262,38950
3100Z147946,55573
640012260,38657
3100Z145769,55587
640012258,38947
3100Z145714,55570
639067972,47577
3100Z145699,55570
639067962,46245
3100Z149703,55570
639067961,46245
3100Z148946,55573
639067951,46478
3100Z148714,55570
639067976,46224
3100Z148703,55570
639067975,47573
3100Z072635,55562
639067974,47573
3100Z072634,55562
639067973,47577
3100Z072616,55562
639070011,47051
639067979,46083
3100Z075620,55562
639067978,46084
3100Z075615,55562
639067977,46224
3100Z075614,55562
639070051,47051
639070041,47051
3100Z077621,55562
639070031,47051
3100Z077612,55562
639070021,47051
3100Z077611,55562
639009072,46587
3100Z075621,55562
639009071,46587
3100Z078682,55561
639009062,46587
639009051,46587
639061343,46048
3100Z077622,55562
639061342,46048
639009082,46444
3100Z065682,55561
639009081,46444
3100Z065654,55561
639066250,46351
3100Z065653,55561
639064861,45809
3100Z067604,55562
639062323,47065
639061352,46165
3100Z066638,55561
639067932,46444
3100Z066613,55562
639067022,46465
3100Z067801,55587
639067012,46523
3100Z067800,55587
639066862,46174
3100Z067639,55561
639002796,86011
3100Z067605,55562
639002795,86011
3100Z071617,55562
639002794,86009
3100Z071616,55562
639002793,86009
3100Z070823,55587
639005508,47577
3100Z070617,55562
639005294,70041
3100Z084628,55562
639002798,86009
3100Z084625,55562
639002797,86008
3100Z083692,55570
639009083,46444
3100Z083625,55562
639005614,46387
3100Z084816,55587
639005613,46387
3100Z084815,55587
639005612,46387
3100Z084659,55561
639000541,43807
3100Z084658,55561
639009086,46444
3100Z085659,55561
639009085,46444
3100Z085639,55562
639009084,46444
3100Z085638,55562
639070091,47051
3100Z085625,55562
639070081,47051
3100Z087641,55561
639070071,47051
3100Z087640,55561
639070061,47051
3100Z087635,55562
639070131,47051
3100Z087626,55562
639070121,47051
3100Z078887,55543
639070111,47051
3100Z078721,55587
639070100,47051
3100Z078720,55587
6390DYCE0,46393
3100Z078683,55561
6390ABRDEEN1,47005
6390ABRDEEN0,47006
3100Z079720,55587
639070141,47051
639002790,86005
3100Z078888,55543
639001163,47494
3100Z082635,55562
639001162,47494
3100Z081611,55562
6390005509,47577
3100Z080720,55587
639002683,47380
3100Z080611,55562
639002241,46512
3100Z083624,55562
639002231,46492
3100Z082717,55587
639002222,46489
3100Z082716,55587
639003143,47383
3100Z082636,55562
639002821,46444
3100Z090641,55561
63900282,46444
3100Z090631,55562
639002812,46444
3100Z090628,55562
639003491,46582
639003464,86011
3100Z091641,55561
639003463,86011
3100Z091633,55562
639003442,47117
3100Z091632,55562
639003771,47035
3100Z091628,55562
639003532,46582
3100Z092715,55587
639003531,46582
3100Z092659,55570
639003492,46582
639000571,46819
3100Z091659,55570
639000552,43806
3100Z093629,55562
639000551,43806
639000542,43807
3100Z092824,55587
639001283,46874
3100Z092716,55587
639001272,46259
3100Z088635,55562
639000642,46793
3100Z088626,55562
639000572,46822
3100Z088625,55562
639001576,47288
3100Z088624,55562
639001575,47287
3100Z088861,55587
639001574,47216
3100Z088860,55587
639001573,47216
3100Z088640,55562
639002221,46489
3100Z088639,55562
639002211,46492
3100Z089641,55562
639002013,47246
3100Z089640,55562
639001813,43806
3100Z089633,55562
639006111,46959
3100Z089631,55562
639005868,46296
639005867,46293
3100Z089861,55587
639005866,47171
3100Z089860,55587
639006359,46816
3100Z089785,55587
639006321,46789
3100Z098625,55562
639006311,46816
3100Z098624,55562
639006310,46802
3100Z098623,55562
639006405,47091
3100Z097629,55562
639006379,47001
3100Z099628,55562
639006378,46999
3100Z099627,55562
639006367,46817
3100Z099626,55562
639006535,47066
3100Z098629,55562
639006481,47097
3100Z101628,55570
639006464,47042
3100Z100995,55573
639006447,47084
3100Z099902,55573
639004735,46350
3100Z099901,55573
639004181,46951
3100Z101995,55573
639003882,46627
3100Z101787,55587
639003852,46624
3100Z101630,55570
639005601,47096
3100Z101629,55570
639005296,70042
3100Z093824,55587
639005295,70042
3100Z093659,55570
639004841,46232
3100Z093632,55562
639005743,46232
3100Z093631,55562
639005742,46232
3100Z095629,55562
639005671,70023
3100Z094660,55570
639005632,46392
3100Z094630,55562
639005865,47171
3100Z094629,55562
639005864,47174
3100Z096626,55562
639005863,47174
3100Z095660,55570
639005812,46350
3100Z095631,55562
639007352,46462
3100Z095630,55562
639007351,46464
3100Z097623,55562
639007325,46375
3100Z096660,55570
639007324,46376
3100Z096629,55562
639007371,46066
3100Z096627,55562
639007362,46069
3100Z025859,55543
639007361,46069
3100Z025856,55543
639007353,46461
3100Z025855,55543
639007411,46877
639007392,46065
3100Z028845,55543
639007391,46065
3100Z028843,55543
639007372,46067
3100Z027845,55543
639007415,46869
3100Z026856,55543
639007414,46880
3100Z029719,55555
639007413,46880
3100Z029718,55555
639007412,46876
3100Z029603,55562
639007191,46627
3100Z029602,55562
639007181,46627
639007173,46218
3100Z030719,55555
639007172,46243
3100Z030718,55555
639007291,46587
3100Z030579,55562
639007251,47470
3100Z015636,55561
639007242,46377
3100Z015635,55561
639007241,46386
3100Z014742,55549
639007302,46587
3100Z012616,55562
639007301,46587
3100Z018613,55562
639007293,46587
3100Z017687,55555
639007292,46587
3100Z016687,55555
639007323,46368
3100Z015742,55549
639007322,46383
3100Z019637,55561
639007321,46377
3100Z019636,55561
639007311,46310
3100Z019604,55562
639007911,46857
3100Z018615,55562
639007901,47084
639007582,46644
3100Z021615,55562
639007581,46489
3100Z021614,55562
639007933,46444
3100Z020604,55562
639007932,46444
3100Z039600,55562
639007931,46444
639007921,46453
639007972,46339
639007971,46347
639007951,46444
3100Z039865,55543
639007941,46444
3100Z039685,55561
639008011,43806
3100Z039684,55561
639008001,43807
3100Z042593,55562
639007991,46385
3100Z042592,55562
639007981,46385
639007442,47120
3100Z040864,55543
639007441,47118
3100Z044896,55543
639007421,46064
3100Z043897,55543
639007416,46876
3100Z043896,55543
639007512,47587
639007511,47588
3100Z034725,55587
639007452,47096
3100Z034685,55561
639007451,47118
639007532,46493
3100Z033685,55561
639007531,46493
3100Z035755,55587
639007522,47066
3100Z035725,55587
639007521,47065
3100Z034817,55543
639007571,46665
3100Z034803,55587
639007561,46696
3100Z036615,55562
639007551,46489
3100Z035817,55543
639007541,46493
3100Z035803,55587
639008381,46394
3100Z035756,55587
639008376,46397
3100Z038600,55562
639008375,46397
3100Z037639,55561
639008374,46397
3100Z036639,55561
639008521,46870
3100Z036616,55562
639008511,46232
3100Z051612,55562
639008502,46129
3100Z051611,55562
639008501,46130
3100Z051598,55562
639008533,46885
3100Z051596,55562
639008532,46953
3100Z054583,55562
639008531,46950
3100Z054582,55562
639008522,46870
3100Z052648,55561
639008552,46444
3100Z052598,55562
639008551,46444
3100Z055593,55562
639008542,46444
3100Z055592,55562
639008541,46444
3100Z054649,55561
639008131,46233
3100Z054612,55562
639008121,46687
3100Z056729,55587
639008111,47333
3100Z056728,55587
639008071,47383
3100Z055765,55587
639008354,46351
3100Z055613,55562
639008353,46351
639008351,46351
3100Z044909,55543
639008141,46227
3100Z044908,55543
639008364,46351
3100Z044897,55543
639008363,46351
3100Z046613,55562
639008362,46351
3100Z046612,55562
639008361,46351
639008372,46397
639008371,46397
3100Z049683,55561
639008366,46351
3100Z049592,55562
639008365,46350
3100Z048592,55562
639008813,46444
639008812,46444
3100Z051594,55562
639008811,46444
3100Z050683,55561
639008802,47254
3100Z050596,55562
639008822,46444
3100Z050594,55562
639008821,46444
3100Z061643,55561
639008815,46444
3100Z061594,55562
639008814,46444
3100Z061593,55562
639009001,47096
639008903,46444
3100Z062612,55562
639008902,46444
3100Z062611,55562
639008901,46444
3100Z061647,55561
639009042,46587
3100Z061646,55561
639009041,46587
3100Z064638,55561
639009031,47465
3100Z064637,55561
639009021,46459
639008573,46444
3100Z062643,55561
639008572,46444
3100Z065637,55561
639008571,46444
3100Z065613,55562
639008561,46444
639008601,46227
3100Z064682,55561
639008591,46401
3100Z057650,55561
639008582,47380
3100Z057615,55562
639008581,47384
3100Z057614,55562
639008621,46444
3100Z056765,55587
639008612,46840
3100Z058766,55587
639008611,46840
3100Z058649,55561
639008602,46227
3100Z058594,55562
639008801,47254
3100Z058593,55562
639008711,46444
3100Z059926,55573
639008702,47256
3100Z059651,55561
639008701,47256
3100Z059650,55561
6400PT1417,38530
3100Z058767,55587
6400PT1416,38506
6400PT1415,38504
3100Z060926,55573
6400PT1414,38530
3100Z059977,55573
6400PT1421,38530
3100Z059976,55573
6400PT1420,38501
3100Z273826,55609
6400PT1419,38504
3100Z273788,55607
6400PT1418,38504
3100Z273783,55606
6400PT1425,38910
3100Z273766,55606
6400PT1424,38910
3100Z274758,55603
6400PT1423,39122
3100Z273838,55609
6400PT1422,39122
3100Z273837,55609
6400PT1430,38842
3100Z273827,55609
6400PT1428,38946
3100Z274796,55607
6400PT1427,38840
3100Z274783,55606
6400PT1426,38968
3100Z274766,55606
6400PT1394,38950
3100Z274759,55603
6400PT1393,38958
3100Z274834,55609
6400PT1392,38958
3100Z274833,55609
6400PT1391,38950
3100Z274828,55609
6400PT1401,38534
3100Z274821,55609
6400PT1398,38631
3100Z272735,55605
6400PT1396,38958
3100Z271855,55609
6400PT1395,38958
3100Z271854,55609
6400PT1409,38506
3100Z271850,55609
6400PT1406,38506
3100Z272820,55609
6400PT1405,38531
3100Z272789,55607
6400PT1403,38527
3100Z272754,55603
6400PT1413,38509
3100Z272753,55603
6400PT1412,38538
3100Z273735,55605
6400PT1411,38530
3100Z272865,55617
6400PT1410,38502
3100Z272855,55609
6400PT1458,38579
3100Z272821,55609
6400PT1454,38554
3100Z273764,55603
6400PT1452,38537
3100Z273763,55603
6400PT1451,38555
3100Z273756,55603
6400PT1462,38639
3100Z273755,55603
6400PT1461,38552
3100Z275919,55604
6400PT1460,38633
3100Z275877,55617
6400PT1459,38608
3100Z275875,55617
6400PT1466,39057
3100Z275862,55617
6400PT1465,39124
3100Z276772,55606
6400PT1464,39058
3100Z276769,55606
6400PT1463,39223
3100Z276768,55606
6400PT1471,39131
3100Z276766,55606
6400PT1470,39106
3100Z276780,55606
6400PT1469,39213
3100Z276777,55606
6400PT1467,39208
3100Z276776,55606
6400PT1435,39122
3100Z276773,55606
6400PT1434,38843
3100Z276824,55609
6400PT1433,38956
3100Z276823,55609
6400PT1432,38804
3100Z276793,55607
6400PT1440,38796
3100Z276781,55606
6400PT1439,38877
3100Z275762,55603
6400PT1438,38943
3100Z275761,55603
6400PT1436,38840
3100Z274919,55604
6400PT1445,38600
3100Z274862,55617
6400PT1444,38610
3100Z275785,55606
6400PT1442,38785
3100Z275784,55606
6400PT1441,38697
3100Z275766,55606
6400PT1449,38537
3100Z275764,55606
6400PT1448,38867
3100Z275828,55609
6400PT1447,38854
3100Z275827,55609
6400PT1446,38608
3100Z275821,55609
6400PT1502,38926
3100Z275796,55607
6400PT1501,38825
3100Z275855,55609
6400PT1496,38634
3100Z275854,55609
6400PT1495,39226
3100Z275830,55609
6400PT1506,38951
3100Z275829,55609
6400PT1505,39031
3100Z277866,55617
6400PT1504,39169
3100Z277865,55617
6400PT1503,38915
3100Z277861,55617
6400PT1600,39115
3100Z277854,55609
6400PT1591,38966
3100Z278830,55609
6400PT1509,38951
3100Z278760,55603
6400PT1508,38776
3100Z277877,55617
6400PT1608,39233
3100Z277873,55617
6400PT1603,39188
3100Z278870,55617
6400PT1602,39008
3100Z278867,55617
6400PT1601,38801
3100Z278861,55617
6400PT1477,38667
3100Z278854,55609
6400PT1476,38667
3100Z278919,55604
6400PT1475,38667
3100Z278878,55617
6400PT1474,38708
3100Z278877,55617
6400PT1482,38702
3100Z278876,55617
6400PT1480,38667
3100Z276872,55617
6400PT1479,38667
3100Z276831,55609
6400PT1478,38667
3100Z276830,55609
6400PT1487,38703
3100Z276829,55609
6400PT1486,38703
3100Z27687C,55617
6400PT1484,38667
3100Z27687B,55617
6400PT1483,38667
3100Z27687A,55617
6400PT1491,39266
3100Z276877,55617
6400PT1490,38703
3100Z27687G,55617
6400PT1489,38700
3100Z27687F,55617
6400PT1488,38637
3100Z27687E,55617
6400PT1635,38921
3100Z27687D,55617
6400PT1634,39135
3100Z277793,55607
6400PT1633,38931
3100Z277784,55606
6400PT1632,39041
3100Z277760,55603
6400PT1640,39170
3100Z27687X,55617
6400PT1639,39170
6400PT1638,38539
3100Z280926,55604
6400PT1636,38929
3100Z280874,55617
6400PT1647,38530
3100Z280873,55617
6400PT1646,39118
3100Z281815,55613
6400PT1643,38631
3100Z281814,55613
6400PT1641,39067
3100Z281761,55603
6400PT1652,38950
3100Z281760,55603
6400PT1651,38950
3100Z281879,55617
6400PT1650,38667
3100Z281871,55617
6400PT1649,38553
3100Z281870,55617
6400PT1612,39209
3100Z281849,55609
6400PT1611,39008
3100Z282877,55617
6400PT1610,39186
3100Z282863,55617
6400PT1609,39189
3100Z282862,55617
6400PT1618,39115
3100Z281926,55604
6400PT16176,38797
3100Z279814,55613
6400PT1614,39117
3100Z279813,55613
6400PT1613,39007
3100Z278921,55604
6400PT1624,38921
3100Z278920,55604
6400PT1623,38734
3100Z279878,55617
6400PT1622,38599
3100Z279869,55617
6400PT1621,38599
3100Z279853,55609
6400PT1631,39034
3100Z279830,55609
6400PT1630,39036
3100Z280849,55609
6400PT1626,39035
3100Z280784,55606
6400PT1625,39034
6400PT1248,38600
3100Z279919,55604
6400PT1247,38550
3100Z280867,55617
6400PT1246,38600
3100Z280866,55617
6400PT1245,38579
3100Z280863,55617
6400PT1254,39082
3100Z280862,55617
6400PT1252,39031
3100Z261858,55609
6400PT1251,39082
3100Z261780,55606
6400PT1250,39094
3100Z261779,55606
6400PT1258,39086
3100Z261770,55606
6400PT1257,39094
3100Z262766,55600
6400PT1256,38907
3100Z262753,55600
6400PT1255,39031
3100Z262752,55600
6400PT1264,38844
3100Z262750,55600
6400PT1263,38841
3100Z262820,55609
6400PT1260,91013
3100Z262819,55609
6400PT1259,39031
3100Z262780,55606
6400PT1229,38965
3100Z262770,55606
6400PT1228,39140
3100Z262877,55604
6400PT1227,38965
3100Z262858,55609
6400PT1226,39118
3100Z262835,55609
6400PT1235,38551
3100Z262834,55609
6400PT1234,38619
3100Z259857,55609
6400PT1233,38537
3100Z259819,55609
6400PT1232,38537
3100Z259786,55606
6400PT1239,38838
3100Z259782,55606
6400PT1238,38550
3100Z260779,55606
6400PT1237,38551
3100Z260770,55606
6400PT1236,38647
3100Z259878,55604
6400PT1244,38638
3100Z259877,55604
6400PT1243,38638
3100Z261745,55600
6400PT1242,38567
3100Z260854,55609
6400PT1240,38838
3100Z260853,55609
6400PT1287,38951
3100Z260818,55609
6400PT1284,38905
3100Z261769,55606
6400PT1283,38957
3100Z261766,55600
6400PT1282,39122
3100Z261750,55600
6400PT1292,39062
3100Z261746,55600
6400PT1291,39113
3100Z265821,55609
6400PT1289,39173
3100Z265785,55606
6400PT1288,38951
3100Z265784,55606
6400PT1296,38632
3100Z265768,55606
6400PT1295,38724
3100Z265927,55604
6400PT1294,38724
3100Z265877,55604
6400PT1293,39062
3100Z265876,55604
6400PT1302,39081
3100Z265858,55609
6400PT1300,38717
3100Z266780,55606
6400PT1299,38717
3100Z266771,55606
6400PT1298,38593
3100Z266760,55600
6400PT1268,39222
3100Z265928,55604
6400PT1267,39206
3100Z266821,55609
6400PT1266,39211
3100Z266814,55613
6400PT1265,39211
3100Z266813,55613
6400PT1273,38567
3100Z266785,55606
6400PT1272,38656
3100Z263816,55613
6400PT1271,38949
3100Z263770,55606
6400PT1270,38952
3100Z263758,55600
6400PT1277,38567
3100Z262911,55604
6400PT1276,38515
3100Z264762,55600
6400PT1275,38515
3100Z264758,55600
6400PT1274,38567
3100Z263878,55604
6400PT1281,39122
3100Z263877,55604
6400PT1280,38957
3100Z264816,55613
6400PT1279,38567
3100Z264784,55606
6400PT1278,38515
3100Z264768,55606
6400PT1334,38595
3100Z264763,55600
6400PT1333,38556
3100Z265760,55600
6400PT1332,38556
3100Z264878,55604
6400PT1331,38585
3100Z264855,55609
6400PT1339,38631
3100Z264854,55609
6400PT1338,38661
3100Z268870,55617
6400PT1337,38617
3100Z268859,55609
6400PT1336,38570
3100Z268858,55609
6400PT1343,38631
3100Z268857,55609
6400PT1342,38661
3100Z269745,55603
6400PT1341,38566
3100Z269744,55603
6400PT1340,38734
3100Z268878,55617
6400PT1347,39060
3100Z268877,55617
6400PT1346,38634
3100Z269820,55609
6400PT1345,38635
3100Z269790,55607
6400PT1344,38553
3100Z269767,55606
6400PT1307,38816
3100Z269766,55606
6400PT1306,38816
3100Z269866,55617
6400PT1305,38816
3100Z269856,55609
6400PT1303,38698
3100Z269824,55609
6400PT1314,38913
3100Z269821,55609
6400PT1313,38913
3100Z267792,55607
6400PT1311,38790
3100Z267780,55606
6400PT1308,38816
3100Z267771,55606
6400PT1320,38903
3100Z266858,55609
6400PT1317,38725
3100Z268762,55600
6400PT1316,38725
3100Z267878,55604
6400PT1315,38732
3100Z267857,55609
6400PT1329,38566
3100Z267821,55609
6400PT1328,38631
3100Z268788,55607
6400PT1322,38608
3100Z268787,55607
6400PT1321,38806
3100Z268786,55606
6400PT1374,38713
3100Z268763,55600
6400PT1373,39176
3100Z268856,55609
6400PT1372,39180
3100Z268823,55609
6400PT1369,39176
3100Z268821,55609
6400PT1379,38546
3100Z268790,55607
6400PT1378,38545
3100Z270855,55609
6400PT1377,38546
3100Z270850,55609
6400PT1376,38545
3100Z270846,55609
6400PT1384,39173
3100Z270809,55613
6400PT1383,39200
3100Z271767,55606
6400PT1382,39181
3100Z271751,55603
6400PT1380,38953
3100Z271750,55603
6400PT1390,38958
3100Z270867,55617
6400PT1389,38950
3100Z271785,55606
6400PT1388,38712
3100Z271782,55606
6400PT1385,39180
3100Z271781,55606
6400PT1352,38553
3100Z271770,55606
6400PT1351,38635
3100Z271846,55609
6400PT1350,38635
3100Z271842,55609
6400PT1349,39062
3100Z271841,55609
6400PT1357,38639
3100Z271809,55613
6400PT1356,38640
3100Z269874,55617
6400PT1355,38640
3100Z269870,55617
6400PT1353,38685
3100Z269869,55617
6400PT1362,38664
3100Z269867,55617
6400PT1361,38914
3100Z270767,55606
6400PT1359,38685
3100Z269877,55617
6400PT1358,38639
3100Z269876,55617
6400PT1368,39233
3100Z269875,55617
6400PT1367,39174
3100Z270774,55606
6400PT1366,38913
3100Z270772,55606
6400PT1365,38697
3100Z270771,55606
6400PT1056,39251
3100Z270770,55606
6400PT1054,39215
3100Z270785,55606
6400PT1053,39203
3100Z270779,55606
6400PT1052,39243
3100Z270778,55606
6400PT1060,38656
3100Z270775,55606
6400PT1059,39243
3100Z244784,55591
6400PT1058,39255
3100Z244778,55591
6400PT1057,39252
3100Z244772,55591
6400PT1069,39068
3100Z244771,55591
6400PT1068,39099
3100Z245785,55591
6400PT1066,38657
3100Z245784,55591
6400PT1065,38667
3100Z244943,55604
6400PT1075,39235
3100Z244791,55591
6400PT1074,39063
3100Z245941,55604
6400PT1073,39068
3100Z245821,55609
6400PT1071,39156
3100Z245819,55609
6400PT1032,38794
3100Z245789,55591
6400PT1031,38937
3100Z246806,55607
6400PT1030,38933
3100Z246785,55591
6400PT1029,38937
3100Z245943,55604
6400PT1036,38912
3100Z245942,55604
6400PT1035,39128
3100Z241821,55583
6400PT1034,38797
3100Z240853,55609
6400PT1033,39128
3100Z240852,55609
6400PT1046,38631
3100Z240803,55583
6400PT1040,38977
3100Z242802,55583
6400PT1039,38796
3100Z242799,55583
6400PT1037,38796
3100Z241941,55604
6400PT1051,39251
3100Z241822,55583
6400PT1050,39203
3100Z243799,55583
6400PT1049,39245
3100Z243773,55591
6400PT1048,38631
3100Z243772,55591
6400PT1105,38641
3100Z242934,55604
6400PT1104,38506
3100Z243941,55604
6400PT1103,38504
3100Z243934,55604
6400PT1102,38516
3100Z243933,55604
6400PT1111,38823
3100Z243802,55583
6400PT1108,38896
3100Z249850,55609
6400PT1107,38641
3100Z249821,55609
6400PT1106,38504
3100Z249820,55609
6400PT1117,38713
3100Z249784,55606
6400PT1116,39172
3100Z250784,55606
6400PT1115,39172
3100Z250771,55606
6400PT1112,38700
3100Z249999,55604
6400PT1125,38704
3100Z249940,55604
6400PT1122,38548
3100Z251822,55609
6400PT1120,38548
3100Z251821,55609
6400PT1119,38548
3100Z250998,55604
6400PT1084,38734
3100Z250785,55606
6400PT1083,38679
3100Z252820,55609
6400PT1082,38679
3100Z251996,55604
6400PT1079,39138
3100Z251995,55604
6400PT1089,39097
3100Z251850,55609
6400PT1088,39079
3100Z247775,55591
6400PT1087,39079
3100Z246821,55609
6400PT1085,38734
3100Z246819,55609
6400PT1094,38641
3100Z246807,55607
6400PT1093,38530
3100Z248769,55600
6400PT1091,38530
3100Z247821,55609
6400PT1090,39079
3100Z247785,55606
6400PT1100,38676
3100Z247776,55591
6400PT1097,38506
3100Z249771,55606
6400PT1096,38506
3100Z248940,55604
6400PT1095,38734
3100Z248850,55609
6400PT1154,39212
3100Z248821,55609
6400PT1153,39234
3100Z249782,55606
6400PT1152,39205
3100Z249781,55606
6400PT1149,38950
3100Z249780,55606
6400PT1165,38701
3100Z249779,55606
6400PT1159,38702
3100Z254840,55609
6400PT1158,38913
3100Z254839,55609
6400PT1157,38945
3100Z254838,55609
6400PT1171,38785
3100Z254820,55609
6400PT1170,38694
3100Z254958,55604
6400PT1169,38867
3100Z254938,55604
6400PT1168,38635
3100Z254851,55609
6400PT1178,38584
3100Z254850,55609
6400PT1177,38584
3100Z255815,55613
6400PT1176,38595
3100Z255812,55613
6400PT1174,38569
3100Z255770,55606
6400PT1130,38686
3100Z254959,55604
6400PT1129,38697
3100Z256774,55606
6400PT1128,38716
3100Z255877,55604
6400PT1126,38553
3100Z255835,55609
6400PT1136,38638
3100Z255817,55609
6400PT1134,38567
3100Z253820,55609
6400PT1132,38686
3100Z253780,55606
6400PT1131,38913
3100Z252991,55604
6400PT1142,38539
3100Z252850,55609
6400PT1140,38537
3100Z253848,55609
6400PT1139,38537
3100Z253843,55609
6400PT1137,38638
3100Z253842,55609
6400PT1148,38634
3100Z253841,55609
6400PT1147,38631
3100Z253955,55604
6400PT1146,38553
3100Z253954,55604
6400PT1145,38631
3100Z253938,55604
6400PT1206,38501
3100Z253849,55609
6400PT1205,38537
3100Z254785,55606
6400PT1204,38537
3100Z254779,55606
6400PT1203,38669
3100Z254770,55606
6400PT1213,39031
3100Z253992,55604
6400PT1211,39097
3100Z258769,55600
6400PT1210,39030
3100Z258768,55600
6400PT1209,38685
3100Z257819,55609
6400PT1220,39130
3100Z256877,55604
6400PT1218,38685
3100Z258777,55606
6400PT1216,38660
3100Z258772,55606
6400PT1214,38586
3100Z258771,55606
6400PT1225,39057
3100Z258770,55606
6400PT1223,39140
3100Z258878,55604
6400PT1222,38965
3100Z258857,55609
6400PT1221,39119
3100Z258786,55606
6400PT1182,39065
3100Z258778,55606
6400PT1181,39008
3100Z259781,55606
6400PT1180,39008
3100Z259770,55606
6400PT1179,38549
3100Z258881,55604
6400PT1187,38651
3100Z258880,55604
6400PT1185,39225
3100Z256820,55609
6400PT1184,38848
3100Z256819,55609
6400PT1183,38549
3100Z256815,55613
6400PT1196,38941
3100Z256812,55613
6400PT1190,38608
3100Z256825,55609
6400PT1189,38651
3100Z256824,55609
6400PT1188,38651
3100Z256823,55609
6400PT1202,38669
3100Z256821,55609
6400PT1201,38695
3100Z256835,55609
6400PT1200,38933
3100Z256830,55609
6400PT1198,38913
3100Z256829,55609
6400A127,38867
3100Z256826,55609
6400A12,38566
3100Z256854,55609
6400A119,38553
3100Z256853,55609
6400A116,38756
3100Z256852,55609
6400A17,38716
3100Z256851,55609
6400A16,38716
3100Z202863,55572
6400A131,38776
3100Z202854,55583
6400A129,38848
3100Z202831,55583
6400A36,38531
3100Z202830,55583
6400A30,38717
3100Z203852,55583
6400A29,38570
3100Z203851,55583
6400A28,38724
3100Z203827,55583
6400A42,38570
3100Z202864,55572
6400A41,38642
3100Z204924,55573
6400A39,38664
3100Z204864,55572
6400A37,38528
3100Z204850,55583
64006861,38972
3100Z204827,55583
64006859,38543
3100Z206823,55583
64006857,38382
3100Z206822,55583
64006855,38538
3100Z205925,55573
6400A01,38867
3100Z205864,55572
64006866,38570
3100Z19886X,55572
64006865,39258
3100Z19886J,55572
64006863,39258
3100Z19886H,55572
6400A104,38848
3100Z19886G,55572
6400A102,38950
3100Z199843,55583
6400A1,38699
3100Z199842,55583
6400A02,38867
3100Z199754,55591
6400A114,38530
3100Z199753,55591
6400A111,38537
3100Z201839,55583
6400A110,39110
3100Z200857,55572
6400A107,38571
3100Z200854,55583
6400A77,39053
3100Z200841,55583
6400A75,38805
3100Z201860,55572
6400A74,39027
3100Z201859,55572
6400A71,38667
3100Z201857,55572
6400A9,38716
3100Z201854,55583
6400A87,39082
3100Z212873,55572
6400A85,39168
3100Z212805,55583
6400A80,39226
3100Z212804,55583
6400A96,38696
3100Z211872,55572
6400A93,38993
3100Z214798,55583
6400A91,38904
3100Z213815,55583
6400A90,38762
3100Z213814,55583
6400F1,38952
3100Z213794,55583
6400B2,39145
3100Z215851,55583
6400A98,38526
3100Z215850,55583
6400A97,38844
3100Z215841,55583
6400A5,38847
3100Z214842,55583
6400A49,38571
3100Z217851,55583
6400A44,38930
3100Z217780,55591
6400A43,38697
3100Z216851,55583
6400A57,38848
3100Z216784,55591
6400A56,38848
3100Z208846,55583
6400A55,38848
3100Z206850,55583
6400A52,38590
3100Z206849,55583
6400A64,38697
3100Z206848,55583
6400A63,38913
3100Z209845,55583
6400A61,38702
3100Z209813,55583
6400A59,38603
3100Z209812,55583
6400A70,39065
3100Z208847,55583
6400A68,38705
3100Z210845,55583
6400A67,38705
3100Z210844,55583
6400A66,38697
3100Z210814,55583
6400L00061,39196
3100Z210813,55583
6400L0006,38776
3100Z211809,55583
6400L0005,38848
3100Z211808,55583
6400L00047,38756
3100Z210850,55583
6400L00074,38507
3100Z210849,55583
6400L00073,38530
3100Z222843,55583
6400L00066,39345
3100Z222838,55583
6400L00063,39255
3100Z222837,55583
6400L00086,38755
3100Z222831,55583
6400L00084,38751
3100Z224766,55591
6400L0008,38537
3100Z224765,55591
6400L00078,39753
3100Z223817,55583
6400L00114,38769
3100Z222874,55572
6400L00107,97012
3100Z224893,55573
6400L00102,45906
3100Z224892,55573
6400L0009,38608
3100Z224825,55583
6400L00014,39029
3100Z224824,55583
6400L00013,38570
3100Z226818,55583
6400L00012,38587
3100Z225874,55572
6400L00010,38647
3100Z225763,55591
6400L0002,38763
3100Z225762,55591
6400L00019,38382
3100Z218776,55591
6400L00018,38867
3100Z218775,55591
6400L00017,39226
3100Z218761,55591
6400L00037,39172
3100Z218760,55591
6400L00028,38967
3100Z218838,55583
6400L00026,38560
3100Z218816,55583
6400L00024,38535
3100Z218815,55583
6400L00041,39497
3100Z218780,55591
6400L00040,38947
3100Z221852,55583
6400L00039,38528
3100Z220835,55583
6400L00038,39232
3100Z219835,55583
6400PT1008,38867
3100Z218839,55583
6400PT1006,38867
3100Z222830,55583
6400PT1004,38677
3100Z222817,55583
6400PT1003,38662
3100Z221874,55572
6400PT1015,38590
3100Z221853,55583
6400PT1013,38699
3100Z231854,55583
6400PT1012,38934
3100Z230751,55591
6400PT1011,38836
3100Z229921,55604
6400PT1021,38928
3100Z229920,55604
6400PT1019,38636
3100Z233819,55583
6400PT1018,38567
3100Z232923,55604
6400PT1017,38636
3100Z231922,55604
6400PT1026,38923
3100Z231855,55583
6400PT1025,38919
3100Z238758,55591
6400PT1023,39059
3100Z234924,55604
6400PT1022,38924
3100Z234819,55583
6400L00132,38530
3100Z233924,55604
6400L00131,38564
3100Z240802,55583
6400L00116,38867
3100Z239941,55604
6400L00115,38848
3100Z239758,55591
6400L00136,38847
3100Z238940,55604
6400L00135,38847
3100Z227758,55591
6400L00134,38534
3100Z227757,55591
6400L00133,38848
3100Z226888,55573
6400N4,38538
3100Z226874,55572
6400L00149,39149
3100Z227876,55572
6400L00139,38564
3100Z227872,55572
6400L00137,38631
3100Z227819,55583
6400PT1002,38662
3100Z227818,55583
6400PT1001,38677
3100Z228872,55572
6400PT1,38867
3100Z228855,55583
6400PT00117,38953
3100Z228854,55583
6400S54,38950
3100Z227888,55573
6400S53,38657
3100Z229870,55572
6400S520,38781
3100Z229869,55572
6400S519,38781
3100Z229751,55591
6400W4,33119
3100Z228876,55572
6400S59,38592
3100Y879663,55541
6400S56,38703
3100Y845644,55541
6400S55,38697
3100Y841833,55543
6400LL99,38889
3100Y813645,55541
6400PT2224,39148
3100Y927637,55547
6400PT2223,39153
3100Y927635,55547
6400PT2222,38540
3100Y927634,55547
64800163,37118
3100Y879664,55541
64800162,37953
3100Y931636,55548
64800161,36862
3100Y931635,55547
64800160,36862
3100Y929633,55547
6400S48,38702
3100Y928637,55547
6400S45,38637
3100Y951744,55549
6400S43,38700
3100Y932713,55549
6400S40,38570
3100Y931713,55549
6400S504,38786
3100Y931637,55548
6400S501,38867
3100U193226,55584
6400S50,38657
3100U183255,55584
6400S49,38656
3100U183137,55584
6400S512,38948
3100U183136,55584
6400S51,38888
3100U228235,55584
6400S508,38828
3100U213171,55584
6400S507,38786
3100U204202,55584
6400S518,38828
3100U193244,55584
6400S517,38816
3100Y713653,55541
6400S514,38791
3100Y671564,55534
6400S513,38867
3100Y671563,55534
64800246,37539
3100U273044,55584
64800238,37618
3100Y813644,55541
64800228,38253
3100Y720869,55543
64800227,36717
3100Y720868,55543
64800262,37027
3100Y714653,55541
64800259,36773
3100Z159707,55570
64800258,37723
3100Z159572,55570
64800247,37539
3100Z159571,55570
64800267,36868
3100Z136779,55587
64800266,38307
3100Z161572,55570
64800265,38307
3100Z161571,55570
64800264,37027
3100Z159729,55570
64800273,36652
3100Z159728,55570
64800272,36652
3100Z176893,55573
64800271,37481
3100Z176892,55573
64800268,36868
3100Z170908,55573
64800176,37523
3100Z170907,55573
64800175,37170
3100Z255851,55609
64800165,36870
3100Z212794,55583
64800164,36870
3100Z186826,55583
64800189,37198
3100Z186825,55583
64800188,37196
3100Y974994,55543
64800187,37194
3100Y964692,55555
64800177,37523
3100Y964691,55555
64800204,37513
3100Y951745,55549
64800192,38382
3100Z000641,55555
64800191,38254
3100Y993647,55555
64800190,37188
3100Y992647,55555
64800226,36717
3100Y974996,55543
64800213,36012
3100Z086629,55562
64800212,36000
3100Z076798,55587
64800205,37513
3100Z075798,55587
64801020,36945
3100Z000642,55555
64801019,36949
3100Z136778,55587
64801018,36873
3100Z110653,55570
64801017,36873
3100Z110652,55570
64801024,36460
3100Z087629,55562
64801023,36457
3100U191117,55577
64801022,36457
3100U190121,55577
64801021,37403
3100Z203854,55583
64801028,36240
3100Z258821,55609
64801027,36240
3100Y93963C,55548
64801026,36404
3100Y93963B,55548
64801025,36460
3100Y93963A,55548
64801032,38234
3100U235040,55584
64801031,36246
3100Y938639,55548
64801030,36240
3100Z201870,55572
64801029,36240
3100Y93963E,55548
64801004,37477
3100Y93963D,55548
64801003,37477
3100Z63334,55572
64801002,37477
3100Z63333,55572
64801001,37476
3100Z185871,55572
64801008,37346
3100Z184871,55572
64801007,37477
3100Z276873,55617
64801006,37477
3100Z270757,55603
64801005,37477
3100Z264767,55606
64801012,37381
3100Z257773,55606
64801011,37352
3100Z292858,55617
64801010,37352
3100Z292812,55613
64801009,37346
3100Z287883,55617
64801016,36246
3100Z286872,55617
64801015,36871
64801014,36871
64801013,37381
3100Z294813,55613
64801051,37518
3100Z293813,55613
64801050,37570
3100Z258822,55609
6480105,93406
3100Z299792,55607
64801049,37563
3100Z298792,55607
64801055,37518
3100Z305839,55609
64801054,36887
3100Z63337,55577
64801053,37530
3100Z63336,55577
64801052,37397
3100Z214794,55583
64801059,36399
3100Z189818,55583
64801058,36206
3100Z063339,55558
64801057,36214
3100U264680,55584
64801056,36224
3100Z006338,55570
64801063,36607
3100U266240,55584
64801062,36407
3100U187117,55577
64801061,36407
3100U192118,55577
64801060,36422
3100Z181718,55587
64801036,38038
3100Z086637,55562
64801035,38054
3100U053421,55558
64801034,38214
3100U191118,55577
64801033,38214
3100U189120,55577
64801040,37990
3100U187118,55577
64801039,37989
3100Y917692,55547
64801038,37976
3100Z19886Z,55572
64801037,38038
3100Z19886Y,55572
64801044,37890
3100Z63335,55583
64801043,38140
3100U269039,55584
64801042,38140
3100U267043,55584
64801041,38158
3100U266043,55584
64801048,37875
3100Y920712,55549
64801047,37875
31000Z292581,55613
64801046,37890
3100U267033,55584
64801045,38155
3100U268034,55584
6400S128,38537
3100U268039,55584
6400S127,38537
31000Z294810,55613
6400S125,38538
31000Z292580,55613
6400S124,38538
31000Z293809,55613
6400S132,38506
31000Z292810,55613
6400S131,38516
3100Z313880,55617
6400S130,38501
3100Z313807,55613
6400S129,38509
3100Z313805,55613
6400S135A,38938
3100Z313804,55613
6400S135,38933
6400S134,38662
3100Z313886,55617
6400S133,38662
3100Z313884,55617
6400S142,38941
3100Z313883,55617
6400S140,38776
3100Z314802,55613
6400S14,38608
3100Z314801,55613
6400S136,38914
3100Z314793,55607
6400S108,38631
6400S105,38515
3100Z315800,55613
6400S1,38631
3100Z315793,55613
6400S09,38608
6400S113,38644
3100Z314807,55613
6400S112,38591
3100Z311800,55613
6400S111,38635
3100Z311792,55607
6400S110,38553
3100Z311767,55606
6400S12,38579
6400S119,38537
6400S117,38630
3100Z311882,55617
6400S116,38630
3100Z311879,55617
6400S123,38538
3100Z311805,55613
6400S122,38539
3100Z312824,55613
6400S121,38644
3100Z312818,55613
6400S120,38537
3100Z312817,55613
6400S215,39068
3100Z312805,55613
6400S212,38967
3100Z313801,55613
6400S211,39061
6400S210,39038
3100Z312880,55617
6400S21A,38639
3100Z312879,55617
6400S219,38967
6400S218,39063
6400S217,39150
6400S223,39033
3100Z317797,55613
6400S222,39033
3100Z318810,55613
6400S220,39031
3100Z318809,55613
6400S22,38639
3100Z318808,55613
6400S227,39032
3100Z318807,55613
6400S226,39033
6400S225,39098
6400S224,39032
3100Z318815,55613
6400S151,38503
3100Z318814,55613
6400S148,38719
3100Z319800,55613
6400S147,39231
3100Z319799,55613
6400S145,38530
3100Z319796,55613
6400S16,38608
3100Z319795,55613
6400S154,38509
3100Z31581B,55613
6400S153,38567
3100Z31581A,55613
6400S152,38941
3100Z315811,55613
6400S203,38968
3100Z315810,55613
6400S202,38980
3100Z31581F,55613
6400S18,38579
3100Z31581E,55613
6400S17,38633
3100Z31581D,55613
6400S21,38639
3100Z31581C,55613
6400S208A,39066
3100Z316797,55613
6400S208,38994
6400S207,39129
3100Z31581X,55613
6400S248,38778
3100Z31581L,55613
6400S247,38952
6400S245,38905
6400S244,38903
6400S253,39094
3100Z316881,55617
6400S251,38907
6400S250,38907
6400S249,39123
6400S259,38907
6400S257,38961
6400S256,39081
6400S255,39081
6400S264,39032
6400S263,39082
3100Z424593,55604
6400S262,91023
6400S260,39030
6400S23,38639
6400S229,39079
3100ZZTYLIN0,55534
6400S228A,39032
3100ZZTYKKH0,55534
6400S228,39079
3100Z424595,55604
6400S233,39078
3100Z424594,55604
6400S232,39087
3100Z320790,55607
6400S231,39079
6400S230,39079
3100Z319806,55613
6400S239,39078
3100Z319804,55613
6400S238,39078
3100Z321787,55607
6400S237,39078
3100Z321785,55607
6400S234,39078
6400S243,39122
3100Z320791,55607
6400S241,39062
3100Z325779,55606
6400S240,39062
6400S24,38647
6400S312,39176
6400S310,39194
6400S31,38564
6400S308,39243
6400S316,39193
3100Z326779,55606
6400S315,39174
3100U014397,55558
6400S314,39172
3100U009055,55573
6400S313,39190
3100T999536,55556
6400S324,39130
3100T999529,55554
6400S323,39244
3100U075152,55573
6400S322,39253
3100U075151,55573
6400S32,38556
3100U063015,55573
6400S38,38593
3100U062015,55573
6400S37,38549
3100U118089,55573
6400S35,38541
3100U118086,55573
6400S33,38549
3100U099063,55573
6400S27,38560
3100U099062,55573
6400S268,39038
3100U179127,55577
6400S267,38968
3100U165236,55584
6400S266,38801
3100U127421,55558
6400S29,38597
3100U126423,55558
6400S272,39094
3100Z201861,55572
6400S271,38960
3100Z200861,55572
6400S270,39065
3100Z254786,55606
6400S303,38965
6400S302,38965
3100ACKLNGT1,55584
6400S301,38964
3100ACKLNGT0,55584
6400S30,38585
3100Y936645,55548
6400S307,39222
3100U234006,55604
6400S306,39222
3100T955071,55573
6400S305,39213
3100T713050,5267
6400S304,38964
3100MRPTHRP1,55583
6400PT1816,38843
3100MRPTHRP0,55583
6400PT1814,39060
3100T999528,55554
6400PT1813,38843
3100T998528,55554
6400PT1812,38713
3100T990510,55553
6400PT1820,38553
3100T989510,55553
6400PT1819,38631
3100Z301849,55609
6400PT1818,38643
3100Z301848,55609
6400PT1817,38713
3100Z301813,55613
6400PT1824,38952
3100Z301809,55613
6400PT1823,39156
6400PT1822,38553
6400PT1821,38553
3100Z301897,55617
6400PT1828,38679
3100Z301865,55617
6400PT1827,38642
3100Z302809,55613
6400PT1826,38660
3100Z302801,55613
6400PT1825,38685
3100Z302789,55607
6400PT1798,38496
3100Z302756,55605
6400PT1797,38509
3100Z302835,55609
6400PT1796,39225
3100Z302834,55609
6400PT1795,38912
3100Z302812,55613
6400PT1802,38949
3100Z302811,55613
6400PT1801,38951
3100Z300865,55617
6400PT1800,38941
3100Z300813,55613
6400PT1799,38933
3100Z300807,55613
6400PT1807,38913
3100Z300800,55613
6400PT1806,38951
3100Z301756,55605
6400PT1804,38656
6400PT1803,38888
6400PT1811,38713
3100Z300888,55617
6400PT1810,38553
3100Z301800,55613
6400PT1809,38553
3100Z301798,55613
6400PT1808,38553
3100Z301794,55607
6400PT1861,38706
3100Z301793,55607
6400PT1860,38705
3100Z301807,55613
6400PT1854,39162
3100Z301806,55613
6400PT1853,38509
3100Z301805,55613
6400PT1865,38732
3100Z301801,55613
6400PT1864,38624
3100Z304805,55613
6400PT1863,38637
3100Z304804,55613
6400PT1862,38701
3100Z304799,55613
6400PT1870,38579
3100Z304788,55607
6400PT1868,38712
3100Z304842,55609
6400PT1867,38702
3100Z304841,55609
6400PT1866,38699
3100Z304814,55613
6400PT1874,38695
3100Z304806,55613
6400PT1873,38695
6400PT1872,38695
3100Z304885,55617
6400PT1871,38579
3100Z304884,55617
6400PT1834,38949
3100Z304845,55609
6400PT1833,38951
3100Z305814,55613
6400PT1832,38776
3100Z305809,55613
6400PT1829,38960
3100Z305808,55613
6400PT1840,38704
3100Z305789,55607
6400PT1839,38553
6400PT1838,38632
6400PT1835,38951
6400PT1845,38713
3100Z302897,55617
6400PT1843,38867
3100Z303803,55613
6400PT1842,38867
3100Z303799,55613
6400PT1841,38715
3100Z303789,55607
6400PT1851,38785
3100Z303764,55606
6400PT1850,38700
3100Z303845,55609
6400PT1849,38603
3100Z303819,55613
6400PT1846,38715
3100Z303814,55613
6400PT1903,38713
3100Z303804,55613
6400PT1902,38635
3100Z304765,55606
6400PT1901,38635
6400PT1900,39086
6400PT1909,38848
6400PT1908,39149
3100Z307767,55606
6400PT1907,39239
6400PT1904,38730
3100Z306883,55617
6400PT1913,39173
3100Z306882,55617
6400PT1912,39173
3100Z307820,55613
6400PT1911,39172
3100Z307815,55613
6400PT1910,39231
3100Z307810,55613
6400PT1917,39151
3100Z307790,55607
6400PT1916,39145
6400PT1915,38650
6400PT1914,39222
3100Z307834,55609
6400PT1882,39161
3100Z307833,55609
6400PT1881,38987
3100Z308798,55613
6400PT1880,38867
3100Z308793,55607
6400PT1875,38496
3100Z308767,55606
6400PT1886,39235
3100Z308766,55606
6400PT1885,39163
3100Z305838,55609
6400PT1884,39157
3100Z305832,55609
6400PT1883,39147
3100Z305820,55613
6400PT1890,38509
3100Z305819,55613
6400PT1889,38985
3100Z306766,55606
6400PT1888,39031
6400PT1887,39031
3100Z305872,55617
6400PT1899,38395
3100Z305871,55617
6400PT1894,38567
3100Z306832,55609
6400PT1893,38617
3100Z306801,55613
6400PT1891,38792
3100Z306800,55613
6400PT91,38636
3100Z306793,55607
6400PT62,39108
3100Z306836,55609
6400PT1977,37397
3100Z306835,55609
6400PT1976,39743
3100Z306834,55609
6400S010,38633
3100Z306833,55609
6400S01,38584
3100Z310799,55613
6400R2,38579
3100Z310792,55607
6400PT92,38640
3100Z310767,55606
6400S04,38640
6400S03,38640
3100Z310809,55613
6400S02,38584
3100Z310808,55613
6400S011,38633
3100Z310803,55613
6400S08,38608
3100Z310802,55613
6400S07,38608
3100Z310821,55613
6400S06,38633
3100Z310820,55613
6400S05,38640
3100Z310814,55613
6400PT1962,39024
3100Z310813,55613
6400PT1943,39756
6400PT1919,39068
6400PT1918,39235
6400PT1966,38659
3100Z310879,55617
6400PT1965,38528
3100Z308874,55617
6400PT1964,38530
3100Z308820,55613
6400PT1963,39025
3100Z308815,55613
6400PT1970,39149
3100Z308810,55613
6400PT1969,38530
3100Z309791,55607
6400PT1968,38528
6400PT1967,38717
3100Z308881,55617
6400PT1975,39743
3100Z308875,55617
6400PT1973,39756
3100Z309878,55617
6400PT1972,49229
3100Z309877,55617
6400PT1971,38717
3100Z309814,55613
6400PT1676,38721
3100Z309813,55613
6400PT1675,38697
6400PT1674,38826
3100Z309881,55617
6400PT1673,38660
3100Z309880,55617
6400PT1680,38781
3100Z309879,55617
6400PT1679,38829
6400PT1678,38913
3100Z284881,55617
6400PT1677,38667
3100Z284880,55617
6400PT1684,38640
3100Z284873,55617
6400PT1683,38539
3100Z285863,55617
6400PT1682,38509
3100Z285847,55609
6400PT1681,38659
3100Z285761,55603
6400PT1688,38967
6400PT1687,38640
3100Z285915,55604
6400PT1686,38584
3100Z285872,55617
6400PT1685,38640
3100Z285871,55617
6400PT1658,39265
3100Z285864,55617
6400PT1656,39156
3100Z286881,55617
6400PT1655,39068
3100Z286864,55617
6400PT1654,39092
3100Z286863,55617
6400PT1664,38634
3100Z286847,55609
6400PT1663,38553
3100Z282928,55604
6400PT1662,38786
3100Z282918,55604
6400PT1659,39073
3100Z282879,55617
6400PT1668,38501
3100Z282878,55617
6400PT1667,38538
3100Z283875,55617
6400PT1666,38538
3100Z283868,55617
6400PT1665,38567
3100Z283867,55617
6400PT1672,38734
3100Z283865,55617
6400PT1671,38676
3100Z284761,55603
6400PT1670,38719
3100Z283928,55604
6400PT1669,38530
3100Z283918,55604
6400PT1707,39134
3100Z283876,55617
6400PT1706,39081
3100Z284872,55617
6400PT1705,91019
3100Z284863,55617
6400PT1704,38940
3100Z284816,55613
6400PT1711,38644
3100Z284815,55613
6400PT1710,38848
3100Z289815,55613
6400PT1709,38838
3100Z288910,55604
6400PT1708,38940
3100Z288879,55617
6400PT1715,38537
3100Z288878,55617
6400PT1714,38549
3100Z290759,55603
6400PT1713,38548
3100Z289912,55604
6400PT1712,38554
3100Z289817,55613
6400PT1720,39224
3100Z289816,55613
6400PT1719,39184
3100Z291864,55617
6400PT1718,39166
3100Z290933,55604
6400PT1716,38549
3100Z290882,55617
6400PT1691,38867
3100Z290815,55613
6400PT1690,38966
3100Z292813,55613
6400PT169,38786
3100Z292759,55603
6400PT1689,38640
6400PT1695,38515
3100Z291933,55604
6400PT1694,38538
3100Z287818,55613
6400PT1693,38967
3100Z287817,55613
6400PT1692,38966
3100Z286930,55604
6400PT1699,38528
3100Z286914,55604
6400PT1698,38913
3100Z287930,55604
6400PT1697,38701
3100Z287882,55617
6400PT1696,38538
3100Z287881,55617
6400PT1703,38838
3100Z287866,55617
6400PT1702,38530
3100Z288837,55609
6400PT1701,38507
3100Z288836,55609
6400PT1700,38528
6400PT1744,39031
6400PT1743,39122
3100Z288868,55617
6400PT1742,39110
3100Z288867,55617
6400PT1741,38631
3100Z288861,55617
6400PT1748,38631
3100Z288860,55617
6400PT1747,39068
3100Z295818,55613
6400PT1746,39098
3100Z295817,55613
6400PT1745,39079
3100Z295805,55613
6400PT1753,39238
6400PT1752,39172
3100Z295865,55617
6400PT1750,38631
3100Z295864,55617
6400PT1749,38631
3100Z295847,55609
6400PT1757,39063
3100Z295846,55609
6400PT1756,39215
3100Z295909,55604
6400PT1755,39252
3100Z295908,55604
6400PT1754,39196
3100Z295870,55617
6400PT1728,39183
3100Z295869,55617
6400PT1723,39130
3100Z296804,55613
6400PT1722,39074
3100Z296759,55605
6400PT1721,39120
3100Z296758,55605
6400PT1732,38948
6400PT1731,39113
3100Z292867,55617
6400PT1730,39098
3100Z292866,55617
6400PT1729,39033
3100Z292857,55617
6400PT1736,38631
3100Z292814,55613
6400PT1735,38880
3100Z293866,55617
6400PT1734,38880
3100Z293759,55603
6400PT1733,38867
6400PT1740,38548
3100Z292911,55604
6400PT1739,38548
3100Z294811,55613
6400PT1738,38548
3100Z293935,55604
6400PT1737,38644
3100Z293911,55604
6400PT1778,38867
3100Z293868,55617
6400PT1777,39082
3100Z294869,55617
6400PT1776,38795
3100Z294868,55617
6400PT1775,38825
3100Z294816,55613
6400PT1786,38941
3100Z294815,55613
6400PT1785,38933
3100Z298819,55613
6400PT1784,38701
3100Z298814,55613
6400PT1783,38550
3100Z298803,55613
6400PT1790,38537
3100Z298802,55613
6400PT1789,39029
3100Z298888,55617
6400PT1788,38967
3100Z298870,55617
6400PT1787,39068
3100Z298848,55609
6400PT1794,38537
3100Z298834,55609
6400PT1793,39061
3100Z299819,55613
6400PT1792,39052
3100Z298891,55617
6400PT1791,38537
3100Z298890,55617
6400PT1761,38651
3100Z298889,55617
6400PT1760,38667
3100Z300798,55613
6400PT1759,38657
3100Z300763,55606
6400PT1758,39063
3100Z300762,55606
6400PT1765,38549
3100Z299848,55609
6400PT1764,38549
3100Z296818,55613
6400PT1763,38630
3100Z296812,55613
6400PT1762,38552
3100Z296811,55613
6400PT1769,38608
3100Z296805,55613
6400PT1768,38640
3100Z297814,55613
6400PT1767,38640
3100Z296870,55617
6400PT1766,38586
3100Z296866,55617
6400PT1774,39094
3100Z296834,55609
6400PT1773,39082
3100Z297889,55617
6400PT1772,38867
3100Z297866,55617
6400PT1770,38579
3100Z297816,55613
64801546,37874
3100Z297815,55613
64801545,37873
3100Z298758,55605
64801542,37900
3100Z298757,55605
64801541,37900
3100Z297904,55617
64801553,37565
3100Z297903,55617
64801550,37887
64801549,37887
64801547,37876
64801558,37906
64801557,37906
64801555,37346
64801554,37565
64801561,37904
64801560,37906
6480156,38177
64801559,37906
64801526,36177
64801525,35909
64801519,35909
64801518,36177
64801531,37397
64801529,36620
64801528,36450
64801527,36224
64801537,37905
64801534,38133
64801533,38137
64801532,38150
64801540,37929
6480154,36784
64801539,37929
64801538,37905
64801584,36250
64801583,36026
64801580,36033
64801578,36043
64801588,36006
64801587,36239
64801586,36239
64801585,36250
64801591,36005
64801590,36005
6480159,38221
64801589,36004
64801595,36182
64801594,36182
64801593,35996
64801592,35996
64801565,37903
64801564,37903
64801563,37903
64801562,37904
64801569,37456
64801568,37457
64801567,37893
64801566,37893
64801573,37570
64801572,36836
64801571,37503
64801570,38177
64801577,36070
64801576,36055
64801575,36964
64801574,37561
64801618,36238
64801617,36238
64801616,36259
64801615,36259
64801622,36032
64801621,36034
64801620,37151
64801619,36053
64801627,36452
64801626,36059
64801625,36066
64801624,36063
64801633,36258
64801630,36260
64801629,36260
64801628,36451
64801600,38281
64801599,38131
64801597,36077
64801596,36077
64801606,38116
64801603,38262
64801602,38262
64801601,38281
64801610,38105
64801609,38103
64801608,38103
64801607,38116
64801614,36181
64801613,37859
64801612,37859
64801611,38094
64801655,38371
64801654,38371
64801653,38371
64801652,38371
64801659,38382
64801658,38379
64801657,38377
64801656,38371
64801668,35956
64801667,35958
64801666,35958
64801660,38382
64801672,35881
64801671,35881
64801670,35881
64801669,35956
64801638,36057
64801636,36084
64801635,36084
64801634,36264
64801642,36473
64801641,36470
64801640,36272
64801639,36468
64801647,37325
64801646,36358
64801645,37463
64801644,36882
64801651,38274
64801650,37857
64801649,37365
64801648,37365
64801366,37099
64801365,37099
64801360,37027
64801359,37027
64801381,38310
64801370,36755
64801368,36757
64801367,36757
64801392,93406
64801391,93406
64801390,93406
64801382,38327
64801396,93406
64801395,93406
64801394,93406
64801393,93406
64801346,37068
64801345,37068
64801344,37047
64801343,37047
64801350,37658
64801349,37658
64801348,37660
64801347,37660
64801354,37997
64801353,38065
64801352,37964
64801351,37977
64801358,38065
64801357,38069
64801356,38056
64801355,38056
64801417,38300
64801416,38300
64801415,38149
64801414,93406
64801421,36366
64801420,36366
64801419,36803
64801418,36803
64801425,36755
64801424,38003
64801423,38003
64801422,36963
64801430,37561
64801429,37915
64801427,37909
64801426,37909
64801400,93406
64801399,93404
64801398,93404
64801397,93406
64801404,93406
64801403,93406
64801402,36373
64801401,93406
64801408,93406
64801407,93406
64801406,93406
64801405,93406
64801413,55287
64801412,93406
64801410,93406
64801409,93406
64801468,37660
64801467,37649
64801465,38326
64801464,38326
64801472,37939
64801471,37667
64801470,37668
64801469,37657
64801476,37648
64801475,37652
64801474,37040
64801473,37932
6480148,37100
64801479,37913
64801478,37913
64801477,37648
64801438,93291
64801437,93291
64801436,93412
64801435,93412
64801442,35959
64801441,35961
64801440,35961
64801439,93281
64801450,93406
64801449,93406
64801448,37744
64801446,37723
64801463,38392
64801455,37012
64801454,37012
64801451,37323
64801504,37765
64801503,38059
64801502,38059
64801501,37713
64801508,37109
64801507,37109
64801506,37195
64801505,37195
64801513,36613
64801511,37397
64801510,37178
64801509,37178
64801517,36177
64801516,36224
64801515,36209
64801514,36450
64801483,37647
64801482,37928
64801481,37928
64801480,37918
64801487,37802
64801486,37645
64801485,37645
64801484,37647
64801497,38040
64801490,37825
64801489,37265
64801488,37802
64801500,37713
6480150,37100
64801499,37705
64801498,37705
64801215,37147
64801214,37116
64801213,37759
64801212,36073
64801219,37203
64801218,37147
64801217,37148
64801216,37203
64801224,37769
64801222,37759
64801221,37116
64801220,37147
64801230,38149
64801229,38149
64801227,36048
64801225,36257
64801199,36312
64801198,36765
64801196,38429
64801195,38414
64801203,38435
64801202,36533
64801201,36765
64801200,36533
64801207,36140
64801206,36140
64801205,38402
64801204,38416
64801211,37767
64801210,36073
64801209,36137
64801208,36137
64801252,36654
64801251,36654
64801250,37348
64801249,37412
64801257,36879
64801256,36919
64801255,37448
64801254,37448
64801261,38072
64801260,38072
64801259,37400
64801258,37400
64801265,36852
64801264,36852
64801263,37348
64801262,37348
64801234,36266
64801233,37453
64801232,37442
64801231,36244
64801238,37457
64801237,36836
64801236,37986
64801235,36266
64801242,36829
64801241,37326
64801240,37442
64801239,37482
64801248,36244
64801245,37444
64801244,37327
64801243,36829
64801289,36489
64801288,36489
64801287,36730
64801286,36698
64801293,36307
64801292,36499
64801291,36499
64801290,36526
64801298,36454
64801297,36103
64801295,36123
64801294,36307
64801303,36358
64801302,36356
64801301,36348
64801300,36340
64801270,37849
64801269,37289
64801267,38440
64801266,37165
64801276,36940
64801274,37849
64801272,36903
64801271,36842
64801281,37597
64801280,37596
64801278,36963
64801277,36940
64801285,36698
64801284,37037
64801283,37037
64801282,37009
64801325,37664
64801324,37664
64801323,38431
64801322,38043
64801329,37063
64801328,37063
64801327,37069
64801326,37069
64801333,36312
64801332,36312
64801331,36750
64801330,36750
64801342,37643
64801341,37642
64801340,37646
64801339,37668
64801308,37313
64801307,36120
64801306,36128
64801304,36348
64801313,37178
64801312,37178
64801310,37171
64801309,37397
64801317,37774
64801316,37774
64801315,37203
64801314,37203
64801321,37183
64801320,37183
64801319,38482
64801318,38482
64801084,36873
64801083,37504
64801082,37518
64801081,37352
64801088,36923
64801087,36870
3100Z101638,55570
64801086,36870
3100Z103926,55570
64801085,36881
3100U066714,55558
64801092,37380
3100U067426,55558
64801091,36923
3100Z092635,55562
64801090,36923
3100Z094653,55562
64801089,36923
3100Z098637,55570
64801096,36661
3100Z101637,55570
64801095,36657
3100Y839641,55541
64801094,37373
3100Z097637,55570
64801093,37372
3100U236213,55584
64801067,36805
3100U235213,55584
64801066,36787
3100Z271877,55617
64801065,36787
3100Z272877,55617
64801064,36316
3100Z264671,55606
64801071,37263
3100Y838641,55541
64801070,37266
3100Z238761,55591
64801069,37266
3100Z238767,55591
64801068,36804
3100Z27687H,55617
64801075,37352
3100U063340,55558
64801074,37523
3100296791,55607
64801073,37341
31009256003,55604
64801072,37263
3100U9256002,55604
64801080,37352
3100Z253999,55604
64801079,37397
3100U231295,55584
64801077,37397
3100265745,55603
64801076,37352
3100264745,55600
64801117,38461
3100296792,55607
64801115,37915
64801114,37236
3100T990553,55556
64801113,37597
3100T990547,55556
64801120,38484
3100T990548,55556
6480112,36312
3100U196114,55577
64801119,38484
3100STDLP0,55605
64801118,38461
3100NSHMP0,55607
64801124,37118
3100BYBEBPO,55613
64801123,37119
3100Z158810,55583
64801122,37167
3100U037218,55577
64801121,37145
3100U037217,55577
64801128,37237
3100U196115,55577
64801127,37237
3100Z170826,55583
64801126,37188
3100Z161787,55583
64801125,37188
3100Z161788,55583
64801100,36078
3100Z158809,55583
64801099,36455
3100U055014,55577
64801098,36455
3100U064014,55577
64801097,37236
3100U064013,55577
64801104,36050
3100Z170825,55583
64801103,36034
3100Z256382,55609
64801102,36032
3100Z256882,55609
64801101,36079
3100Y838775,55541
64801108,35838
3100Y838615,55541
64801107,35775
3100U163026,55577
64801106,35835
3100U162026,55577
64801105,36053
3100U164038,55577
64801112,37609
3100U164037,55577
64801111,37610
3100Z222912,55604
64801110,37513
3100Z223913,55604
64801109,37477
3100Z291881,55617
64801149,37523
3100Z290881,55617
64801148,37496
3100BDLNTNPO,55609
64801147,37497
3100ASHGTNP0,55617
64801145,37151
3100U170531,55577
64801153,37523
3100U170534,55577
64801152,37326
64801151,37326
64801150,37523
64801157,37538
64801156,37538
64801155,37564
64801154,37523
64801161,36868
64801160,36868
64801159,37387
64801158,37387
64801132,35881
64801131,38026
64801130,37827
64801129,37823
64801136,37556
64801135,35957
3100Z101879,55583
64801134,35957
3100Z101579,55583
64801133,35881
3100Z297758,55605
64801140,37547
3100Z296760,55605
64801139,37551
3100U124348,55558
64801138,37551
3100Z188853,55572
64801137,37556
3100Z185785,55572
64801144,37539
3100Z185885,55572
64801143,36947
64801142,36949
64801141,37551
64801182,35959
3100Z304786,55607
64801181,37326
64801180,37592
64801179,37592
64801186,36553
64801185,36562
64801184,36776
64801183,37112
64801190,38443
64801189,38469
64801188,36554
64801187,38431
64801194,38406
64801193,93406
64801192,93406
64801191,37105
64801166,93406
64801165,93406
64801164,93406
64801162,36829
64801170,36901
64801169,36871
64801168,93406
64801167,93406
41000001MS02,55587
64801174,37913
41000001MS01,55587
64801173,37913
64801172,37940
64801171,37940
64801178,37602
64801177,37602
64801176,35955
64801175,35955
6500D9026,34173
6500D9006,34720
6500D9003,34682
6500D1706,34583
6500D9031,34915
6500D9030,34901
6500D9028,34903
6500D9027,34903
6500D9036,34941
6500D9035,34927
6500D9034,34915
6500D9032,34927
6500D9040,34952
6500D9039,34924
6500D9038,34939
6500D9037,34922
6500D1607,34117
6500D1606,34081
6500D1605,34081
6500D1604,34081
6500D1611,34132
6500D1610,34132
6500D1609,34132
6500D1608,34132
6500D1701,34583
6500D1614,34132
6500D1613,34132
6500D1612,34132
6500D1705,34583
6500D1704,34583
6500D1703,34583
6500D1702,34583
6500D9113,34999
6500D9112,35003
6500D9111,35003
6500D9110,34989
6500D9120,34195
6500D9119,33946
6500D9115,34999
6500D9114,34999
6500D9124,33944
6500D9123,33944
6500D9122,34195
6500D9121,34195
6500D9128,34903
6500D9127,34903
6500D9126,34262
6500D9125,33890
6500D9044,34913
6500D9043,34914
6500D9042,34953
6500D9041,34933
6500D9049,34838
6500D9048,34543
6500D9046,34937
6500D9045,34933
6500D9059,34696
6500D9058,34696
6500D9051,34838
6500D9050,34835
6500D9101,34367
6500D9100,33919
6500D9090,33919
6500D9069,34296
6500D9155,34695
6500D9154,34057
6500D9153,38465
6500D9152,38465
6500D9159,33906
6500D9158,33906
6500D9157,33905
6500D9156,33905
6500D9164,34623
6500D9163,34622
6500D9162,33887
6500D9161,33887
6500D9168,33992
6500D9167,33992
6500D9166,34021
6500D9165,34021
6500D9132,34902
6500D9131,34901
6500D9130,34916
6500D9129,34901
6500D9138,34974
6500D9137,34974
6500D9136,34974
6500D9135,34024
6500D9145,33957
6500D9144,34915
6500D9140,34784
6500D9139,34784
6500D9151,33979
6500D9150,33979
6500D9149,34201
6500D9148,34196
6500D9188,34169
6500D9187,34169
6500D9186,34031
6500D9185,34031
6500D9192,34401
6500D9191,34401
6500D9190,34188
6500D9189,34188
6500D9196,33762
6500D9195,34017
6500D9194,33976
6500D9193,33976
6500D9222,34820
6500D9221,34841
6500D9216,34845
6500D9199,33894
6500D9172,38457
6500D9171,38457
6500D9170,34194
6500D9169,34194
6500D9176,34740
6500D9175,34384
6500D9174,34741
6500D9173,34741
6500D9180,34022
6500D9179,34022
6500D9178,34478
6500D9177,34740
6500D9184,34189
6500D9183,34017
6500D9182,34019
6500D9181,34189
6500D1092,34551
6500D1091,34551
6500D1090,34499
6500D1089,34499
6500D1096,34613
6500D1095,34497
6500D1094,34536
6500D1093,34536
6500D1101,34321
6500D1100,34300
6500D1099,34423
6500D1098,34495
6500D1105,33874
6500D1104,33874
6500D1103,34501
6500D1102,34615
6500D1075,34495
6500D1074,34519
6500D1073,34414
6500D1072,34414
6500D1079,34457
6500D1078,34636
6500D1077,34531
6500D1076,34457
6500D1083,34519
6500D1082,34369
6500D1081,34369
6500D1080,34457
6500D1088,34499
6500D1087,34499
6500D1086,34499
6500D1084,34519
6500D1125,34533
6500D1124,34533
6500D1123,34533
6500D1122,34533
6500D1129,34492
6500D1128,34492
6500D1127,34571
6500D1126,34533
6500D1133,34613
6500D1132,34537
6500D1131,34537
6500D1130,34537
6500D1137,34782
6500D1136,34465
6500D1135,34465
6500D1134,34543
6500D1109,33915
6500D1108,34338
6500D1107,33894
6500D1106,33880
6500D1113,34271
6500D1112,34536
6500D1111,34494
6500D1110,33915
6500D1117,34373
6500D1116,34373
6500D1115,34296
6500D1114,34683
6500D1121,34510
6500D1120,34510
6500D1119,34613
6500D1118,34527
6500D1157,34641
6500D1156,34641
6500D1155,34372
6500D1154,34373
6500D1161,34538
6500D1160,34540
6500D1159,34538
6500D1158,34538
6500D1165,34520
6500D1164,34519
6500D1163,34519
6500D1162,33922
6500D1169,34104
6500D1168,34739
6500D1167,34728
6500D1166,34520
6500D1141,34454
6500D1140,34423
6500D1139,33894
6500D1138,34782
6500D1145,33965
6500D1144,34455
6500D1143,34458
6500D1142,34056
6500D1149,34520
6500D1148,34465
6500D1147,34465
6500D1146,34465
6500D1153,34728
6500D1152,34613
6500D1151,34520
6500D1150,34520
6500D1190,34896
6500D1189,34085
6500D1188,34495
6500D1187,34999
6500D1194,34693
6500D1193,34687
6500D1192,34478
6500D1191,34999
6500D1198,56745
6500D1197,56745
6500D1196,34715
6500D1195,34715
6500D1603,34081
6500D1602,34081
6500D1601,34081
6500D1199,34726
6500D1174,34834
6500D1173,34656
6500D1171,34638
6500D1170,34493
6500D1178,34359
6500D1177,34015
6500D1176,34015
6500D1175,34543
6500D1182,34479
6500D1181,34478
6500D1180,34384
6500D1179,34384
6500D1186,34571
6500D1185,34571
6500D1184,34478
6500D1183,34478
6500D0790,34738
6500D0789,34399
6500D0788,34738
6500D0787,34147
6500D0794,34739
6500D0793,34392
6500D0792,34386
6500D0791,33947
6500D0798,34651
6500D0797,34651
6500D0796,34399
6500D0795,34399
6500D0802,34822
6500D0801,34823
6500D0800,34823
6500D0799,34891
6500D0773,34321
6500D0772,34384
6500D0771,34384
6500D0770,34137
6500D0778,34547
6500D0776,34327
6500D0775,34316
6500D0774,34322
6500D0782,34906
6500D0781,34547
6500D0780,34547
6500D0779,34547
6500D0786,34461
6500D0785,34650
6500D0784,34650
6500D0783,34906
6500D0926,34519
6500D0925,34519
6500D0924,34519
6500D0923,34457
6500D0930,34738
6500D0929,34399
6500D0928,34385
6500D0927,34520
6500D0935,34399
6500D0934,34255
6500D0933,34545
6500D0931,34738
6500D1003,34545
6500D1002,34456
6500D1001,34456
6500D0936,34271
6500D0890,34168
6500D0805,34629
6500D0804,34632
6500D0803,34825
6500D0914,34399
6500D0913,34385
6500D0912,34385
6500D0911,34385
6500D0918,33941
6500D0917,33941
6500D0916,34414
6500D0915,34400
6500D0922,34293
6500D0921,34485
6500D0920,34485
6500D0919,33940
6500D1025,33854
6500D1024,33889
6500D1023,34861
6500D1022,34141
6500D1030,34371
6500D1029,34371
6500D1028,34456
6500D1027,34414
6500D1034,34494
6500D1033,34494
6500D1032,34516
6500D1031,34516
6500D1039,34902
6500D1037,34503
6500D1036,34425
6500D1035,34427
6500D1007,34462
6500D1006,34545
6500D1005,34545
6500D1004,34545
6500D1013,34892
6500D1012,34892
6500D1011,34876
6500D1008,34628
6500D1017,34254
6500D1016,34023
6500D1015,34891
6500D1014,34892
6500D1021,34332
6500D1020,34332
6500D1019,34320
6500D1018,34256
6500D1059,34373
6500D1058,34373
6500D1057,34270
6500D1056,34358
6500D1063,34510
6500D1062,34510
6500D1061,34527
6500D1060,34528
6500D1067,79016
6500D1066,79016
6500D1065,33944
6500D1064,34241
6500D1071,34329
6500D1070,34296
6500D1069,34296
6500D1068,34296
6500D1043,34864
6500D1042,34358
6500D1041,34985
6500D1040,34456
6500D1047,34016
6500D1046,34016
6500D1045,34023
6500D1044,34864
6500D1051,34458
6500D1050,34149
6500D1049,33859
6500D1048,33858
6500D1055,34358
6500D1054,33959
6500D1053,34626
6500D1052,34457
6500D0653,33963
6500D0652,33963
6500D0651,33963
6500D0650,33965
6500D0657,33958
6500D0656,33958
6500D0655,33957
6500D0654,33957
6500D0661,33967
6500D0660,33957
6500D0659,33963
6500D0658,33963
6500D0665,33959
6500D0664,33980
6500D0663,34050
6500D0662,34050
6500D0635,33895
6500D0634,33895
6500D0633,33895
6500D0632,33895
6500D0641,33966
6500D0640,33966
6500D0639,33969
6500D0638,33970
6500D0645,33957
6500D0644,33957
6500D0643,33958
6500D0642,33958
6500D0649,33965
6500D0648,33962
6500D0647,33965
6500D0646,33962
6500D0686,33831
6500D0685,33840
6500D0684,33840
6500D0683,33853
6500D0690,33829
6500D0689,33836
6500D0688,33835
6500D0687,33831
6500D0695,33871
6500D0693,33846
6500D0692,33839
6500D0691,33829
6500D0701,34396
6500D0700,34873
6500D0699,34700
6500D0697,34545
6500D0669,33926
6500D0668,33926
6500D0667,33978
6500D0666,33922
6500D0673,33991
6500D0672,33991
6500D0671,34001
6500D0670,33926
6500D0677,33994
6500D0676,34000
6500D0675,33992
6500D0674,33992
6500D0682,33853
6500D0681,34005
6500D0679,34003
6500D0678,33995
6500D0722,33991
6500D0721,34461
6500D0720,34106
6500D0719,34844
6500D0726,34005
6500D0725,34249
6500D0724,34357
6500D0723,34007
6500D0730,34385
6500D0729,34416
6500D0728,57113
6500D0727,57113
6500D0735,34626
6500D0733,34262
6500D0732,34928
6500D0731,34738
6500D0705,34431
6500D0704,34924
6500D0703,34953
6500D0702,34396
6500D0709,34254
6500D0708,33989
6500D0707,33989
6500D0706,34072
6500D0714,34635
6500D0713,34911
6500D0712,34912
6500D0710,34072
6500D0718,35000
6500D0717,34991
6500D0716,34899
6500D0715,34594
6500D0757,34060
6500D0756,34445
6500D0755,34494
6500D0754,34494
6500D0761,34494
6500D0760,34752
6500D0759,34500
6500D0758,34060
6500D0765,34156
6500D0764,34156
6500D0763,34729
6500D0762,34494
6500D0769,34137
6500D0768,34385
6500D0767,34503
6500D0766,34089
6500D0739,33960
6500D0738,34328
6500D0737,34167
6500D0736,34837
6500D0745,34353
6500D0743,33871
6500D0741,33890
6500D0740,34102
6500D0749,33991
6500D0748,34369
6500D0747,34908
6500D0746,34296
6500D0753,34500
6500D0752,34086
6500D0751,34086
6500D0750,34456
6500K0104,35465
6500K0103,35395
6500K0102,35468
6500K0101,35468
6500K0113,35371
6500K0112,35371
6500K0111,35465
6500K0110,35465
6500K0117,35419
6500K0116,35370
6500K0115,35419
6500K0114,35370
6500K0122,35420
6500K0120,35370
6500K0119,35370
6500K0118,35420
6500K0088,35481
6500K0087,35481
6500K0086,35339
6500K0085,35481
6500K0092,35412
6500K0091,35404
6500K0090,35394
6500K0089,35394
6500K0096,35483
6500K0095,35399
6500K0094,35399
6500K0093,35399
6500K0100,35400
6500K0099,35400
6500K0098,35482
6500K0097,35483
6500K0143,35373
6500K0142,35371
6500K0141,35370
6500K0140,35433
6500K0148,32944
6500K0147,35238
6500K0146,35015
6500K0144,35487
6500K0152,35439
6500K0151,35438
6500K0150,35454
6500K0149,32944
6500K0159,35380
6500K0157,35028
6500K0156,32947
6500K0153,35487
6500K0127,35420
6500K0126,35454
6500K0125,35397
6500K0124,35420
6500K0131,35373
6500K0130,35373
6500K0129,35454
6500K0128,35486
6500K0135,35426
6500K0134,35454
6500K0133,35454
6500K0132,35454
6500K0139,35433
6500K0138,35454
6500K0137,35454
6500K0136,35426
6500K0179,35336
6500K0178,35336
6500K0177,35356
6500K0176,35356
6500K0183,35339
6500K0182,35339
6500K0181,35336
6500K0180,35336
6500K0187,35362
6500K0186,35362
6500K0185,35338
6500K0184,35338
6500K0193,35362
6500K0192,35362
6500K0191,35338
6500K0190,35338
6500K0163,35448
6500K0162,35448
6500K0161,35448
6500K0160,35448
6500K0167,35607
6500K0166,35612
6500K0165,35432
6500K0164,35432
6500K0171,35628
6500K0170,35629
6500K0169,35629
6500K0168,35613
6500K0175,35604
6500K0174,35604
6500K0173,35618
6500K0172,35618
6500K0216,35399
6500K0215,35399
6500K0214,35338
6500K0213,35338
6500K0220,35362
6500K0219,35408
6500K0218,35483
6500K0217,35399
6500K0224,35365
6500K0223,35362
6500K0222,35362
6500K0221,35362
6500K0228,35332
6500K0227,35332
6500K0226,35408
6500K0225,35408
6500K0197,35365
6500K0196,35365
6500K0195,35362
6500K0194,35362
6500K0204,35338
6500K0200,35338
6500K0199,35276
6500K0198,35365
6500K0208,35338
6500K0207,35338
6500K0206,35339
6500K0205,35338
6500K0212,35338
6500K0211,35338
6500K0210,35362
6500K0209,35362
6500DT0019,34072
6500DT0017,34583
6500DT001,34103
6500DNFRMQM2,34503
6500DT005,34070
6500DT004,34132
6500DT003,34081
6500DT002,34065
6500DT009,34296
6500DT008,34347
6500DT007,34503
6500DT006,34060
6500DT013,34698
6500DT012,34739
6500DT011,34337
6500DT010,34338
6500DB008,34241
6500DB007,34241
6500DB006,34065
6500DB005,34065
6500DB020,34583
6500DB013,34081
6500DB012,34132
6500DB011,34082
6500DNFRMLE1,34060
6500DNFRMLE0,34060
6500DB022,34583
6500DB021,34583
6500DNFRMQM1,34631
6500DNFRMQM0,34503
6500DNFRMLE3,34060
6500DNFRMLE2,34060
6500K0007,35394
6500K0006,35394
6500K0005,35464
6500K0004,35463
6500K0011,35394
6500K0010,35481
6500K0009,35481
6500K0008,35394
6500K0015,35404
6500K0014,35404
6500K0013,35463
6500K0012,35464
6500K0019,35426
6500K0018,35423
6500K0017,35404
6500K0016,35404
6500DT017,34398
6500DT016,35505
6500DT015,34807
6500DT014,34698
6500GLNRTHS2,35505
6500GLNRTHS1,35505
6500GLNRTHS0,35505
6500DT018,34065
6500IVRKTHG3,34264
6500IVRKTHG2,34339
6500IVRKTHG1,34366
6500IVRKTHG0,34339
6500K0003,35464
6500K0002,35481
6500K0001,35344
6500IVRKTHG4,34338
6500K0040,35459
6500K0039,35358
6500K0038,35359
6500K0037,35359
6500K0044,35357
6500K0043,35358
6500K0042,35358
6500K0041,35459
6500K0048,35357
6500K0047,35357
6500K0046,35358
6500K0045,35357
6500K0052,35356
6500K0051,35100
6500K0050,35100
6500K0049,35357
6500K0024,35608
6500K0022,35429
6500K0021,35434
6500K0020,35434
6500K0028,35625
6500K0027,35626
6500K0026,35626
6500K0025,35616
6500K0032,35603
6500K0031,35602
6500K0030,35602
6500K0029,35625
6500K0036,35355
6500K0035,35459
6500K0034,35461
6500K0033,35603
6500K0072,35404
6500K0071,35403
6500K0070,35403
6500K0069,35403
6500K0076,35399
6500K0075,35413
6500K0074,35412
6500K0073,35404
6500K0080,35339
6500K0079,35481
6500K0078,35481
6500K0077,35393
6500K0084,35339
6500K0083,35339
6500K0082,35339
6500K0081,35356
6500K0056,35459
6500K0055,35100
6500K0054,35100
6500K0053,35356
6500K0060,35356
6500K0059,35359
6500K0058,35459
6500K0057,35459
6500K0064,35356
6500K0063,35356
6500K0062,35356
6500K0061,35356
6500K0068,35403
6500K0067,35461
6500K0066,35463
6500K0065,35461
6500D9719,34625
6500D9718,34614
6500D9716,34034
6500D9715,34845
6500D9724,34681
6500D9722,34681
6500D9721,34845
6500D9720,34729
6500D9729,34977
6500D9727,34861
6500D9726,34852
6500D9725,34805
6500D9733,34989
6500D9732,34989
6500D9731,34988
6500D9730,34977
6500D9693,34705
6500D9685,34906
6500D9680,33980
6500D9679,34359
6500D9703,34044
6500D9702,34365
6500D9701,34367
6500D9694,34705
6500D9707,34983
6500D9706,34984
6500D9705,34985
6500D9704,34043
6500D9713,34335
6500D9712,34337
6500D9710,33980
6500D9709,34968
6500D9755,33941
6500D9754,33894
6500D9753,33894
6500D9752,33894
6500D9759,34044
6500D9758,34044
6500D9757,34040
6500D9756,33941
6500D9764,34179
6500D9762,34179
6500D9761,34179
6500D9760,34044
6500D9768,34034
6500D9767,34174
6500D9766,34034
6500D9765,34034
6500D9737,35000
6500D9736,34983
6500D9735,35003
6500D9734,35003
6500D9742,34999
6500D9741,34999
6500D9739,34980
6500D9738,35000
6500D9747,34922
6500D9745,34980
6500D9744,34980
6500D9743,34980
6500D9751,34836
6500D9750,34826
6500D9749,34827
6500D9748,34271
6500D9801,34774
6500D9800,34775
6500D9789,34495
6500D9788,34729
6500D9805,34774
6500D9804,34775
6500D9803,33967
6500D9802,79001
6500D9824,33899
6500D9822,33951
6500D9821,33947
6500D9819,34999
6500D9847,34771
6500D9835,34825
6500D9832,34787
6500D9830,34358
6500D9773,34401
6500D9772,34224
6500D9771,33951
6500D9770,33947
6500D9777,34359
6500D9776,34338
6500D9775,34245
6500D9774,34362
6500D9781,34971
6500D9780,34030
6500D9779,34359
6500D9778,34359
6500D9786,34979
6500D9784,34212
6500D9783,34224
6500D9782,34715
6500D9978,33886
6500D9977,33879
6500D9972,33893
6500D9944,34984
6500D9991,34103
6500D9989,35018
6500D9981,34168
6500D9979,33886
6500DALGETY1,34386
6500DALGETY0,34409
6500D9996,34662
6500D9992,34065
6500DB004,34065
6500DB003,34065
6500DB002,34065
6500DB001,34065
6500D9875,34032
6500D9874,34032
6500D9855,34131
6500D9849,32972
6500D9888,35018
6500D9882,34712
6500D9881,34712
6500D9876,33854
6500D9925,34840
6500D9919,34246
6500D9908,34168
6500D9889,34633
6500D9943,34984
6500D9928,34445
6500D9927,34464
6500D9926,34891
6500D9248,34732
6500D9245,34120
6500D9244,34120
6500D9243,34120
6500D9253,34028
6500D9252,34028
6500D9251,34822
6500D9250,34827
6500D9257,34839
6500D9256,34695
6500D9255,33965
6500D9254,34908
6500D9261,34809
6500D9260,34809
6500D9259,34825
6500D9258,34839
6500D9230,34120
6500D9227,34644
6500D9225,34437
6500D9223,34822
6500D9234,34120
6500D9233,34120
6500D9232,34120
6500D9231,34120
6500D9238,34120
6500D9237,34120
6500D9236,34120
6500D9235,34120
6500D9242,34359
6500D9241,34085
6500D9240,34120
6500D9239,34120
6500D9285,34296
6500D9283,33830
6500D9282,33853
6500D9281,33848
6500D9355,34626
6500D9322,34583
6500D9321,34583
6500D9286,34399
6500D9359,34445
6500D9358,34445
6500D9357,34120
6500D9356,34445
6500D9374,33877
6500D9373,33877
6500D9361,34500
6500D9360,34500
6500D9267,34826
6500D9265,34089
6500D9263,34836
6500D9262,34836
6500D9272,33928
6500D9271,33928
6500D9270,33963
6500D9269,34738
6500D9276,33984
6500D9275,33984
6500D9274,34196
6500D9273,34196
6500D9280,33854
6500D9279,33870
6500D9278,33984
6500D9277,34072
6500D9537,34112
6500D9536,34112
6500D9535,34112
6500D9534,34112
6500D9541,34089
6500D9540,34112
6500D9539,34112
6500D9538,34112
6500D9558,34783
6500D9548,33959
6500D9543,34089
6500D9542,34112
6500D9605,34505
6500D9600,34505
6500D9567,34255
6500D9560,34783
6500D9447,34800
6500D9446,34771
6500D9445,34800
6500D9378,34317
6500D9512,34057
6500D9510,34056
6500D9500,33926
6500D9473,34980
6500D9520,34678
6500D9518,34245
6500D9515,34342
6500D9514,34245
6500D9533,34089
6500D9532,34089
6500D9531,34089
6500D9530,34112
6500D9666,34980
6500D9665,34980
6500D9664,34980
6500D9663,35000
6500D9670,34044
6500D9669,34040
6500D9668,33894
6500D9667,34980
6500D9674,34179
6500D9673,34179
6500D9672,34044
6500D9671,34044
6500D9678,34359
6500D9677,34362
6500D9676,34401
6500D9675,34179
6500D9650,34044
6500D9631,33921
6500D9609,34499
6500D9608,34499
6500D9654,34983
6500D9653,34984
6500D9652,34985
6500D9651,34043
6500D9658,34977
6500D9657,34626
6500D9656,34614
6500D9655,34968
6500D9662,34984
6500D9661,34983
6500D9660,34989
6500D9659,34988
6500K0660,32551
6500K0659,32534
6500K0658,32557
6500K0657,32314
6500K0664,32505
6500K0663,32559
6500K0662,32559
6500K0661,32551
6500K0668,32551
6500K0667,32551
6500K0666,32556
6500K0665,32556
6500K0672,32579
6500K0671,35010
6500K0670,32551
6500K0669,32551
6500K0644,32531
6500K0643,35548
6500K0642,35548
6500K0641,32493
6500K0648,32534
6500K0647,32553
6500K0646,32553
6500K0645,32553
6500K0652,32531
6500K0651,32447
6500K0650,32553
6500K0649,32512
6500K0656,32557
6500K0655,32557
6500K0654,32553
6500K0653,32531
6500K0693,32444
6500K0692,32425
6500K0691,32425
6500K0690,32438
6500K0697,32425
6500K0696,32449
6500K0695,32449
6500K0694,32444
6500K0701,32456
6500K0700,32454
6500K0699,32456
6500K0698,32425
6500K0705,32508
6500K0704,32425
6500K0703,32425
6500K0702,32494
6500K0677,32583
6500K0676,32583
6500K0675,32584
6500K0674,32584
6500K0681,32325
6500K0680,32332
6500K0679,32330
6500K0678,32330
6500K0685,32327
6500K0684,32327
6500K0683,32324
6500K0682,32325
6500K0689,32438
6500K0688,32332
6500K0687,32332
6500K0686,32324
6500K0725,32428
6500K0724,32428
6500K0723,32428
6500K0722,32429
6500K0729,32429
6500K0728,32429
6500K0727,32429
6500K0726,32429
6500K0735,32419
6500K0734,32325
6500K0733,32325
6500K0732,32325
6500K0739,32440
6500K0738,32440
6500K0737,32499
6500K0736,32420
6500K0709,32491
6500K0708,32470
6500K0707,32470
6500K0706,32508
6500K0713,32437
6500K0712,32438
6500K0711,32440
6500K0710,32425
6500K0717,32422
6500K0716,32422
6500K0715,32438
6500K0714,32438
6500K0721,32429
6500K0720,32429
6500K0719,32429
6500K0718,32421
6500K0759,32493
6500K0758,32494
6500K0757,32494
6500K0756,32474
6500K0763,35544
6500K0762,32454
6500K0761,32496
6500K0760,32493
6500K0767,32493
6500K0766,32493
6500K0765,32493
6500K0764,35544
6500K0771,32495
6500K0770,32493
6500K0769,32493
6500K0768,32454
6500K0743,32492
6500K0742,32492
6500K0741,32440
6500K0740,32440
6500K0747,32498
6500K0746,32498
6500K0745,32440
6500K0744,32440
6500K0751,32473
6500K0750,32491
6500K0749,32498
6500K0748,32498
6500K0755,32474
6500K0754,32473
6500K0753,32473
6500K0752,32491
6500K0522,32854
6500K0521,32854
6500K0520,32854
6500K0519,32856
6500K0526,35749
6500K0525,32854
6500K0524,32854
6500K0523,32854
6500K0530,35749
6500K0529,35728
6500K0528,35728
6500K0527,35749
6500K0534,35725
6500K0533,35734
6500K0532,35735
6500K0531,35727
6500K0505,35753
6500K0504,35724
6500K0503,35752
6500K0502,35723
6500K0509,32855
6500K0508,35749
6500K0507,32854
6500K0506,35753
6500K0513,32852
6500K0512,32856
6500K0511,32856
6500K0510,32855
6500K0518,32855
6500K0517,35728
6500K0515,32898
6500K0514,32852
6500K0556,35705
6500K0553,35711
6500K0552,35711
6500K0551,35711
6500K0560,35706
6500K0559,35705
6500K0558,35705
6500K0557,35705
6500K0564,35659
6500K0563,35723
6500K0562,35723
6500K0561,35706
6500K0568,35657
6500K0567,35658
6500K0566,35658
6500K0565,35659
6500K0538,35726
6500K0537,35726
6500K0536,35748
6500K0535,35746
6500K0542,35705
6500K0541,35721
6500K0540,35706
6500K0539,35706
6500K0546,35709
6500K0545,35721
6500K0544,35706
6500K0543,35706
6500K0550,35711
6500K0549,35711
6500K0548,35711
6500K0547,35709
6500K0588,35503
6500K0587,35503
6500K0586,35506
6500K0585,35506
6500K0592,35592
6500K0591,35600
6500K0590,35591
6500K0589,35558
6500K0596,32710
6500K0595,35704
6500K0594,35672
6500K0593,35594
6500K0600,32709
6500K0599,32711
6500K0598,32711
6500K0597,32710
6500K0572,35660
6500K0571,35662
6500K0570,35666
6500K0569,35657
6500K0576,35649
6500K0575,35650
6500K0574,35650
6500K0573,35670
6500K0580,35652
6500K0579,35645
6500K0578,35645
6500K0577,35648
6500K0584,35516
6500K0583,35516
6500K0582,35511
6500K0581,35511
6500K0621,32533
6500K0620,32564
6500K0619,32564
6500K0618,32564
6500K0625,32568
6500K0624,32564
6500K0623,32565
6500K0622,32538
6500K0630,32564
6500K0629,32566
6500K0628,32570
6500K0626,32589
6500K0640,32493
6500K0635,35574
6500K0634,35574
6500K0631,32564
6500K0604,32714
6500K0603,32714
6500K0602,32709
6500K0601,32709
6500K0608,32709
6500K0607,32708
6500K0606,32708
6500K0605,32709
6500K0613,32569
6500K0612,32569
6500K0611,32569
6500K0610,32569
6500K0617,32569
6500K0616,32569
6500K0615,32569
6500K0614,32569
6500K0387,35682
6500K0385,32720
6500K0384,32715
6500K0383,32715
6500K0391,32839
6500K0390,32839
6500K0389,35715
6500K0388,35715
6500K0395,35743
6500K0394,35743
6500K0393,32837
6500K0392,32837
6500K0400,35744
6500K0399,32722
6500K0397,35717
6500K0396,35717
6500K0370,32944
6500K0369,32944
6500K0368,32944
6500K0367,32945
6500K0374,32725
6500K0373,32727
6500K0372,32727
6500K0371,32944
6500K0378,32716
6500K0377,32717
6500K0376,32717
6500K0375,32725
6500K0382,32722
6500K0381,32722
6500K0380,32722
6500K0379,32716
6500K0420,32907
6500K0419,32929
6500K0418,32851
6500K0417,32851
6500K0424,32907
6500K0423,32929
6500K0422,32851
6500K0421,32907
6500K0428,32907
6500K0427,32907
6500K0426,32907
6500K0425,32907
6500K0432,32948
6500K0431,32948
6500K0430,32948
6500K0429,32907
6500K0404,32864
6500K0403,32864
6500K0402,32948
6500K0401,35744
6500K0408,32929
6500K0407,32929
6500K0406,32929
6500K0405,32929
6500K0412,32864
6500K0411,32929
6500K0410,32929
6500K0409,32929
6500K0416,32949
6500K0415,32949
6500K0414,32948
6500K0413,32864
6500K0453,32883
6500K0452,32884
6500K0451,32863
6500K0450,32927
6500K0461,32853
6500K0460,32853
6500K0459,32896
6500K0458,32861
6500K0465,32898
6500K0464,32896
6500K0463,32852
6500K0462,32852
6500K0469,32852
6500K0468,32852
6500K0467,32866
6500K0466,32898
6500K0436,32949
6500K0435,32949
6500K0434,32970
6500K0433,32970
6500K0441,32960
6500K0440,32960
6500K0438,32960
6500K0437,32960
6500K0445,32962
6500K0444,32962
6500K0443,32962
6500K0442,32962
6500K0449,32885
6500K0448,32885
6500K0447,32895
6500K0446,32956
6500K0489,35720
6500K0488,35720
6500K0487,35726
6500K0486,35726
6500K0493,35714
6500K0492,35743
6500K0491,35745
6500K0490,35743
6500K0497,35682
6500K0496,35715
6500K0495,35715
6500K0494,35714
6500K0501,35723
6500K0500,35752
6500K0499,35752
6500K0498,35683
6500K0473,32854
6500K0472,32854
6500K0471,32852
6500K0470,32852
6500K0477,32856
6500K0476,32856
6500K0475,32856
6500K0474,32856
6500K0481,35749
6500K0480,35749
6500K0479,32855
6500K0478,32855
6500K0485,35735
6500K0484,35735
6500K0483,35728
6500K0482,35728
6500K0251,35411
6500K0250,35410
6500K0249,35411
6500K0247,35411
6500K0255,35424
6500K0254,35401
6500K0253,35401
6500K0252,35424
6500K0259,35406
6500K0258,35270
6500K0257,35363
6500K0256,35424
6500K0263,35407
6500K0262,35407
6500K0261,35407
6500K0260,35406
6500K0232,35411
6500K0231,35483
6500K0230,35483
6500K0229,35411
6500K0236,35408
6500K0235,35410
6500K0234,35410
6500K0233,35411
6500K0240,35424
6500K0239,35401
6500K0238,35482
6500K0237,35408
6500K0246,35410
6500K0245,35409
6500K0244,35424
6500K0241,35424
6500K0283,35276
6500K0282,35432
6500K0281,35432
6500K0280,35431
6500K0287,35237
6500K0286,35237
6500K0285,35276
6500K0284,35276
6500K0292,35332
6500K0291,35332
6500K0290,35321
6500K0289,35238
6500K0297,35299
6500K0296,35237
6500K0295,35237
6500K0293,35332
6500K0267,35374
6500K0266,35406
6500K0265,35369
6500K0264,35369
6500K0271,35364
6500K0270,35386
6500K0269,35386
6500K0268,35374
6500K0275,35368
6500K0274,35476
6500K0273,35364
6500K0272,35363
6500K0279,35431
6500K0278,35389
6500K0277,35389
6500K0276,35368
6500K0321,35261
6500K0320,35296
6500K0319,35296
6500K0318,35261
6500K0325,35324
6500K0324,35324
6500K0323,35248
6500K0322,35299
6500K0329,35295
6500K0328,35295
6500K0327,35262
6500K0326,35472
6500K0333,35245
6500K0332,35245
6500K0331,35455
6500K0330,35455
6500K0301,35309
6500K0300,35474
6500K0299,35408
6500K0298,35306
6500K0305,35307
6500K0304,35310
6500K0303,35309
6500K0302,35309
6500K0310,35269
6500K0308,35409
6500K0307,35329
6500K0306,35329
6500K0317,35293
6500K0316,35293
6500K0315,35585
6500K0314,32325
6500K0354,32947
6500K0353,32947
6500K0352,32933
6500K0351,32939
6500K0358,32946
6500K0357,32947
6500K0356,32947
6500K0355,32947
6500K0362,32937
6500K0361,32945
6500K0360,32945
6500K0359,32947
6500K0366,32945
6500K0365,32729
6500K0364,32729
6500K0363,35410
6500K0337,35239
6500K0336,35239
6500K0335,35240
6500K0334,35240
6500K0341,35227
6500K0340,35227
6500K0339,35319
6500K0338,35319
6500K0346,35211
6500K0345,35212
6500K0344,35212
6500K0343,35203
6500K0350,32934
6500K0349,32943
6500K0348,32941
6500K0347,32935
6500K1495,32851
6500K1494,35586
6500K1493,32494
6500K1492,32494
6500K1499,35258
6500K1498,32722
6500K1497,35459
6500K1496,32945
6500K1503,32869
6500K1502,32869
6500K1501,32869
6500K1500,35258
6500K1507,32870
6500K1506,32870
6500K1505,32870
6500K1504,32870
6500K1479,35583
6500K1478,32948
6500K1477,35652
6500K1476,35006
6500K1483,35039
6500K1482,32553
6500K1481,32553
6500K1480,35583
6500K1487,35659
6500K1486,32550
6500K1485,32550
6500K1484,35722
6500K1491,32709
6500K1490,35033
6500K1489,35033
6500K1488,35659
6500K1533,32850
6500K1532,32850
6500K1531,35294
6500K1530,32531
6500K1537,35240
6500K1536,35240
6500K1535,35457
6500K1534,35246
6500K1541,35706
6500K1540,35723
6500K1539,35723
6500K1538,35239
6500K1545,35337
6500K1544,35337
6500K1543,35723
6500K1542,35722
6500K1517,32899
6500K1516,32862
6500K1515,32531
6500K1508,32870
6500K1521,35424
6500K1520,32516
6500K1519,32516
6500K1518,32852
6500K1525,35463
6500K1524,35463
6500K1523,35294
6500K1522,35403
6500K1529,35462
6500K1528,35479
6500K1527,35462
6500K1526,35462
6500K1565,35455
6500K1564,35458
6500K1563,35458
6500K1562,35480
6500K1569,32504
6500K1568,35448
6500K1567,32419
6500K1566,32419
6500K1573,35298
6500K1572,35297
6500K1571,35297
6500K1570,32707
6500K1577,32564
6500K1576,35014
6500K1575,35011
6500K1574,35298
6500K1549,35480
6500K1548,35480
6500K1547,35360
6500K1546,35360
6500K1553,35570
6500K1552,35570
6500K1551,35238
6500K1550,35238
6500K1557,35178
6500K1556,32478
6500K1555,35372
6500K1554,35372
6500K1561,35401
6500K1560,35141
6500K1559,32851
6500K1558,35178
6500K1597,32929
6500K1596,32929
6500K1595,32886
6500K1594,35728
6500K1601,35108
6500K1600,35108
6500K1599,32929
6500K1598,32929
6500K1605,32945
6500K1604,35105
6500K1603,32505
6500K1602,32505
6500K9005,32530
6500K1608,35583
6500K1607,35525
6500K1606,35716
6500K1581,35405
6500K1580,35405
6500K1579,35590
6500K1578,35590
6500K1585,32860
6500K1584,35424
6500K1583,35550
6500K1582,35550
6500K1589,35424
6500K1588,35410
6500K1587,35044
6500K1586,32851
6500K1593,35728
6500K1592,32948
6500K1591,32948
6500K1590,35424
6500K1091,35481
6500K1090,35403
6500K1089,35461
6500K1088,35459
6500K1095,35481
6500K1094,35394
6500K1093,35394
6500K1092,35481
6500K1203,32462
6500K1202,32462
6500K1201,32462
6500K1096,35481
6500K1207,32462
6500K1206,32462
6500K1205,32462
6500K1204,32462
6500K1074,35740
6500K1073,32856
6500K1072,32709
6500K1069,35355
6500K1078,35542
6500K1077,35542
6500K1076,35585
6500K1075,35740
6500K1082,32886
6500K1081,32493
6500K1080,32709
6500K1079,35153
6500K1087,35403
6500K1085,32593
6500K1084,32593
6500K1083,35721
6500K1309,35251
6500K1308,35251
6500K1307,35251
6500K1306,35251
6500K1313,35331
6500K1312,35331
6500K1311,35331
6500K1310,35251
6500K1403,32505
6500K1402,35727
6500K1401,35727
6500K1314,35331
6500K1409,35357
6500K1407,35585
6500K1406,35542
6500K1405,35542
6500K1211,32462
6500K1210,32462
6500K1209,32462
6500K1208,32462
6500K1215,32462
6500K1214,32462
6500K1213,32462
6500K1212,32462
6500K1301,35328
6500K1261,35530
6500K1221,35050
6500K1216,32462
6500K1305,35251
6500K1304,35251
6500K1303,35251
6500K1302,35328
6500K1431,35338
6500K1430,35362
6500K1427,35668
6500K1426,32910
6500K1435,32505
6500K1434,35059
6500K1433,35356
6500K1432,35356
6500K1439,35362
6500K1438,35753
6500K1437,35744
6500K1436,32505
6500K1443,32856
6500K1442,35357
6500K1441,35357
6500K1440,35160
6500K1413,35300
6500K1412,35100
6500K1411,35100
6500K1410,35357
6500K1417,35553
6500K1416,35601
6500K1415,35238
6500K1414,35153
6500K1421,35601
6500K1420,35601
6500K1419,35578
6500K1418,35577
6500K1425,35357
6500K1424,35706
6500K1423,32519
6500K1422,32536
6500K1463,32325
6500K1462,32325
6500K1461,35204
6500K1460,35204
6500K1467,35338
6500K1466,35338
6500K1465,35338
6500K1464,32579
6500K1471,35585
6500K1470,35585
6500K1469,32456
6500K1468,32456
6500K1475,35420
6500K1474,32534
6500K1473,35659
6500K1472,35659
6500K1447,35062
6500K1446,35357
6500K1445,35357
6500K1444,32325
6500K1451,35160
6500K1450,35161
6500K1449,35161
6500K1448,35161
6500K1455,35396
6500K1454,35419
6500K1453,32850
6500K1452,32850
6500K1459,35370
6500K1458,35407
6500K1457,32534
6500K1456,35396
6500K0938,32429
6500K0937,35569
6500K0936,32449
6500K0934,32493
6500K0942,35586
6500K0941,35586
6500K0940,35585
6500K0939,32429
6500K0952,35129
6500K0951,35704
6500K0948,35692
6500K0944,32549
6500K0957,35371
6500K0956,35372
6500K0955,35605
6500K0954,35628
6500K0917,35011
6500K0916,35395
6500K0914,32419
6500K0913,32420
6500K0922,32530
6500K0921,32592
6500K0920,32854
6500K0919,32854
6500K0928,32448
6500K0927,32448
6500K0924,32505
6500K0923,32530
6500K0932,32448
6500K0931,32448
6500K0930,32591
6500K0929,32591
6500K0981,32535
6500K0980,32535
6500K0979,32535
6500K0978,32535
6500K0985,35552
6500K0984,32425
6500K0983,32553
6500K0982,32553
6500K0989,32425
6500K0988,32551
6500K0987,32551
6500K0986,35552
6500K0993,35036
6500K0992,35027
6500K0991,35586
6500K0990,35586
6500K0961,35227
6500K0960,35455
6500K0959,35237
6500K0958,35424
6500K0966,32449
6500K0965,35474
6500K0963,35427
6500K0962,35427
6500K0971,35739
6500K0970,35735
6500K0969,35728
6500K0968,35728
6500K0977,32505
6500K0974,35706
6500K0973,32534
6500K0972,32534
6500K1015,35189
6500K1014,35189
6500K1013,35189
6500K1012,35193
6500K1019,35729
6500K1018,35729
6500K1017,35196
6500K1016,35196
6500K1025,35548
6500K1024,35424
6500K1023,35401
6500K1020,32720
6500K1031,35556
6500K1030,32856
6500K1029,32898
6500K1026,35393
6500K0997,35706
6500K0996,35022
6500K0995,32328
6500K0994,32553
6500K1001,35721
6500K1000,35710
6500K0999,35707
6500K0998,35706
6500K1007,35407
6500K1006,35424
6500K1003,35502
6500K1002,35505
6500K1011,32863
6500K1010,35740
6500K1009,35426
6500K1008,35370
6500K1056,35411
6500K1055,32863
6500K1054,32862
6500K1053,32505
6500K1060,35427
6500K1059,35428
6500K1058,32853
6500K1057,32566
6500K1064,32569
6500K1063,32921
6500K1062,32921
6500K1061,32912
6500K1068,35460
6500K1067,35244
6500K1066,35243
6500K1065,35374
6500K1035,35402
6500K1034,35354
6500K1033,35353
6500K1032,35570
6500K1039,32910
6500K1038,35444
6500K1037,35445
6500K1036,35405
6500K1044,32851
6500K1043,35721
6500K1042,35753
6500K1040,35485
6500K1050,32938
6500K1049,32936
6500K1047,32552
6500K1045,35603
6500K0791,35586
6500K0790,35586
6500K0789,35588
6500K0788,35588
6500K0795,35069
6500K0794,35070
6500K0793,35548
6500K0792,35586
6500K0799,35072
6500K0798,35072
6500K0797,35068
6500K0796,35065
6500K0803,35195
6500K0802,35196
6500K0801,35186
6500K0800,35186
6500K0775,32586
6500K0774,32586
6500K0773,32586
6500K0772,32495
6500K0779,32495
6500K0778,32495
6500K0777,32586
6500K0776,32495
6500K0783,35541
6500K0782,35583
6500K0781,35523
6500K0780,35167
6500K0787,35540
6500K0786,35540
6500K0785,35541
6500K0784,35541
6500K0825,35023
6500K0824,35024
6500K0823,35034
6500K0822,35044
6500K0829,35036
6500K0828,35041
6500K0827,35026
6500K0826,35045
6500K0833,35019
6500K0832,35019
6500K0831,35029
6500K0830,35030
6500K0838,35039
6500K0837,35052
6500K0836,35011
6500K0834,35019
6500K0807,35199
6500K0806,35198
6500K0805,35189
6500K0804,35189
6500K0811,35179
6500K0810,35179
6500K0809,35192
6500K0808,35184
6500K0815,35022
6500K0814,35022
6500K0813,35178
6500K0812,35178
6500K0819,35035
6500K0818,35035
6500K0817,35021
6500K0816,35021
6500K0863,35169
6500K0862,35169
6500K0860,35116
6500K0859,35116
6500K0867,35174
6500K0866,35174
6500K0865,35130
6500K0864,35130
6500K0871,35117
6500K0870,35119
6500K0869,35173
6500K0868,35173
6500K0875,35129
6500K0874,35129
6500K0873,35167
6500K0872,35117
6500K0842,35051
6500K0841,35059
6500K0840,35006
6500K0839,35006
6500K0846,35059
6500K0845,35009
6500K0844,35009
6500K0843,35010
6500K0854,35045
6500K0850,35045
6500K0848,35045
6500K0847,35010
6500K0858,35121
6500K0857,35121
6500K0856,35139
6500K0855,35134
6500K0896,35153
6500K0895,35153
6500K0894,35160
6500K0893,35160
6500K0900,35652
6500K0899,35652
6500K0898,35152
6500K0897,35152
6500K0905,32536
6500K0904,32314
6500K0903,32505
6500K0902,32505
6500K0912,32493
6500K0911,35548
6500K0910,35420
6500K0909,32510
6500K0879,35128
6500K0878,35128
6500K0877,35125
6500K0876,35125
6500K0884,35117
6500K0882,35142
6500K0881,35142
6500K0880,35141
6500K0888,35117
6500K0887,35079
6500K0886,35117
6500K0885,35117
6500K0892,35161
6500K0891,35161
6500K0890,35129
6500K0889,35117
6490IM555,39833
6490IM553,39851
6490IM523,39832
6490IM960,39969
6490IM554,39838
6490IM959,39851
6490IM526,39837
6490IM1384,39832
6490IM795,39935
6490IM241,39901
6490IM331,39975
6490IM1344,39936
6490IM1440,39913
6490IM199,39962
6490IM1439,39913
6490IM794,39935
6490IM202,39870
6490IM694,39874
6490IM784,39869
6490IM142,39938
6490IM476,39895
6490IM477,39895
6490IM11487,39962
6490IM1289,39883
6490IM1417,39854
6490IM239,39901
6490IM193,39872
6490IM793,39929
6490IM1420,39873
6490IM195,39873
6490IM792,39907
6490IM1416,39854
6490IM781,39904
6490IM1237,39832
6490IM11464,39652
6490IM798,39858
6490IM11456,39676
6490IM11460,39971
6490IM11454,39676
6490IM11458,39856
6490IM1403,39851
6490IM804,39832
649017958,39624
649017956,39624
6490IM782,39875
6490IM1974,39857
6490IM1428,39914
6490IM1429,39914
6490IM807,39832
6490IM986,39940
6490IM139,39940
6490IM244,39962
6490IM560,39837
6490IM251,39836
6490IM559,39832
6490IM809,39888
6490IM511,39676
6490IM1410,39673
6490IM808,39835
6490IM057,39959
6490IM799,39676
6490IM800,39637
6490IM797,39858
6490IM11462,39652
6490IM790,39924
6490IM1233,39974
6490IM791,39924
6490IM789,39974
6490IM777,39936
6490IM1306,39921
6490IM776,39936
6490IM1305,39921
6490IM805,39851
6490IM1405,39832
6490IM806,39832
6490IM1404,39851
6490IM095,39648
6490IM2404,39648
6490IM1413,39647
6490IM1414,39627
6490IM11452,39675
6490IM11450,39675
6490IM1229,39885
6490IM246,39870
6490IM1098,39900
6490IM772,39896
6490IM5874,39924
6490IM194,39900
6490IM1780,39910
6490IM9242,39966
6490IM247,39939
6490IM773,39924
6490IM1236,39854
6490IM811,39880
410000002950,55594
6490IM3305,39880
6490IM1778,39910
6490IM774,39920
6490IM1976,39959
6490IM810,39959
6490IM17904,39976
6490IM252,39854
6490IM256,39936
6490IM775,39920
6490IM449,39936
6490IM796,39863
6490IM1235,39854
6490IM255,39870
6490IM253,39897
6490IM980,39637
6490IM801,39637
6490IM510,39863
6490IM134,39891
6490IM248,39973
6490IM778,39964
6490IM2403,39648
6490IM11466,39647
6490IM1419,39903
410000002931,55594
6490IM1418,39903
6490IM430,39973
6490IM779,39964
6490IM058,39962
6490IM785,39875
6490IM786,39875
6490IM249,39914
6490IM788,39960
6490IM787,39960
6490IM17902,39976
6490IM1234,39896
6490IM1720,39667
6490IM1936,39349
6490IM1937,39349
6490IM1893,39824
6490IM1816,39445
6490IM150,40287
6490IM151,40287
6490IM1855,39667
6490IM1874,40337
6490IM229,40916
6490IM672,39788
6490IM1809,39445
6490IM1856,40791
6490IM1857,40791
6490IM1670,40916
6490IM1875,40337
649018021,39356
6490IM1168,40641
6490IM1132,40641
6490IM1943,40413
6490IM1119,40082
6490IM1694,39275
6490IM905,39275
4100008MS01A,55587
649018023,39356
6490IM875,39271
6490IM909,39994
6490IM885,39994
6490IM1118,40082
6490IM1892,39824
6490IM1286,39590
6490IM350,39590
6490IM907,39271
6490IM1851,39366
6490IM930,39364
6490IM925,39364
6490IM931,39365
649018013,39353
6490IM1359,39606
6490IM1285,39606
6490IM1852,39366
6490IM1748,40772
6490TX012,39901
6490TX011,39901
649018015,39353
6490IM1960,40593
6490IM1759,39285
6490IM1758,39288
6490IM1749,40772
6490IM1258,40767
6490IM631,40142
6490IM630,40142
6490IM1171,40726
6490IM1979,40312
6490IM751,40767
6490IM1890,40775
6490IM1891,40770
6490IM803,39278
6490IM57,39512
6490IM297,39512
6490IM1980,40312
6490IM339,39365
6490IM1941,40413
6490IM1940,40413
6490IM908,39278
6490IM18707,39083
6490IM2206,39537
6490IM2205,39137
6490IM265,39537
6490IM1904,40753
6490IM9086,39749
6490IM9087,39749
6490IM18705,39083
6490IM089,40595
6490IM1703,39997
6490IM9088,39997
6490IM1917,40753
6490IM465,40848
6490IM012,39997
6490IM1750,39997
6490IM029,40595
6490IM887,39994
6490IM410,39394
6490IM486,39394
6490IM1959,40593
6490IM130,40735
6490IM725,40727
6490IM232,40267
6490IM902,39994
6490IM351,40731
6490IM739,40729
6490IM738,40733
6490IM726,40730
6490IM266,39537
6490IM1373,40459
6490IM1190,40416
6490IM1191,40430
6490IM876,39275
6490IM1754,39276
6490IM1117,40595
6490IM1116,40595
6490IM60,39329
6490IM291,39329
6490IM1755,39276
6490IM906,39275
6490IM783,39869
6490IM237,39975
6490IM1407,39975
6490IM8829,39630
6490IM981,39938
6490IM985,39870
6490IM1231,39874
6490IM1290,39883
6490IM1211,40850
6490IM032,40848
6490IM1996,40848
6490IM1209,40849
6490IM1175,40822
6490IM1047,40848
6490IM233,40824
6490IM1210,40850
6490IM018,40011
6490IM1254,40850
6490IM1253,40850
6490IM1176,40822
649017977,39559
649017975,39559
6490IM1074,40348
6490IM236,40009
6490IM1471,40215
6490IM11543,40216
6490IM549,40216
6490IM572,40218
6490IM569,40238
6490IM1466,40238
6490IM1465,40238
6490IM1472,40215
6490IM1473,40238
6490IM1464,40225
6490IM1463,40231
6490IM1657,40238
6490IM1469,40041
6490IM1470,40040
6490IM1475,40038
6490IM1474,40038
6490IM570,40233
6490IM588,40237
6490IM1125,40234
6490IM853,40228
6490IM060,40230
6490IM3659,40220
6490IM507,40233
6490IM1189,40220
6490IM503,40216
6490IM508,40214
6490IM502,40216
6490IM509,40214
6490IM222,40226
6490IM571,40225
6490IM587,40231
6490IM221,40226
6490IM1362,39822
6490IM626,40749
6490IM744,40749
6490IM937,39373
6490IM034,40574
4100001MS02A,55587
6490IM1361,39820
6490IM1363,39822
6490IM1360,39820
6490IM078,39404
6490IM070,39404
6490IM077,39404
6490IM063,40574
6490IM1676,40527
6490IM1051,39685
6490IM1050,39685
6490IM069,39404
6490IM589,40234
6490IM1468,40039
6490IM1467,40039
6490IM548,40214
6490IM1088,39810
6490IM482,39385
6490IM417,39385
6490IM223,40227
6490TX0010,39929
649018003,40151
649018001,40151
6490IM1107,39810
6490IM1850,39372
6490IM1848,39373
6490IM1849,39372
6490TX009,39929
6490IM004,40554
6490IM453,39285
6490IM495,39285
6490IM154,40147
6490IM1135,45131
6490IM439,40554
6490IM3311,40568
6490IM3310,40568
6490IM336,40545
6490IM675,40542
6490IM238,39927
6490IM1134,45131
6490IM932,39365
6490IM008,40296
6490IM005,40293
6490IM277,40295
6490IM882,40527
6490IM1675,40527
6490IM1677,40527
6490IM1678,40532
6490IM1672,40529
6490IM727,40527
6490IM352,40532
6490IM346,40527
6490IM1248,40529
6490IM362,40529
6490IM1673,40529
6490IM1671,40529
6490IM153,40147
649018011,39954
649018009,39954
6490IM1245,40529
6490IM922,39322
6490IM921,39322
6490IM1172,40408
6490IM1164,40408
6490IM1712,39376
6490IM1711,39376
6490IM088,40807
6490IM119,40807
6490IM18889,39721
6490IM18887,39721
6490IM1753,39275
6490IM1752,39275
6490IM1942,45131
6490IM916,39394
6490IM18695,39518
6490IM18693,39518
6490IM58,39512
6490IM1842,39682
6490IM1841,39682
6490IM1702,39512
6490IM376,39723
6490IM375,39723
6490IM1991,39512
6490IM1990,39512
6490IM1988,40759
6490IM1989,40759
6490IM1916,40762
6490IM1903,40762
6490IM225,40142
6490IM444,40142
6490IM1978,40765
6490IM1977,40765
6490IM404,40632
6490IM451,40398
6490IM1738,40651
6490IM474,40399
6490IM472,40632
6490IM412,40622
6490IM129,40644
6490IM1062,40614
6490IM524,40622
6490IM525,40628
6490IM2305,40625
6490IM435,40643
6490IM049,40389
6490IM045,40655
6490IM1061,40655
6490IM460,40387
6490IM039,40378
6490IM006,40392
6490IM3006,40380
6490IM735,40378
6490IM044,40622
6490IM1056,40390
6490IM1059,40390
6490IM1058,40390
6490IM748,40619
649017687,40619
6490IM749,40628
6490IM1952,40622
6490IM411,40655
6490TX007,40393
6490IM024,40655
6490IM048,40389
6490IM1060,40655
6490IM745,40632
6490IM740,40401
6490IM557,40399
6490IM498,39317
6490IM501,39272
6490IM1181,40381
6490IM1182,40381
6490IM1946,40408
6490IM138,40791
6490IM136,40791
6490IM379,39317
6490IM2210,38735
6490IM1747,38650
6490IM101,39397
6490IM1945,40408
6490IM747,40642
6490IM043,40618
6490IM1057,40399
6490IM743,40389
6490IM1180,40618
6490IM2054,40617
6490IM403,40610
6490IM402,40620
6490IM685,40658
6490IM046,40653
6490IM040,40399
6490IM746,40642
6490IM335,40391
6490IM1054,40389
6490IM522,40397
6490IM041,40612
6490IM1338,39323
6490IM1939,45131
6490IM1938,45131
6490IM920,40018
6490IM9095,40640
6490IM131,39844
6490IM132,39844
6490IM1339,39323
6490IM1789,40196
6490IM639,40198
6490IM700,40199
6490IM9094,40640
6490IM1723,40199
6490IM014,40199
6490IM1790,40196
6490IM1073,40199
6490IM1854,39425
6490IM1140,40408
6490IM1853,39425
6490IM2211,38735
6490IM340,40150
6490IM2312,40615
6490IM2313,40615
6490IM9997,40744
6490IM392,39314
6490IM371,39159
6490IM242,39159
6490IM380,39314
6490IM900,40018
6490IM1317,39997
6490IM1316,39997
6490IM358,40150
6490IM574,40071
6490IM573,40213
6490IM848,40041
6490IM850,40078
6490IM586,40213
6490IM849,40078
6490IM583,40071
6490IM575,40223
6490IM1127,40238
6490IM2815,40234
6490IM20820,40068
6490IM20818,40068
6490IM3011,40234
6490IM517,40234
6490IM518,40228
6490IM1126,40238
6490IM220,40284
6490IM1194,40287
6490IM995,40103
6490IM994,40100
6490IM1148,40287
6490IM1149,40287
6490IM1196,40284
6490IM1195,40287
6490IM1128,40233
649018029,40227
6490IM504,40233
6490IM851,40227
6490IM1399,40069
6490IM585,40222
649018031,40227
6490IM1129,40233
6490IM66,39275
6490IM1768,39275
6490IM1828,39994
6490IM1827,39994
6490IM915,39403
649017999,39403
6490IM1776,39391
6490IM1775,39391
6490IM9110,40371
6490IM9111,40371
6490IM081,39725
6490IM56,39725
6490IM1226,40161
6490IM279,40908
6490IM377,39314
6490IM378,39314
6490IM1838,39994
6490IM1837,39994
6490IM1351,39620
6490IM1350,39620
6490IM147,40783
6490IM031,40787
6490IM1297,39508
6490IM650,39510
6490IM1296,39508
6490IM649,39510
6490IM146,40783
6490IM091,40787
6490IM1957,39474
6490IM1293,39474
6490IM355,40738
6490IM354,40738
6490IM729,40034
6490IM281,40025
6490IM11822,40034
6490IM11820,40034
649017960,40045
649017962,40045
6490IM579,39166
6490IM1811,40034
6490IM1456,39753
6490IM427,39753
6490IM420,39753
6490IM421,39753
6490IM823,39733
6490IM826,39731
6490IM670,39737
6490IM822,39733
6490IM075,39316
6490IM9106,40338
6490IM9107,40338
6490IM934,40161
6490IM1152,40278
6490IM1151,40278
6490IM1788,40206
6490IM1787,40206
6490IM1829,39998
6490IM914,39400
6490IM768,39400
6490IM187,40012
6490IM11824,40025
6490IM812,40043
6490IM577,40043
6490IM1830,39998
6490IM1398,40024
6490IM1397,40024
6490IM832,39742
6490IM830,39735
6490IM838,39736
6490IM828,39736
6490IM11826,39736
6490IM827,39736
6490IM821,39744
6490IM818,39734
6490IM819,39734
6490IM820,39744
6490IM813,40026
6490IM814,40026
6490IM815,40026
6490IM11325,40035
6490IM844,39738
6490IM842,39743
6490IM825,39730
6490IM824,39738
6490IM817,39736
6490IM673,39730
6490IM845,39743
6490IM843,39743
6490IM166,39740
6490IM671,39742
6490IM094,39740
6490IM545,39735
6490IM11323,39741
6490IM829,39735
6490IM11318,39742
6490IM831,39740
6490IM846,39165
6490IM425,39165
6490IM834,39739
6490IM837,39741
6490IM173,40090
6490IM1155,40080
6490IM977,39165
6490IM847,39165
6490IM1199,40084
6490IM1810,40080
6490IM175,40080
6490IM6404,40080
6490IM124,40894
6490IM174,40084
6490IM9156,40090
6490IM9154,40080
6490IM11818,40027
6490IM839,40027
6490IM816,40026
6490IM11812,40035
6490IM840,40034
6490IM841,40027
6490IM11816,40027
6490IM11814,40034
6490IM833,39739
6490IM581,39742
6490IM280,39756
6490IM835,39740
6490IM11321,39756
6490IM20816,39756
6490IM836,39740
6490IM20814,39756
6490IM1131,40639
6490IM1169,40639
6490IM1804,39443
6490IM1803,39443
6490IM1097,40157
6490IM1065,40157
6490IM102,39357
6490IM1935,39357
6490IM182,40155
6490IM1066,40155
6490IM1064,40155
6490IM1063,40155
6490IM933,40155
6490IM176,40155
6490IM172,40155
6490IM183,40155
6490IM753,39476
6490IM754,39533
6490IM1291,39474
6490IM638,39476
6490IM1701,39465
6490IM901,39465
6490IM755,39533
6490IM1292,39474
6490IM062,40314
6490IM1802,39405
6490IM912,39405
6490IM022,39481
6490IM391,39840
6490IM385,39840
6490IM1987,40300
6490IM1986,40300
6490IM056,40315
6490IM1068,40298
6490IM1067,40298
6490IM1812,39435
6490IM140,39333
6490IM1271,39344
6490IM1270,39333
6490IM061,40315
6490IM1781,39333
6490IM452,39333
6490IM1272,39344
6490IM1269,39333
6490IM1884,39398
6490IM1872,39397
6490IM165,39397
6490IM1782,39333
6490IM1330,40574
6490IM3335,40741
6490IM1333,40574
6490IM1069,40155
6490IM1224,40157
6490IM936,40155
6490IM3334,40741
6490IM1331,40574
6490IM026,40155
6490IM1223,40153
6490IM1225,40157
6490IM1222,40157
6490IM1813,39435
6490IM1139,40732
6490IM1141,40732
6490IM440,40155
6490IM1770,39324
6490IM1329,39324
6490IM1355,39821
6490IM1353,39821
6490IM1950,40128
6490IM1949,40128
6490IM1913,39290
6490IM1912,39290
6490IM1806,39447
6490IM1805,39447
6490IM020,40199
6490IM1882,40199
6490IM11359,39840
6490TX002,40519
6490IM1784,40813
6490IM1783,40813
6490IM422,39379
6490IM1260,39344
6490IM1261,39344
6490IM1883,39345
6490IM397,39329
6490IM1815,39382
6490IM1814,39407
6490IM426,39379
6490IM145,40400
6490IM1721,40400
6490IM144,40400
6490IM053,39329
6490IM1779,39324
6490IM054,39393
6490IM1685,39393
6490IM1722,40400
6490IM9112,40366
6490IM9113,40366
6490IM164,40345
6490IM111,40345
6490IM1710,39665
6490IM1709,39665
6490IM541,40740
6490IM623,40740
6490IM1085,45244
6490IM1334,39313
6490IM1332,39313
6490IM1699,39315
6490IM2301,40275
6490IM2302,40276
6490IM911,39431
6490IM884,39431
6490IM9152,39802
6490IM1267,39802
6490IM632,40138
6490IM148,40138
6490IM1726,40764
6490IM9120,40764
6490IM1259,39559
6490IM1264,39559
6490IM231,39348
6490IM159,39291
6490IM276,39931
6490IM356,39932
6490IM9082,39289
6490IM9081,39289
6490IM160,39291
6490IM227,39348
6490IM9150,39780
6490IM1154,39779
6490IM1103,39781
6490IM009,39995
6490IM1760,39283
6490IM169,39780
6490IM9148,39779
6490IM1104,39781
6490IM1908,39317
6490IM1955,39721
6490IM1954,39721
6490IM1761,39283
6490IM399,39321
6490IM394,39324
6490IM1909,39317
410000007900,55585
6490IM393,39324
6490IM1322,39822
6490IM533,39822
6490IM1108,39822
410000002943,55594
6490IM1093,39822
410000002942,55594
6490IM035,40751
6490IM1799,39613
6490IM1798,39659
410000002941,55594
6490IM532,39822
410000002940,55594
6490IM637,40759
410000002939,55594
6490IM750,40759
410000002938,55594
6490IM627,40750
6490IM456,40750
6490IM076,39995
6490IM20546,39995
410000002951,55594
6490IM938,39595
6490IM943,39595
649017991,40633
6490IM1777,39325
6490IM17778,39325
6490IM162,40606
6490IM097,40579
6490IM028,40579
6490IM437,39376
410000002953,55594
649017993,40633
410000002952,55594
6490IM347,39615
410000002956,55594
6490IM201,39619
410000002957,55594
6490IM682,39611
6490IM1896,39611
6490IM1087,40125
410000002955,55594
6490IM1090,40125
410000002954,55594
6490TX003,40479
6490IM59,39474
6490IM1894,39579
6490IM1900,40739
6490IM1901,40739
6490IM398,39321
6490IM294,39395
6490IM1867,39795
6490IM1866,39795
410000002949,55594
6490IM1895,39580
410000008993,55587
6490IM269,39843
6490IM1217,39849
6490IM1218,39845
410000002945,55594
6490IM52,39395
410000002946,55594
6490IM161,40606
410000002947,55594
6490IM1216,39846
410000002948,55594
6490IM442,39847
6490IM1219,39845
6490IM1022,39517
6490IM979,39515
410000002944,55594
6490IM1021,39517
6490IM271,39478
6490IM758,39474
6490IM520,39474
6490IM759,39515
6490IM1743,39459
6490IM756,39474
6490IM760,39515
6490IM710,39474
6490IM337,39474
6490IM640,39504
6490IM668,39504
6490IM757,39474
6490IM521,39474
6490IM1965,39359
6490IM270,40461
6490IM1729,38393
6490IM1847,38393
6490IM1966,39359
6490IM103,39359
6490IM1746,39360
649018126,39360
6490IM500,39286
6490IM1757,39284
6490IM491,39286
6490IM1756,39284
6490IM115,40096
6490IM114,40096
6490IM013,40199
6490IM090,40199
6490IM20187,39711
6490IM481,39491
6490IM918,39480
6490IM1053,39504
6490IM766,39484
6490IM643,39481
6490IM765,39484
6490IM20189,39711
6490IM987,39511
6490IM764,39514
6490IM767,39505
6490IM636,39529
6490IM763,39517
6490IM642,39482
6490IM988,39511
6490IM641,39482
6490IM1008,39504
6490IM770,39464
6490IM1295,39504
6490IM769,39504
6490IM152,39457
6490IM1009,39504
6490IM771,39464
6490IM924,39463
6490IM752,39458
6490IM506,39467
6490IM450,39465
6490IM55,39498
6490IM1052,39504
6490IM505,39458
6490IM1007,39467
6490IM292,39465
6490IM1438,40304
6490IM1958,40319
6490IM1208,40309
6490IM1206,40308
6490IM1436,40413
6490IM1437,40320
6490IM027,40320
6490IM334,40304
6490IM1696,40137
6490IM1227,40302
6490IM1228,40302
6490IM345,40413
6490IM1364,39577
6490IM200,39578
6490IM448,39577
6490IM1695,40137
6490IM1402,39673
6490IM802,39673
6490IM1401,39637
6490IM254,39673
6490IM1366,40806
6490IM1365,40806
6490IM780,39874
6490IM1415,39936
6490IM257,40319
6490IM141,39335
6490IM1773,39323
6490IM1772,39323
6490IM1203,40306
6490IM1207,40310
6490IM1205,40308
6490IM1204,40306
6490IM359,45131
6490IM361,45131
6490IM343,45131
6490IM341,44995
6490IM1833,39994
6490IM245,39994
6490IM1700,39279
6490IM342,45131
6490IM487,39394
6490IM051,39285
6490IM264,39994
6490IM1834,39994
6490IM1823,39994
410000002934,55594
6490IM1725,39918
6490IM106,39918
6490TX001,40477
6490IM1930,40576
6490IM189,39395
6490IM493,39395
6490IM1092,39577
6490IM332,39425
6490IM1819,39438
6490IM1821,39425
6490IM635,40576
6490IM333,39417
6490IM910,39418
6490IM1820,39438
6490IM1822,39425
6490IM1705,39395
6490IM492,39395
6490IM1156,40413
6490IM1157,40413
6490IM1796,40395
6490IM1795,40395
6490TX015,39742
6490IM9092,40641
6490IM478,40814
6490IM480,40814
6490IM1792,40206
6490IM1791,40206
6490IM1266,40908
6490IM470,40924
6490IM742,40908
6490IM697,40906
6490IM120,40906
6490IM1679,40924
6490IM085,40924
6490IM723,40908
6490TX006,40514
6490IM1197,40438
6490IM1198,40438
6490IM1824,39994
6490IM260,40301
6490IM445,40301
6490IM984,40162
6490IM1086,40162
6490IM1861,39583
6490IM1879,40277
6490IM261,40302
6490IM1288,40302
6490IM9093,40641
6490IM1142,39561
6490IM1143,39563
6490IM1862,39583
6490IM1697,40295
6490IM622,40295
6490IM1192,40411
6490TX017,40821
6490IM395,38250
6490IM188,39279
6490IM529,40713
410000002936,55594
6490IM528,40713
410000002935,55594
6490IM068,39998
410000002933,55594
6490IM719,40745
6490IM644,40745
6490IM396,38250
6490IM368,39542
6490IM646,39543
410000002937,55594
6490IM645,39542
6490IM010,39998
6490IM736,40909
6490IM724,40915
6490IM086,40916
6490IM262,40916
6490IM293,40923
6490IM722,40909
6490IM728,40915
6490IM737,40909
6490IM1356,39828
6490IM926,40181
6490IM628,40763
6490IM1964,40763
6490TX016,40855
6490IM990,40796
6490IM991,40796
6490IM1357,39821
6490IM1690,40738
6490IM1691,40738
6490IM1170,40639
649017973,40637
6490IM344,45131
6490IM363,45131
6490IM1160,40408
6490IM1130,40408
6490IM1878,40540
6490IM191,40805
6490IM192,40805
6490IM1321,39994
650028759,35337
65000K9397,35424
6490IM1202,40546
6490IM1877,40540
6490IM1889,40777
6490IM1888,40777
6490IM158,40330
6490IM1704,39611
6490IM1268,39773
6490IM079,39773
6490IM108,40160
6490IM112,40160
6490IM1109,39821
6490IM1769,39394
6490IM071,39455
6490IM072,39455
6490IM1173,40639
649017971,40637
6490IM9100,40196
6490IM1091,39821
6500CWDNBTH1,34809
6500CWDNBTH0,34809
6500CUPAR3,33080
6500CUPAR2,33083
6500D0004,34999
6500D0003,34999
6500D0002,34999
6500D0001,34999
6500D0008,34980
6500D0007,34980
6500D0006,34980
6500D0005,34980
6500D0013,34999
6500D0012,34999
6500D0011,34991
6500D0009,34980
6500ABDO0,34770
650029248,34731
650029242,34359
650028780,33921
6500BISLND1,35045
6500BISLND0,35045
6500ABDO2,34752
6500ABDO1,34758
6500CDND3,35117
6500CDND2,35117
6500CDND1,35117
6500CDND0,35117
6500CUPAR1,33033
6500CUPAR0,33050
6500COWD1,34809
6500COWD0,34809
6500D0035,34904
6500D0034,34902
6500D0032,34904
6500D0031,34906
6500D0041,34925
6500D0039,34926
6500D0038,34901
6500D0037,34952
6500D0045,34923
6500D0044,34915
6500D0043,34916
6500D0042,34940
6500D0049,34953
6500D0048,34920
6500D0047,34921
6500D0046,34922
6500D0017,35000
6500D0016,34986
6500D0015,34985
6500D0014,34980
6500D0021,34978
6500D0020,34997
6500D0019,34983
6500D0018,34984
6500D0026,35004
6500D0024,34996
6500D0023,35003
6500D0022,34978
6500D0030,34906
6500D0029,34987
6500D0028,34976
6500D0027,34977
6500D0069,34891
6500D0068,34891
6500D0067,34870
6500D0066,34871
6500D0073,34844
6500D0072,34865
6500D0071,34891
6500D0070,34891
6500D0077,34847
6500D0076,34847
6500D0075,34844
6500D0074,34865
6500D0081,34850
6500D0080,34850
6500D0079,34850
6500D0078,34847
6500D0053,34900
6500D0052,34900
6500D0051,34913
6500D0050,34913
6500D0057,34898
6500D0056,34910
6500D0055,34910
6500D0054,34899
6500D0061,34890
6500D0060,34909
6500D0059,34917
6500D0058,34898
6500D0065,34892
6500D0064,34876
6500D0063,34864
6500D0062,34864
6490IM1924,39548
6490IM9122,40822
6490IM9123,40822
649014897,40547
6490IM989,39724
6490IM928,39724
6490IM1370,39725
6490IM1369,39725
6490IM1714,38390
6490IM1124,39545
6490IM1120,39548
6490IM1923,39548
6490IM080,39137
6490IM1870,39749
6490IM1869,39749
6490IM1797,38390
6490IM1843,38391
6490IM1844,38391
6490IM137,39444
6490IM135,39444
6490IM1048,40267
6490IM655,40245
6490IM167,39312
6490IM168,39312
6490IM699,40265
6490IM698,40265
6490IM1763,39277
6490IM1762,39277
6490IM1689,40742
6490IM1688,40742
6490IM651,40261
6490IM652,40244
6490IM1346,38667
6490IM098,38667
6490IM1899,38650
6490IM1906,38650
6490IM186,39997
6490IM185,39993
6490IM1078,38735
6490IM1347,38735
6490IM1145,39581
6490IM065,39992
6490IM015,39992
6490IM1324,39997
6490IM19752,39547
6490IM1102,39550
6490IM407,40799
6490IM1144,39582
6490IM1825,39994
6490IM1826,39994
6490IM1975,39466
6490IM473,39137
649017997,40372
649017995,40372
6490IM1337,40547
6490IM3337,40547
6490IM116,40713
6490IM1320,40713
6490IM1951,40704
6490TX008,40232
6490IM067,40713
6490IM066,40713
6490IM123,40713
6490IM007,40713
6490IM1279,40669
6490IM613,40709
6490IM1121,39539
6490IM1926,39539
6490IM441,40155
6490IM400,40155
6490IM1278,40669
6490IM556,40709
6490IM483,39395
6490IM1865,40137
6490IM619,40140
6490IM1863,40126
6490IM1368,40808
6490IM1319,40022
6490IM1367,40808
6490IM1318,40022
6490IM369,39546
6490IM370,39546
6490IM647,39546
6490IM648,39547
6490IM1280,40199
6490IM1818,39434
6490IM1817,39434
6490IM372,39546
6490IM1944,40196
6490IM1138,40413
6490IM1166,40413
6490IM1161,40410
6490IM1925,39539
6490IM1122,39539
6490IM544,40516
6490IM458,40457
6490IM1919,39791
6490IM1687,40746
6490IM1684,40746
6490IM1983,39802
6490IM021,40374
6490IM113,40367
6490IM110,40367
6490IM1920,39791
6490IM1728,38388
6490IM1932,40754
6490IM1931,40754
649017965,40374
6490IM494,39394
6490IM1765,39278
6490IM1764,39278
6490IM1742,38388
6490IM1431,40079
6490IM1430,40100
6490IM913,39399
6490IM1301,39399
6490IM475,39466
6490IM1349,40130
6490IM1348,40130
6490IM9102,40176
6490IM1215,39842
6490IM927,39997
6490IM684,39796
6490IM170,39796
6490IM1984,39802
6490IM18877,39941
6490IM18875,39941
6490IM1214,39842
6490IM1967,40160
6490IM1968,40160
6490IM18879,39582
6490IM1771,39313
6490IM703,40185
6490IM704,40185
6490IM1840,39724
6490IM1839,39724
6490IM1880,39724
6490IM1915,40755
6490IM1902,40755
6490IM1881,39724
6490IM1153,39783
6490IM093,39786
6490IM1232,39783
6490IM181,39786
6490IM1313,39780
6490IM1147,39572
6490IM1146,39569
6490IM1786,40807
6490IM059,39940
6490IM1312,39780
6490IM1868,39780
6490IM681,39780
6490IM019,40205
6490IM1706,39385
649018007,39957
649018005,39957
6490IM1910,39313
6490IM1911,39313
6490IM1698,39313
6490IM1150,40191
6490IM226,40808
6490IM011,39994
6490IM125,39994
6490IM1835,39994
6490IM6313,40378
6490IM206,39358
6490IM204,39358
6490IM228,40808
6490IM1897,39620
6490IM1898,39620
6490IM1281,39636
6490IM1282,39636
6490IM603,40725
6490IM1433,40723
6490IM1740,45203
6490IM1741,45203
6490IM917,39385
6490IM1294,39385
6490IM1123,39358
6490IM1081,39358
6490IM18885,39437
6490IM18883,39437
6490IM1993,39565
6490IM1992,39565
6490IM143,39299
649018025,39302
6490IM3309,40747
6490IM3308,40747
649018027,39302
6490IM1845,39300
6490IM1846,39300
6490IM155,39297
6490IM1304,39323
6490IM1683,39323
6490IM1956,39385
6490IM484,39385
6490IM9085,39347
6490IM629,39347
6490IM9084,39347
6490IM1277,39347
6490IM423,40094
6490IM424,40094
6490IM109,40328
6490IM105,40328
6490IM1162,40726
6490IM1163,40733
6490IM122,40334
6490IM117,40334
6490IM016,40001
6490IM064,39988
6490IM287,39511
6490IM443,39511
6490IM1948,40408
6490IM1947,40408
6490IM1077,38608
6490IM1745,38608
6490IM12715,39670
6490IM1299,39670
6490IM288,39670
6490IM1298,39667
6490IM1876,40741
6490IM1934,40096
6490IM1933,40096
6490IM084,39671
6490IM614,40285
6490IM1982,40285
6490IM615,40285
6490IM1981,40285
6490IM1115,40595
6490TX014,39505
6490IM234,39994
6490IM235,39994
6490IM702,40749
6490IM107,40163
6490IM157,40163
6490IM1114,40595
6490IM490,39395
6490IM497,39395
6490IM9116,40764
6490IM625,40749
6490IM365,39512
6490IM374,39512
6490IM1808,39440
6490IM1807,39440
6490IM406,40799
6490IM1174,40799
6490IM530,40799
6490IM489,40799
6490IM290,39866
6490IM289,39865
6490IM1767,39325
6490IM1766,39325
6490IM9108,40599
6490IM9109,40599
6490IM036,40760
6490IM267,40760
6490IM515,40869
6490IM1024,40896
6490IM9138,40883
6490IM1105,40902
6490IM716,40831
6490IM713,40854
6490IM715,40831
6490IM1106,40900
6490IM976,40854
6490IM1283,40854
6490IM1045,40858
6490IM714,40821
6490IM970,40894
6490IM721,40863
6490IM720,40863
6490IM1354,40863
6490IM467,40859
6490IM121,40876
6490IM969,40894
6490IM973,40854
6490IM689,40882
6490IM461,40858
6490IM462,40882
6490IM963,40858
6490IM405,40889
6490IM690,40882
6490IM730,40882
6490IM691,40858
6490IM1025,40896
6490IM516,40888
6490IM464,40889
6490IM602,40889
6490IM127,40837
6490IM1800,40837
6490IM025,40894
6490IM1801,40894
6490IM1257,40837
6490IM282,40894
6490IM712,40855
6490IM1457,40855
6490IM2307,40894
6490IM1400,40894
6490IM967,40885
6490IM9218,40907
6490IM9278,40871
649017601,40894
6490IM964,40827
6490IM366,40857
6490IM966,40885
6490IM688,40889
6490IM687,40907
6490IM683,40910
6490IM974,40854
6490IM469,40860
649017593,40854
6490IM975,40854
649017982,40800
649017979,40800
6490IM971,40821
649017595,40854
6490IM1302,40857
6490IM367,40857
6490IM133,40857
6490IM190,40831
6490IM9220,40865
6490TX018,40826
6490IM033,40853
649017599,40854
6490IM1212,40823
6490IM1213,40823
6490IM126,40823
6490IM284,40823
6490IM408,40819
6490IM741,40820
6490IM718,40833
6490IM717,40824
6490IM285,40894
6490IM601,40821
6490IM1262,40894
6490IM9096,40845
6490IM708,40861
6490IM709,40845
6490IM11327,40826
6490IM9222,40871
6490IM1263,40894
6490IM993,40891
6490IM992,40891
6490IM711,40826
6490IM128,40869
6490IM706,40861
6490IM701,40882
6490IM436,40897
6490IM972,40854
6490IM965,40861
6490IM707,40861
6490IM705,40882
6490IM1311,39346
6490IM149,39344
6490IM156,39344
649017987,39335
649017989,39335
6490IM1744,39344
6490IM1739,39344
6490IM1310,39346
6490IM178,39332
6490IM177,39332
6490IM1276,39341
6490IM1275,39341
6490IM1785,40807
6490IM003,40345
6490IM184,40804
6490IM196,40804
6490IM696,40858
6490IM695,40858
6490IM968,40894
649017597,40894
6490IM1718,39671
6490IM1345,40831
6490IM1265,40831
6490IM1887,40821
6490IM485,39395
6490IM1220,39839
6490IM1221,39839
6490IM1719,39671
6490IM459,40241
6490IM6342,40257
6490IM6340,40256
6490IM1707,39395
6500D0508,34509
6500D0507,34495
6500D0506,34494
6500D0505,34494
6500D0512,34727
6500D0511,34656
6500D0510,34654
6500D0509,34716
6500D0516,34700
6500D0515,34700
6500D0514,34725
6500D0513,34727
6500D0521,34678
6500D0519,34678
6500D0518,34679
6500D0517,34678
6500D0492,34494
6500D0491,34495
6500D0490,34504
6500D0489,34494
6500D0496,34437
6500D0495,34435
6500D0494,34435
6500D0493,34438
6500D0500,34414
6500D0499,34414
6500D0498,34434
6500D0497,34434
6500D0504,34500
6500D0503,34500
6500D0502,34418
6500D0501,34415
6500D0547,34694
6500D0544,34182
6500D0543,34182
6500D0541,34698
6500D0551,34686
6500D0550,34682
6500D0549,34682
6500D0548,34694
6500D0557,34696
6500D0556,34697
6500D0555,34697
6500D0552,34719
6500D0562,34018
6500D0561,34017
6500D0559,34017
6500D0558,34709
6500D0525,34679
6500D0524,34679
6500D0523,34679
6500D0522,34719
6500D0531,34722
6500D0529,34679
6500D0527,34679
6500D0526,34679
6500D0536,34708
6500D0535,34708
6500D0534,34700
6500D0532,34679
6500D0540,34699
6500D0539,34699
6500D0538,34700
6500D0537,34706
6500D0586,33954
6500D0585,34034
6500D0584,34179
6500D0583,34042
6500D0590,33950
6500D0589,33953
6500D0588,33953
6500D0587,33955
6500D0594,33916
6500D0593,33916
6500D0592,33948
6500D0591,33981
6500D0598,34030
6500D0597,33916
6500D0596,33916
6500D0595,33916
6500D0566,34015
6500D0565,34015
6500D0564,34034
6500D0563,34018
6500D0573,34023
6500D0570,34861
6500D0568,34015
6500D0567,34015
6500D0577,34023
6500D0576,34023
6500D0575,34023
6500D0574,34023
6500D0582,34041
6500D0581,34038
6500D0579,34038
6500D0578,34023
6500D0619,33894
6500D0618,33941
6500D0617,33941
6500D0616,33894
6500D0623,33894
6500D0622,33894
6500D0621,33894
6500D0620,33894
6500D0627,33896
6500D0626,33894
6500D0625,33894
6500D0624,33894
6500D0631,33891
6500D0630,34224
6500D0629,33891
6500D0628,33896
6500D0602,33928
6500D0601,33944
6500D0600,33944
6500D0599,33944
6500D0606,33928
6500D0605,33928
6500D0604,33928
6500D0603,33928
6500D0610,33940
6500D0609,33928
6500D0608,33928
6500D0607,33928
6500D0615,33941
6500D0614,33941
6500D0613,33941
6500D0612,33941
6500D0372,34139
6500D0371,34060
6500D0370,34060
6500D0369,34060
6500D0376,34429
6500D0375,34086
6500D0374,34436
6500D0373,34139
6500D0380,34614
6500D0379,34454
6500D0378,34439
6500D0377,34454
6500D0384,34625
6500D0383,34624
6500D0382,34454
6500D0381,34439
6500D0355,34110
6500D0354,34083
6500D0353,34081
6500D0352,34081
6500D0359,34065
6500D0358,34065
6500D0357,34065
6500D0356,34107
6500D0363,34111
6500D0362,34065
6500D0361,34065
6500D0360,34065
6500D0368,34060
6500D0367,34111
6500D0366,34111
6500D0364,34111
6500D0410,34454
6500D0409,34454
6500D0408,34454
6500D0407,34439
6500D0414,34443
6500D0413,34443
6500D0412,34443
6500D0411,34454
6500D0418,34144
6500D0417,34144
6500D0416,34060
6500D0415,34060
6500D0422,34139
6500D0421,34139
6500D0420,34166
6500D0419,34181
6500D0388,34464
6500D0387,34446
6500D0386,34446
6500D0385,34626
6500D0393,34464
6500D0392,34464
6500D0391,34446
6500D0390,34446
6500D0401,34626
6500D0400,34445
6500D0399,34446
6500D0398,34500
6500D0406,34614
6500D0405,34454
6500D0404,34439
6500D0402,34626
6500D0442,34440
6500D0441,34440
6500D0440,34440
6500D0439,34433
6500D0447,34498
6500D0446,34498
6500D0445,34498
6500D0444,34426
6500D0451,34617
6500D0450,34531
6500D0449,34531
6500D0448,34498
6500D0455,34500
6500D0454,34499
6500D0453,34499
6500D0452,34499
6500D0426,34070
6500D0425,34071
6500D0424,34091
6500D0423,34115
6500D0430,34431
6500D0429,34431
6500D0428,34428
6500D0427,34072
6500D0434,34072
6500D0433,34431
6500D0432,34431
6500D0431,34431
6500D0438,34433
6500D0437,34433
6500D0436,34072
6500D0435,34072
6500D0476,34505
6500D0475,34617
6500D0474,34617
6500D0473,34500
6500D0480,34505
6500D0479,34498
6500D0478,34498
6500D0477,34505
6500D0484,34505
6500D0483,34498
6500D0482,34498
6500D0481,34637
6500D0488,34500
6500D0487,34499
6500D0486,34499
6500D0485,34637
6500D0460,34494
6500D0459,34500
6500D0458,34500
6500D0457,34500
6500D0464,34494
6500D0463,34494
6500D0462,34494
6500D0461,34494
6500D0468,34495
6500D0467,34495
6500D0466,34519
6500D0465,34519
6500D0472,34500
6500D0471,34494
6500D0470,34494
6500D0469,34495
6500D0238,34357
6500D0237,34371
6500D0236,34371
6500D0235,34357
6500D0242,34246
6500D0241,34326
6500D0240,34326
6500D0239,34345
6500D0246,34326
6500D0245,34326
6500D0244,34330
6500D0243,34417
6500D0250,34254
6500D0249,34322
6500D0248,34324
6500D0247,34325
6500D0222,34407
6500D0221,34408
6500D0220,34249
6500D0219,34331
6500D0226,34374
6500D0225,34374
6500D0224,34381
6500D0223,34283
6500D0230,34373
6500D0229,34373
6500D0228,34374
6500D0227,34374
6500D0234,34347
6500D0233,34348
6500D0232,34348
6500D0231,34348
6500D0270,34045
6500D0269,34079
6500D0268,34064
6500D0267,34064
6500D0274,34079
6500D0273,34173
6500D0272,34035
6500D0271,34045
6500D0278,34545
6500D0277,34168
6500D0276,34168
6500D0275,34079
6500D0282,34545
6500D0281,34545
6500D0280,34545
6500D0279,34545
6500D0254,34248
6500D0253,34281
6500D0252,34281
6500D0251,34255
6500D0258,34255
6500D0257,34255
6500D0256,34320
6500D0255,34301
6500D0262,34369
6500D0261,34266
6500D0260,34266
6500D0259,34254
6500D0266,34247
6500D0265,34369
6500D0264,34369
6500D0263,34369
6500D0305,34156
6500D0304,34156
6500D0302,34597
6500D0299,34156
6500D0309,34439
6500D0308,34439
6500D0307,34156
6500D0306,34156
6500D0313,34085
6500D0312,34086
6500D0311,34086
6500D0310,34086
6500D0318,34454
6500D0317,34461
6500D0315,34622
6500D0314,34461
6500D0286,34102
6500D0285,34102
6500D0284,34089
6500D0283,34142
6500D0290,34140
6500D0289,34140
6500D0288,34140
6500D0287,34149
6500D0294,34170
6500D0293,34172
6500D0292,34151
6500D0291,34151
6500D0298,34156
6500D0297,34143
6500D0296,34143
6500D0295,34112
6500D0338,34539
6500D0337,34535
6500D0336,34451
6500D0335,34449
6500D0342,34078
6500D0341,34158
6500D0340,34477
6500D0339,34573
6500D0346,34159
6500D0345,34141
6500D0344,34159
6500D0343,34160
6500D0351,34183
6500D0350,34076
6500D0349,34069
6500D0347,34159
6500D0322,34456
6500D0321,34456
6500D0320,34439
6500D0319,34439
6500D0326,34456
6500D0325,34508
6500D0324,34462
6500D0323,34462
6500D0330,34630
6500D0329,34445
6500D0328,34445
6500D0327,34626
6500D0334,34466
6500D0333,34465
6500D0332,34457
6500D0331,34464
6500D0101,34831
6500D0100,34831
6500D0099,34804
6500D0098,34808
6500D0105,34826
6500D0104,34827
6500D0103,34845
6500D0102,34841
6500D0109,34825
6500D0108,34822
6500D0107,34827
6500D0106,34827
6500D0114,34836
6500D0113,34822
6500D0112,34820
6500D0110,34822
6500D0085,34835
6500D0084,34850
6500D0083,34850
6500D0082,34850
6500D0089,34810
6500D0088,34826
6500D0087,34826
6500D0086,34835
6500D0093,34810
6500D0092,34810
6500D0091,34810
6500D0090,34810
6500D0097,34810
6500D0096,34814
6500D0095,34878
6500D0094,34810
6500D0134,34597
6500D0133,34591
6500D0132,34633
6500D0131,34606
6500D0138,34772
6500D0137,34780
6500D0136,34780
6500D0135,34598
6500D0142,34752
6500D0141,34464
6500D0140,34763
6500D0139,34772
6500D0146,34748
6500D0145,34748
6500D0144,34750
6500D0143,34761
6500D0118,34834
6500D0117,34820
6500D0116,34825
6500D0115,34825
6500D0122,34832
6500D0121,34832
6500D0120,34972
6500D0119,34972
6500D0126,34602
6500D0125,34593
6500D0124,34593
6500D0123,34594
6500D0130,34606
6500D0129,34600
6500D0128,34607
6500D0127,34601
6500D0172,34738
6500D0171,34729
6500D0170,34729
6500D0169,34729
6500D0176,34738
6500D0175,34738
6500D0174,34399
6500D0173,34399
6500D0180,34728
6500D0179,34729
6500D0178,34729
6500D0177,34738
6500D0184,34739
6500D0183,34738
6500D0182,34739
6500D0181,34739
6500D0156,34730
6500D0153,34731
6500D0150,34738
6500D0149,34739
6500D0160,34730
6500D0159,34730
6500D0158,34730
6500D0157,34730
6500D0164,34732
6500D0163,34732
6500D0162,34730
6500D0161,34730
6500D0168,34732
6500D0167,34732
6500D0166,34729
6500D0165,34069
6500D0206,34359
6500D0205,34362
6500D0204,34362
6500D0203,34336
6500D0210,34338
6500D0209,34359
6500D0208,34365
6500D0207,34365
6500D0214,34366
6500D0213,34366
6500D0212,34366
6500D0211,34339
6500D0218,34331
6500D0217,34293
6500D0216,34293
6500D0215,34293
6500D0189,34220
6500D0187,34396
6500D0186,34396
6500D0185,34728
6500D0193,34221
6500D0192,34224
6500D0191,34224
6500D0190,34220
6500D0197,34312
6500D0196,34406
6500D0195,34406
6500D0194,34221
6500D0202,34336
6500D0201,34337
6500D0200,34335
6500D0199,34312
66005280001,30884
66005270002,30750
66005270001,30750
66005260002,30820
66005280005,30882
66005280004,30893
66005280003,30886
66005280002,30885
66005290009,30884
66005290008,30904
66005290007,30908
66005290006,30888
66005300002,30699
66005300001,30699
66005290011,30878
66005290010,30878
66005200014,30791
66005200008,30790
66005200007,30790
66005200006,30791
66005220011,30785
66005220010,30794
66005220009,30794
66005210001,30799
66005240004,30797
66005220015,30770
66005220013,30770
66005220012,30785
66005260001,30820
66005250002,30784
66005250001,30784
66005240005,30803
66005390004,30858
66005380007,30701
66005380006,30704
66005380005,30697
66005400003,30269
66005400002,30269
66005400001,30263
66005390005,30858
66005403001,30271
66005402901,30271
66005401901,30279
66005400010,30272
66005406900,49631
66005405900,30272
66005404901,30272
66005403002,30271
66005300007,30695
66005300005,30698
66005300004,30699
66005300003,30699
66005350002,30699
66005350001,30699
66005300009,30699
66005300008,30695
66005375900,50334
66005370001,29958
66005360002,29962
66005360001,29962
66005380004,30701
66005380003,30704
66005380002,30705
66005380001,30705
66005460008,30501
66005460007,31077
66005460006,31077
66005460005,31076
66005470002,30324
66005470001,30324
66005460011,31080
66005460009,30501
66005480006,30876
66005480003,30865
66005480002,30865
66005480001,30876
66005495901,30292
66005490900,30295
66005480008,30865
66005480007,30865
66005450003,31133
66005408002,30425
66005408001,30425
66005407900,49628
66005451001,31128
66005450006,31131
66005450005,31131
66005450004,31133
66005453008,31129
66005453002,31129
66005451003,31128
66005451002,31128
66005460004,31079
66005460003,31078
66005460002,31078
66005460001,30485
66005580001,30522
66005570900,30550
66005570006,30530
66005570005,30530
66005600002,30439
66005590002,30507
66005590001,30507
66005580002,30525
66005605901,30288
66005603901,30290
66005602901,30325
66005601901,30427
66005611008,30451
66005611007,30452
66005610013,30461
66005610012,30461
66005510007,30539
66005500006,30541
66005500005,30546
66005500004,30546
66005530009,30531
66005520002,30531
66005520001,30531
66005510008,30538
66005560001,30547
66005540900,30524
66005530011,30531
66005530010,30529
66005570004,30530
66005570003,30528
66005570002,30528
66005570001,30530
66004941901,31791
66004941900,31791
66004940009,31722
66004940008,31722
66004951010,31749
66004950901,31807
66004950019,31807
66004950018,31807
66004960007,31723
66004960006,31723
66004960005,31773
66004951011,31749
66004961002,31728
66004960901,31723
66004960900,31749
66004960008,31745
66004911900,31725
66004910077,31720
66004910076,31720
66004910075,31354
66004921901,31724
66004921900,31724
66004912901,31731
66004912900,31724
66004930031,31420
66004930030,31419
66004930013,31791
66004930012,31791
66004931901,31791
66004931900,31791
66004930033,31479
66004930032,31436
66004971084,31479
66004971083,31479
66004971082,31368
66004971081,31368
66004972029,31419
66004972028,31419
66004972027,31420
66004972026,31420
66004973024,31437
66004972037,31479
66004972031,31479
66004972030,31479
66004980002,31769
66004980001,31769
66004973026,31418
66004973025,31437
66004962003,31745
66004961006,31773
66004961005,31773
66004961003,31774
66004963021,31721
66004963020,31721
66004962028,31745
66004962004,31745
66004970034,31368
66004970033,31368
66004963023,31754
66004963022,31754
66004971079,31323
66004971078,31323
66004970036,31368
66004970035,31368
66004999113,31236
66004999112,31236
66004999111,31236
66004999110,31236
66005000006,30817
66005000005,30809
66004999115,31236
66004999114,31236
66005110004,30829
66005110003,30829
66005100008,30806
66005100007,30806
66005120002,30832
66005120001,30832
66005110010,30833
66005110009,30830
66004990002,31762
66004990001,31762
66004980004,31790
66004980003,31790
66004999101,31236
66004995002,31781
66004995001,31781
66004990003,31762
66004999105,31236
66004999104,31236
66004999103,31236
66004999102,31236
66004999109,31236
66004999108,31236
66004999107,31236
66004999106,31236
66005180002,30824
66005180001,30824
66005170004,30947
66005170003,30947
66005190002,30977
66005190001,30977
66005185002,30822
66005185001,30822
66005190901,30962
66005190900,30962
66005190004,30961
66005190003,30961
66005200005,30791
66005195901,30972
66005191901,31109
66005191900,31112
66005130005,31122
66005130004,31122
66005130003,31122
66005130002,31113
66005140003,31038
66005140002,31040
66005140001,31065
66005130006,31122
66005150002,30985
66005150001,30985
66005140005,31026
66005140004,31003
66005170002,30930
66005170001,30930
66005150004,30988
66005150003,30987
66004690074,31184
66004690073,31184
66004690071,31184
66004690070,31184
66004690078,31184
66004690077,31184
66004690076,31184
66004690075,31184
66004695002,31184
66004695001,31184
66004690080,31184
66004690079,31184
66004710009,31156
66004700049,31156
66004700048,31163
66004700047,31170
66004680063,31184
66004680062,31184
66004680061,31184
66004660025,31176
66004680072,31184
66004680071,31184
66004680065,31184
66004680064,31184
66004690001,31184
66004680075,31308
66004680074,31308
66004680073,31184
66004690069,31184
66004690068,31184
66004690067,31184
66004690066,31184
66004790014,31487
66004790013,31515
66004790012,31515
66004790001,31530
66004791036,31480
66004791035,31484
66004791034,31484
66004790015,31485
66004800026,31336
66004800025,31336
66004800024,31336
66004791037,31480
66004800900,31210
66004800029,31336
66004800028,31336
66004800027,31336
66004720045,31156
66004720044,31156
66004710047,31155
66004710046,31155
66004780002,31163
66004780001,31163
66004720089,31165
66004720088,31165
66004780008,31156
66004780006,31615
66004780005,31615
66004780003,31607
66004780028,31607
66004780027,31163
66004780012,31163
66004780011,31163
66004811900,31392
66004810043,31372
66004810042,31375
66004810041,31365
66004820006,31359
66004820005,31359
66004811902,31210
66004811901,31198
66004820010,31326
66004820009,31479
66004820008,31479
66004820007,31325
66004830014,31326
66004830013,31351
66004830012,31351
66004830011,31326
66004805900,31325
66004801901,31336
66004801900,31336
66004800901,31221
66004810004,31359
66004810003,31360
66004810002,31360
66004810001,31221
66004810020,31325
66004810019,31326
66004810018,31326
66004810017,31273
66004810040,31365
66004810023,31359
66004810022,31359
66004810021,31325
66004890074,31354
66004890073,31294
66004890072,31294
66004890071,31354
66004900016,31747
66004900015,31727
66004900014,31796
66004890075,31294
66004900023,31782
66004900022,31732
66004900019,31734
66004900017,31747
66004910027,31724
66004910026,31725
66004910025,31783
66004910024,31726
66004830018,31297
66004830017,31312
66004830016,31258
66004830015,31258
66004890062,31232
66004890061,31232
66004830098,31297
66004830090,31312
66004890066,31294
66004890065,31294
66004890064,31294
66004890063,31294
66004890070,31354
66004890069,31294
66004890068,31294
66004890067,31294
66004500008,31597
66004500007,31582
66004500006,31582
66004500005,31580
66004502900,31562
66004501901,31553
66004501900,31553
66004500009,31581
66004505900,31558
66004504900,31553
66004503900,31558
66004502901,31563
66004520002,31593
66004520001,31593
66004510900,31553
66004505901,31565
66004490021,31162
66004490020,31162
66004490019,31162
66004490018,31162
66004490033,31162
66004490032,31162
66004490023,31162
66004490022,31162
66004490037,31162
66004490036,31162
66004490035,31162
66004490034,31162
66004500004,31553
66004500003,31556
66004500002,31563
66004500001,31563
66004570902,31693
66004570901,31709
66004570900,31708
66004570012,31694
66004572900,31695
66004571902,31695
66004571901,31695
66004571900,31695
66004576900,31695
66004575900,31695
66004574900,31694
66004573900,31695
66004580007,31577
66004579900,31696
66004578900,31693
66004577900,31693
66004520006,31600
66004520005,31569
66004520004,31568
66004520003,31568
66004570003,31696
66004570002,31708
66004570001,31708
66004520026,31593
66004570007,31698
66004570006,31693
66004570005,31693
66004570004,31697
66004570011,31689
66004570010,31694
66004570009,31690
66004570008,31690
66004589900,31578
66004588900,31577
66004587900,31577
66004586900,31577
66004590013,31822
66004590012,31823
66004590011,31821
66004590010,31821
66004600027,31169
66004600026,31169
66004590015,31825
66004590014,31817
66004610039,31151
66004610038,31151
66004600053,31159
66004600052,31187
66004580013,31575
66004580012,31575
66004580011,31575
66004580010,31577
66004581011,31578
66004581010,31578
66004581009,31576
66004581008,31576
66004583901,31578
66004583900,31578
66004582901,31577
66004582900,31577
66004585900,31575
66004584902,31574
66004584901,31598
66004584900,31575
66004621056,31184
66004620096,31184
66004620095,31184
66004620094,31184
66004630034,31152
66004630033,31161
66004630032,31162
66004621057,31184
66004640036,31151
66004640035,31152
66004640004,31158
66004640003,31158
66004650022,31184
66004650021,31184
66004650020,31184
66004640037,31151
66004610043,31164
66004610042,31165
66004610041,31158
66004610040,31158
66004620023,31184
66004610900,31166
66004610051,31152
66004610050,31152
66004620058,31184
66004620054,31184
66004620025,31184
66004620024,31184
66004620093,31184
66004620063,31184
66004620062,31184
66004620061,31184
66806210072,31942
66806210071,31938
66806210070,31938
66806210069,31938
66806210900,31942
66806210075,31938
66806210074,31938
66806210073,31938
66806214900,31938
66806213900,31938
66806212900,31942
66806211900,31910
66806220054,31910
66806220053,31909
66806220052,31931
66806220051,31931
66806210056,31931
66806210055,31943
66806200052,32014
66806200051,32014
66806210060,31910
66806210059,31907
66806210058,31909
66806210057,31908
66806210064,31931
66806210063,31909
66806210062,31909
66806210061,31910
66806210068,31942
66806210067,31942
66806210066,31907
66806210065,31931
66806312902,32100
66806312901,32058
66806312900,32006
66806311902,32047
66806320016,32032
66806320015,32032
66806320014,32042
66806320013,32042
66806340023,31990
66806340022,32032
66806330015,32100
66806320017,32059
66806340027,31877
66806340026,31877
66806340025,31990
66806340024,32032
66806221901,31933
66806221900,31933
66806220901,31910
66806220900,31944
66806300010,32051
66806250002,31966
66806250001,31966
66806221902,32015
66806310012,32051
66806300019,32059
66806300018,32059
66806300011,32051
66806311901,32047
66806311900,32100
66806310014,32047
66806310013,32051
66806400009,31916
66806380002,31876
66806380001,31876
66806363901,32032
66806400013,32013
66806400012,31952
66806400011,31918
66806400010,31916
66806405902,31919
66806405901,31917
66806405900,31919
66806400014,32013
66806410010,31918
66806410009,31918
66806406901,31917
66806406900,31917
66806340901,32059
66806340900,31877
66806340029,31990
66806340028,31877
66806350028,32059
66806350027,32059
66806345002,31990
66806345001,32032
66806350033,31878
66806350031,31876
66806350030,31876
66806350029,32006
66806363900,32091
66806362900,32051
66806361901,32091
66806361900,32051
66806440900,31985
66806435900,31980
66806430006,31984
66806430005,31980
66806442900,31996
66806441901,32010
66806441900,31977
66806440901,31977
66806446900,31997
66806445900,31886
66806444900,31896
66806443900,31996
66806450008,31985
66806450007,31983
66806448900,32000
66806447900,32000
66806410014,31919
66806410013,31919
66806410012,31919
66806410011,31918
66806415012,31919
66806415011,31919
66806410016,31989
66806410015,31989
66806415016,31917
66806415015,31917
66806415014,31918
66806415013,31918
66806430004,31980
66806430003,31980
66806430002,32010
66806430001,31977
66009000070,30847
66009000069,30853
66009000068,30853
66009000067,30862
66009000074,30805
66009000073,30851
66009000072,30851
66009000071,30847
66009000078,30745
66009000077,30816
66009000076,30816
66009000075,30805
66009000082,30741
66009000081,30735
66009000080,30735
66009000079,30745
66009000054,31027
66009000053,31025
66009000052,31025
66009000051,31050
66009000058,30939
66009000057,30986
66009000056,30986
66009000055,31027
66009000062,30854
66009000061,30922
66009000060,30922
66009000059,30939
66009000066,30862
66009000065,30865
66009000064,30865
66009000063,30854
66004961007,31723
66005630910,30292
66005630909,30271
66005630906,30290
66806000084,31958
66806000083,31958
66806000079,31958
668029684,32061
66806000805,32161
66806000800,31911
66806000500,31903
66806000090,31938
66806000902,31964
66806000901,31903
66806000900,31942
66806000810,31966
66009000101,31099
66009000085,30899
66009000084,30899
66009000083,30741
66004111026,31632
66005570008,30530
66004890076,31294
66004620060,31184
66005630901,30295
66005620902,30466
66005620901,30466
66005710010,31471
66005630905,30290
660070001070,30292
66005630903,30292
66006630902,30295
66806110019,31895
66806110018,31886
66806110017,32002
66806110015,31991
66806110071,31986
66806110033,31963
66806110032,31965
66806110020,32003
66806110075,31974
66806110074,31923
66806110073,31922
66806110072,31962
66806130017,31955
66806130016,31955
66806110077,32005
66806110076,31937
66806100007,31997
66806100003,31883
66806100002,31883
66806100001,32048
66806100017,31955
66806100010,31998
66806100009,31998
66806100008,31997
66806100027,31928
66806100026,31956
66806100025,31956
66806100018,31955
66806110014,31884
66806110013,31995
66806110012,31884
66806100028,31929
66806150005,31881
66806150004,31881
66806140900,31983
66806140089,31903
66806170018,31997
66806170007,31997
66806170006,31885
66806170005,31885
66806170031,31930
66806170030,31926
66806170020,31996
66806170019,32003
66806200050,31898
66806200049,31933
66806200048,31988
66806200047,31934
66806130037,31928
66806130036,31928
66806130020,31956
66806130019,31956
66806130041,31941
66806130040,31941
66806130039,31902
66806130038,31902
66806140045,31983
66806140044,31983
66806140043,31985
66806140042,31912
66806140088,32014
66806140087,31902
66806140086,31900
66806140050,31913
66005850900,30640
66005850027,30669
66005850020,30586
66005850011,30608
66005865004,30680
66005862900,30627
66005862001,30631
66005860001,30644
66005880001,30653
66005870002,31452
66005870001,31453
66005865005,30679
66007003901,30833
66006890064,31294
66005890003,30680
66005890002,30680
66005842900,30567
66005841900,30568
66005840901,30678
66005840900,30569
66005846900,30557
66005845900,30560
66005844900,30567
66005843900,30567
66005850006,30675
66005850005,30630
66005850004,30627
66005850003,30631
66005850010,30617
66005850009,30674
66005850008,30677
66005850007,30675
6600910DUN1,30588
6600910DUN0,30588
6600910CRI0,30241
6600910BOA2,31395
6600910TYL1,30213
6600910TYL0,30215
6600910STG1,31232
6600910STG0,31256
66009348901,35784
66009273002,30723
66009273001,30717
6600910TYU0,30212
66004960002,31748
66004960001,31748
6600CRNLRCH0,30241
66009348902,35784
66007014901,30442
66007014900,30442
66007013900,31294
66007008900,30566
66007018900,31184
66007017900,31665
66007016900,31791
66007014902,30440
66007072004,30678
66007072003,30678
66007069901,30540
66007019900,31604
6600910BOA1,31395
6600910BOA0,31396
66007140900,31162
66007111900,31294
66009000007,31102
66009000006,31132
66009000005,31132
66009000004,31126
66009000011,30487
66009000010,31075
66009000009,31075
66009000008,31102
66009000016,30406
66009000015,30408
66009000014,30408
66009000012,30487
66009000020,30396
66009000019,30417
66009000018,30417
66009000017,30406
66005862005,30631
66005862004,30627
660070000252,30627
660070000251,30631
66005130001,31054
66005570007,30530
66004490024,31162
66004690065,31184
66005720014,31471
66005700900,31395
66005600004,30358
66005600003,30358
66009000003,31126
66009000002,31369
66009000001,31369
66005720016,31477
66009000035,31193
66009000034,31193
66009000033,30872
66009000032,30872
66009000039,31114
66009000038,31114
66009000037,31343
66009000036,31343
66009000043,31121
66009000042,31121
66009000041,31123
66009000040,31113
66009000050,31050
66009000047,31123
66009000045,31099
66009000044,31099
66005625001,30467
66009000023,30316
66009000022,30316
66009000021,30396
66009000024,30313
66005850002,30632
66005625003,30465
66005625002,30467
66009000028,30260
66009000027,30320
66009000026,30320
66009000025,30313
66009000031,30870
66009000030,30870
66005401902,30279
66009000029,30260
66005623900,30462
66005622900,30469
66005621900,30442
66005620900,30442
66005630003,30341
66005630002,30338
66005630001,30339
66005623901,30463
66005645901,30342
66005640002,30342
66005640001,30342
66005630004,30341
66005660003,30358
66005660002,30360
66005660001,30351
66005650001,30342
66005611012,30478
66005611011,30449
66005611010,30448
66005611009,30451
66005611017,30447
66005611015,30477
66005611014,30477
66005611013,30478
66005612005,30443
66005612004,30456
66005612003,30456
66005611018,30447
66005620002,30442
66005620001,30470
66005613002,30437
66005613001,30437
66005680006,30229
66005680005,30229
66005680004,30227
66005680003,30227
66005690002,30219
66005690001,30219
66005685002,30205
66005685001,30205
66005700003,31390
66005700002,31389
66005690004,30213
66005690003,30214
66005710009,31471
66005710008,31439
66005710007,31439
66005710006,31412
66005670003,30378
66005670002,30378
66005670001,30381
66005660004,30358
66005670900,30384
66005670006,30389
66005670005,30389
66005670004,30372
66005672002,30311
66005672001,30311
66005671901,30253
66005671900,30253
66005680002,30241
66005680001,30226
66005672004,30311
66005672003,30311
66005740005,31416
66005740004,31410
66005740003,31410
66005730013,31413
66005750002,31475
66005750001,31475
66005740900,31410
66005740039,31410
66005800022,30567
66005800021,30568
66005750004,31442
66005750003,31442
66005810018,30587
66005800027,30584
66005800026,30568
66005800023,30588
66005720017,31438
66005720015,31471
66005720013,31477
66005720012,31426
66005720021,31424
66005720020,31424
66005720019,31425
66005720018,31425
66005730008,31408
66005730001,31729
66005720023,31428
66005720022,31428
66005730012,31411
66005730011,31473
66005730010,31472
66005730009,31408
66005840002,30580
66005840001,30580
66005830900,30560
66005820901,30619
66005840006,30569
66005840005,30673
66005840004,30678
66005840003,30678
66005840010,30678
66005840009,30569
66005840008,30568
66005840007,30570
66005840021,30559
66005840013,30568
66005840012,30580
66005840011,30566
66005820001,30623
66005815002,30600
66005815001,30599
66005810019,30591
66005820013,30623
66005820012,30623
66005820011,30675
66005820010,30628
66005820017,30619
66005820016,30607
66005820015,30607
66005820014,30607
66005820900,30618
66005820031,30618
66005820030,30618
66005820018,30619
66901680028,26077
66901670007,25941
66901670006,25941
66901670005,25943
66901690003,25941
66901690002,26051
66901690001,25943
66901680029,26077
66901690007,25948
66901690006,25942
66901690005,25942
66901690004,25941
66901690014,25941
66901690013,25942
66901690012,25942
66901690008,25948
66901650009,26403
66901650008,26403
66901640018,26072
66901640017,25946
66901650013,25950
66901650012,25950
66901650011,26124
66901650010,26124
66901660006,25942
66901660005,26061
66901660004,26061
66901660003,26061
66901670004,25940
66901670003,26382
66901660030,26061
66901660007,25942
66901710034,26108
66901710010,26324
66901710009,26325
66901710008,26325
66901720004,26108
66901720003,26108
66901710301,26108
66901710201,26108
66901720021,26313
66901720020,26337
66901720019,26313
66901720018,26313
66901730017,26313
66901730006,26326
66901730005,26108
66901730002,26108
66901690019,25943
66901690018,26051
66901690016,25941
66901690015,25942
66901691901,26382
66901691900,25940
66901690021,25943
66901690020,25943
66901700016,26313
66901700015,26312
66901700014,26325
66901700013,26325
66901710007,26108
66901710004,26108
66901710003,26108
66901710002,26070
66901750827,26239
66901750826,26239
66901750040,26297
66901750039,26297
66901790023,26240
66901790022,26239
66901790021,26239
66901790001,26239
66901800009,26413
66901800008,26413
66901790033,26239
66901790024,26240
66901810012,26356
66901810011,26356
66901800810,26413
66901800410,26356
66901730038,26108
66901730037,26312
66901730036,26326
66901730035,26108
66901740025,26238
66901740024,26297
66901740023,26338
66901740022,26338
66901750018,26316
66901750017,26328
66901750016,26328
66901740028,26239
66901750025,26316
66901750023,26345
66901750021,26316
66901750019,26239
66901850030,26298
66901840029,26953
66901840028,26953
66901840018,26367
66901850043,26298
66901850042,26297
66901850041,26298
66901850031,26298
66901860032,26298
66901860015,26316
66901860014,26316
66901850046,26298
66901870032,26329
66901870013,26329
66901870012,26329
66901870011,26357
66901830005,26356
66901830004,26356
66901820017,26953
66901820001,26953
66901830020,26356
66901830019,26356
66901830007,26356
66901830006,26356
66901840012,26412
66901830023,26217
66901830022,26356
66901830021,26356
66901840016,26953
66901840015,26953
66901840014,26953
66901840013,26413
66901340009,25949
66901340008,25949
66901340007,25949
66901340006,26114
66901350011,25949
66901340017,25950
66901340011,25950
66901340010,25949
66901350021,25911
66901350020,25994
66901350019,25994
66901350012,25949
66901400009,26299
66901400008,26300
66901400006,26306
66901350022,26041
66901320013,26113
66901320012,26112
66901320011,26116
66901320010,25944
66901330016,25949
66901330015,25949
66901320015,25946
66901320014,25946
66901340001,25950
66901330019,25988
66901330018,26114
66901330017,26114
66901340005,26114
66901340004,26114
66901340003,25950
66901340002,25946
66901430005,26300
66901420402,26306
66901420302,26240
66901420005,26294
66901430009,26349
66901430008,26349
66901430007,26349
66901430006,26300
66901440003,26300
66901430012,26349
66901430011,26349
66901430010,26244
66901440015,26254
66901440014,26254
66901440013,26335
66901440004,26350
66901400024,26302
66901400012,26310
66901400011,26310
66901400010,26305
66901410007,26350
66901400311,26318
66901400026,26303
66901400025,26331
66901412034,26299
66901412033,26299
66901412032,26299
66901411900,26309
66901420004,26294
66901420003,26240
66901420001,26306
66901412035,26299
66901520029,26349
66901520028,26349
66901520027,26255
66901520026,26255
66901530013,26822
66901530012,26823
66901530011,26962
66901530010,26962
66901540009,26962
66901540008,26962
66901540007,26786
66901540006,26786
66901580009,26778
66901580007,26778
66901580006,26818
66901580001,26822
66901500030,26243
66901440018,26254
66901440017,26254
66901440016,26243
66901510004,26821
66901510003,26823
66901510002,26256
66901500031,26243
66901510023,26244
66901510012,26974
66901510011,26973
66901510005,26786
66901510900,26967
66901510027,26078
66901510025,26244
66901510024,26244
66901620002,26060
66901620001,26060
66901610026,26083
66901610022,26074
66901620020,26124
66901620019,26076
66901620009,26380
66901620008,26380
66901630004,26125
66901630003,26072
66901620102,26061
66901620101,26061
66901640016,25946
66901640001,26072
66901630006,26123
66901630005,26125
66901590007,25938
66901580021,26778
66901580020,26822
66901580016,26822
66901590011,26058
66901590010,26042
66901590009,26042
66901590008,25938
66901590015,25921
66901590014,25921
66901590013,26504
66901590012,26504
66901610021,26075
66901600025,26073
66901600024,26404
66901600012,26404
66806400008,31914
66806400007,31914
6680910ALL0,31905
66807991900,32245
66806250900,31910
66806500003,32136
66806920011,32239
66806415018,31916
669001420006,26818
669001420003,26817
669001420001,26827
669001320011,25944
669002890000,26466
669002740017,26225
669002493006,27160
669002493005,27160
66806969001,32236
66806930004,32245
66806930003,32245
66806930002,32269
66806980003,31837
66806980002,31832
66806980001,31832
66806980000,31830
66806990007,31844
66806990006,31842
66806990005,31842
66806980004,31837
66807143900,31909
66807013900,32048
66807002901,32072
66806990008,31844
66901001019,97000
66901001018,97000
66901001017,97000
66901001016,97000
66901004103,26009
66901003014,26248
66901002013,26249
66901002012,26275
66901020002,26650
66901020001,26645
66901010900,25952
66901004104,26009
66901020014,25982
66901020013,25983
66901020012,25983
66901020011,25983
66901000003,26053
66901000002,26053
66901000001,25955
669003650005,26235
66901000007,25956
66901000006,25956
66901000005,26037
66901000004,26053
66901000022,26283
66901000010,26283
66901000009,25956
66901000008,25956
66901001015,97000
66901000212,26037
66901000211,26037
66901000023,26397
66901050030,25999
66901050029,25999
66901050023,26021
66901050022,26021
66901050039,25999
66901050038,25999
66901050032,25934
66901050031,25934
66901100026,25931
66901100025,26052
66901100023,25994
66901100014,25995
66901200002,25988
66901200001,25988
66901100034,25931
66901100033,25932
66901020018,25982
66901020017,25952
66901020016,25951
66901020015,25951
66901030036,26018
66901030035,25990
66901030013,25998
66901030008,26017
66901040020,26020
66901040019,25999
66901031012,26003
66901031011,26003
66901040900,25999
66901040028,25999
66901040027,25998
66901040021,26020
66901240001,25907
66901230011,25909
66901230010,25906
66901230008,26041
66901300021,26241
66901240004,25907
66901240003,26047
66901240002,26047
66901310008,26081
66901310007,26081
66901300023,26260
66901300022,26241
66901320009,25948
66901320002,26112
66901310014,26082
66901310010,26082
66901210006,26001
66901210005,26001
66901200016,26036
66901200015,26036
66901220001,25926
66901210018,26036
66901210017,26036
66901210007,25990
66901230003,25908
66901230002,25907
66901220003,26048
66901220002,26048
66901230007,26041
66901230006,25910
66901230005,25910
66901230004,25909
66806510002,32135
66806510001,32129
66806500012,32137
66806500011,32138
66806520012,32155
66806520002,31966
66806510901,32135
66806510900,32135
66806520016,32154
66806520015,32154
66806520014,32154
66806520013,32154
66806520022,32154
66806520021,32154
66806520020,32154
66806520017,32154
66806490002,32177
66806490001,32177
66806460046,31912
66806460045,31912
66806495008,32046
66806495007,32048
66806490012,32099
66806490011,32074
66806500005,32136
66806500004,32136
66806495010,32049
66806495009,32056
66806500010,32138
66806500009,32137
66806500007,32138
66806500006,32137
66806620006,32062
66806610004,32061
66806610003,32061
66806610002,32061
66806630011,32020
66806620009,32061
66806620008,32101
66806620007,32025
66806700003,32068
66806700002,32063
66806700001,32028
66806630012,32020
66806710007,32070
66806710006,32070
66806700005,32069
66806700004,32077
66806520900,32155
66806520025,32154
66806520024,32154
66806520023,32155
66806590001,32114
66806522900,32157
66806521900,32155
66806520901,32155
66806600001,31856
66806600000,31865
66806595001,33880
66806590002,32114
66806610001,32061
66806600005,31860
66806600004,31858
66806600002,31857
66806810020,32199
66806810017,32203
66806810016,32203
66806810015,32217
66806810027,32184
66806810026,32184
66806810023,32228
66806810021,32199
66806820013,32188
66806820012,32197
66806810900,32226
66806810029,32184
66806840011,32229
66806840010,32183
66806820019,32188
66806820018,32197
66806720002,32022
66806720001,32023
66806710009,32072
66806710008,32086
66806720006,32026
66806720005,32024
66806720004,32024
66806720003,32024
66806730008,32024
66806725002,32021
66806725001,32021
66806720007,32039
66806810014,32217
66806800019,32204
66806800015,32204
66806800011,32204
66806890006,32171
66806890005,32172
66806890004,32173
66806890003,32231
66806900006,32241
66806900005,32248
66806900004,32247
66806890016,32231
66806900010,32280
66806900009,32250
66806900008,32249
66806900007,32241
66806930001,32242
66806920013,32240
66806920010,32250
66806900011,32280
66806870007,32213
66806870006,32213
66806850009,32181
66806850008,32181
66806870011,32214
66806870010,32214
66806870009,32218
66806870008,32218
66806880004,32226
66806880003,32178
66806880002,32178
66806870012,32215
66806880008,32219
66806880007,32185
66806880006,32219
66806880005,32185
66902710610,26569
66902710411,26768
66902710410,26565
66902710012,26566
66902711012,26498
66902711011,26500
66902711010,26500
66902710611,26569
66902720004,26626
66902712015,26762
66902712014,26762
66902711013,26498
66902740017,26225
66902720007,26626
66902720006,26626
66902720005,26626
66902691003,26631
66902691002,26631
66902690017,26576
66902690016,26520
66902692001,26751
66902691019,26621
66902691011,26575
66902691010,26575
66902710001,26557
66902700009,26570
66902693900,26631
66902692008,26631
66902710009,26565
66902710008,26626
66902710003,26556
66902710002,26557
66902760034,26611
66902760033,26611
66902760032,26611
66902760031,26611
66902761903,26560
66902761902,26632
66902761901,26611
66902761900,26632
66902770008,26568
66902770007,26625
66902761905,26611
66902761904,26588
66902790001,26480
66902780003,27050
66902780002,27059
66902780001,27059
66902750003,26561
66902750002,26584
66902750001,26584
66902740043,26194
66902750027,26558
66902750026,26513
66902750025,26513
66902750004,26561
66902750036,26559
66902750030,26558
66902750029,26558
66902750028,26558
66902760017,26560
66902760016,26584
66902760015,26560
66902750037,26559
66902800015,26507
66902800014,26507
66902800013,25922
66902800012,25922
66902800019,26507
66902800018,26502
66902800017,26502
66902800016,26512
66902870005,25929
66902870004,25929
669028131,27160
66902800035,25924
66902880020,26763
66902880019,26763
66902870016,25920
66902870006,25920
66902790005,26473
66902790004,26473
66902790003,26473
66902790002,26473
66902800003,25928
66902800002,25935
66902800001,25924
66902790006,26473
66902800007,25937
66902800006,25928
66902800005,25928
66902800004,25928
66902800011,25937
66902800010,25937
66902800009,25924
66902800008,25937
66902900025,25883
66902900023,25895
66902900010,25878
66902900009,25883
66902920019,25867
66902910012,25877
66902910011,25877
66902900028,25878
66902930013,25877
66902920022,25893
66902920021,25893
66902920020,25867
66902930017,25875
66902930016,25877
66902930015,25877
66902930014,25877
66902880024,26505
66902880023,26505
66902880022,26511
66902880021,26764
66902890003,26463
66902890002,26470
66902890001,26466
66902880025,26505
66902890007,26464
66902890006,26458
66902890005,26459
66902890004,26461
66902890011,26462
66902890010,26458
66902890009,26458
66902890008,26459
66902480010,27193
66902480009,27193
66902470015,27122
66902470002,27174
66902480014,27182
66902480013,27182
66902480012,27203
66902480011,27203
66902480051,27183
66902480050,27183
66902480048,27183
66902480047,27183
66902490018,27216
66902490017,27186
66902490016,27188
66902490015,27188
66902440021,27195
66902440020,27204
66902440019,27214
66902430081,27130
66902450007,27214
66902440046,27215
66902440045,27215
66902440022,27195
66902460003,27168
66902450044,27204
66902450043,27204
66902450008,27214
66902470001,27174
66902460006,27191
66902460005,27201
66902460004,27168
66902510009,26751
66902510008,26543
66902510007,26534
66902510006,26755
66902520023,26635
66902510900,26540
66902510011,26532
66902510010,26631
66902530010,26548
66902530009,26548
66902520027,26592
66902520024,26634
66902530014,26545
66902530013,26545
66902530012,26545
66902530011,26545
66902492003,11351
66902492002,11348
66902492001,11348
66902491002,11351
66902493003,27158
66902493002,27162
66902493001,27158
66902492004,11351
66902510001,26536
66902500026,26754
66902500025,26581
66902493004,27160
66902510005,26628
66902510004,26551
66902510003,26532
66902510002,26538
66902600007,26632
66902600001,26749
66902590004,27069
66902590003,27069
66902620004,26629
66902600010,26632
66902600009,26587
66902600008,26579
66902630006,26629
66902620012,26577
66902620011,26577
66902620005,26629
66902640006,26598
66902640005,26571
66902630014,26629
66902630013,26629
66902530018,26533
66902530017,26534
66902530016,26546
66902530015,26546
66902530022,26563
66902530021,26563
66902530020,26634
66902530019,26563
66902540005,26750
66902540004,26750
66902530029,26738
66902530028,26738
66902540009,26634
66902540008,26634
66902540007,26751
66902540006,26581
66902680011,26697
66902680010,26696
66902680009,26696
66902680002,26693
66902680407,26698
66902680014,26698
66902680013,26630
66902680012,26730
66902690010,26576
66902690009,26562
66902690004,26520
66902680408,26697
66902690015,26562
66902690013,26596
66902690012,26585
66902690011,26576
66902640018,26589
66902640015,26572
66902640013,26572
66902640012,26576
66902670006,26520
66902670005,26520
66902670003,26520
66902640019,26589
66902670017,26520
66902670015,26630
66902670008,26698
66902670007,26698
66902671506,26630
66902671004,26630
66902670505,26630
66902670018,26520
66902260010,26871
66902260009,26909
66902260008,26909
66902250007,26909
66902300011,27105
66902260013,26870
66902260012,26870
66902260011,26871
66902301009,27104
66902300014,27105
66902300013,27105
66902300012,27105
66902302018,27142
66902302017,27102
66902302016,27129
66902301010,27104
66902240022,26695
66902240014,26923
66902240003,26695
66902240002,26735
66902240026,26695
66902240025,26922
66902240024,26695
66902240023,26695
66902241010,26760
66902241002,26904
66902241001,26743
66902240029,26922
66902250006,26909
66902250005,26910
66902250004,26910
66902241011,26699
66902320038,27094
66902320037,27094
66902320036,27093
66902320035,27141
66902330021,27109
66902330020,27109
66902320136,27164
66902320135,27165
66902340002,27096
66902340001,27096
66902330023,27128
66902330022,27128
66902340075,27074
66902340074,27089
66902340073,27074
66902340072,27074
66902310075,27126
66902310070,27135
66902310069,27132
66902302019,27093
66902310079,27114
66902310078,27100
66902310077,27100
66902310076,27097
66902320030,27112
66902320028,27128
66902320027,27109
66902320026,27108
66902320034,27140
66902320033,27092
66902320032,27092
66902320031,27112
66902371043,27119
66902370050,27111
66902370049,27111
66902370048,27098
66902380041,27094
66902380040,27094
66902380039,27094
66902371044,27119
66902390039,27170
66902390038,27180
66902390037,27181
66902380042,27094
66902400025,27213
66902400024,27189
66902400023,27189
66902390040,27170
66902341025,27095
66902341024,27095
66902340083,27090
66902340082,27090
66902350006,27087
66902350005,27087
66902350004,27133
66902350003,27133
66902360051,27111
66902360029,27111
66902350008,27144
66902350007,27144
66902370047,27092
66902370046,27100
66902370045,27100
66902360084,27111
66902420059,27117
66902420058,27117
66902420057,27117
66902420056,27117
66902420065,27132
66902420064,27132
66902420061,27132
66902420060,27131
66902430052,27130
66902421063,27126
66902421062,27135
66902420071,27131
66902430080,27130
66902430055,27130
66902430054,27130
66902430053,27130
66902402029,27184
66902401028,27171
66902401027,27171
66902400026,27184
66902402033,27180
66902402032,27172
66902402031,27172
66902402030,27184
66902410041,27126
66902403050,27190
66902403049,27199
66902402034,27180
66902410068,27126
66902410067,27126
66902410066,27126
66902410042,27126
66901920005,26697
66901920004,26703
66901920003,26693
66901910023,26693
66901930007,26656
66901930002,26504
66901930001,26504
66901920006,26713
66901930014,26504
66901930010,26523
66901930009,26523
66901930008,26686
66902000003,26834
66901950901,26703
66901950900,26697
66901930401,26692
66901880005,26365
66901880004,26365
66901880002,26369
66901880001,26413
66901881008,26413
66901880803,26369
66901880403,26356
66901880031,26357
66901900003,26667
66901890002,26356
66901890001,26356
66901881009,26413
66901910022,26693
66901900006,26656
66901900005,26685
66901900004,26654
66902120002,26925
66902120001,26925
66902110604,26990
66902110603,26990
66902120011,26806
66902120009,26993
66902120008,26993
66902120007,26825
66902120901,26783
66902120510,26804
66902120502,26825
66902120501,26825
66902130005,26905
66902130004,26907
66902130003,26903
66902120910,26825
66902000007,26857
66902000006,26991
66902000005,26834
66902000004,26834
66902100005,26801
66902000605,26834
66902000025,26855
66902000008,26857
66902100009,26988
66902100008,26986
66902100007,26830
66902100006,26843
66902110002,26832
66902100504,26784
66902100503,26784
66902100012,26781
66902170017,26899
66902170016,26899
66902160015,26923
66902160014,26923
66902170028,26917
66902170024,26916
66902170019,26900
66902170018,26900
66902180014,26838
66902180013,26838
66902180012,26907
66902180011,26907
66902180028,26905
66902180017,26906
66902180016,26735
66902180015,26735
66902130601,26829
66902130008,26906
66902130007,26906
66902130006,26905
66902140027,26915
66902130702,26902
66902130701,26902
66902130602,26829
66902150009,26901
66902150008,26990
66902150007,26990
66902150006,26833
66902160013,26899
66902160012,26899
66902160011,26900
66902160010,26900
66902220705,26844
66902220704,26845
66902220703,26844
66902220702,26844
66902220803,26980
66902220802,26849
66902220801,26861
66902220706,26850
66902230001,26923
66902220806,27138
66902220805,26956
66902220804,26980
66902240001,26735
66902230010,26923
66902230009,26923
66902230002,26923
66902210013,26845
66902210012,26845
66902200018,26899
66902200003,26898
66902210017,26851
66902210016,26851
66902210015,26850
66902210014,26850
66902220008,26851
66902220007,26851
66902220002,27152
66902220001,27146
66902220701,26846
66902220011,26850
66902220010,26850
66902220009,26851
6500KGHN1,35201
6500KGHN0,35201
6500KCLD7,35309
6500KCLD6,35332
6500KT002,32461
6500KT001,32473
6500KGHN3,35201
6500KGHN2,35201
6500KT006,35746
6500KT005,35711
6500KT004,32456
6500KT003,32462
6500KT010,35327
6500KT009,35481
6500KT008,32870
6500KT007,35727
6500KB010,35251
6500KB009,35251
6500KB008,35251
6500KB007,35251
6500KB014,32869
6500KB013,35331
6500KB012,35331
6500KB011,35328
6500KCLD1,35327
6500KCLD0,35317
6500KB016,32869
6500KB015,32870
6500KCLD5,35322
6500KCLD4,35327
6500KCLD3,35308
6500KCLD2,35299
6500N0001,32398
6500MKIN2,32570
6500MKIN1,32571
6500MKIN0,32570
6500N0005,32418
6500N0004,32403
6500N0003,32402
6500N0002,32402
6500N0009,32415
6500N0008,32414
6500N0007,32413
6500N0006,32412
6500N0013,32689
6500N0012,32689
6500N0011,32683
6500N0010,32683
6500KT014,35255
6500KT013,35251
6500KT012,35328
6500KT011,35327
6500KT018,35465
6500KT017,35248
6500KT016,35251
6500KT015,35324
6500LADYBNK1,32753
6500LADYBNK0,32750
6500KT020,35465
6500KT019,32571
6500LEUCHRS0,33517
6500LCHGLLY1,34903
6500LCHGLLY0,34903
6500LADYBNK2,32753
6500N0033,32364
6500N0032,32364
6500N0031,32380
6500N0030,32380
6500N0037,32358
6500N0036,32357
6500N0035,32360
6500N0034,32360
6500N0041,32354
6500N0040,32362
6500N0039,32365
6500N0038,32374
6500N0045,32348
6500N0044,32354
6500N0043,32354
6500N0042,32354
6500N0017,32307
6500N0016,32307
6500N0015,32687
6500N0014,32687
6500N0021,32302
6500N0020,32302
6500N0019,32300
6500N0018,32308
6500N0025,32347
6500N0024,32345
6500N0023,32345
6500N0022,32345
6500N0029,32381
6500N0028,32372
6500N0027,32389
6500N0026,32344
6500N0065,33289
6500N0064,33289
6500N0063,33286
6500N0062,33286
6500N0069,33292
6500N0068,33344
6500N0067,33344
6500N0066,33302
6500N0073,33303
6500N0072,33297
6500N0071,33297
6500N0070,33295
6500N0077,33352
6500N0076,33352
6500N0075,33329
6500N0074,33329
6500N0049,33111
6500N0048,32825
6500N0047,32825
6500N0046,32351
6500N0053,33121
6500N0052,33121
6500N0051,33109
6500N0050,33111
6500N0057,33120
6500N0056,33115
6500N0055,33114
6500N0054,33114
6500N0061,33341
6500N0060,33341
6500N0059,33119
6500N0058,33119
6500K9751,32320
6500K9750,32320
6500K9748,32495
6500K9746,32460
6500K9755,32320
6500K9754,32319
6500K9753,32319
6500K9752,32320
6500K9759,32428
6500K9758,32428
6500K9757,32420
6500K9756,32421
6500K9764,35604
6500K9763,35609
6500K9762,35612
6500K9760,32442
6500K9732,35045
6500K9731,35045
6500K9729,35039
6500K9728,35039
6500K9736,35021
6500K9735,35021
6500K9734,35045
6500K9733,35045
6500K9740,32460
6500K9739,32460
6500K9738,35029
6500K9737,35035
6500K9745,32586
6500K9743,32586
6500K9742,32586
6500K9741,32586
6500K9795,32517
6500K9793,32586
6500K9792,35525
6500K9791,35658
6500K9811,32870
6500K9800,32505
6500K9797,34773
6500K9796,32459
6500K9825,35109
6500K9814,35253
6500K9813,35255
6500K9812,32870
6500K9850,32586
6500K9849,32972
6500K9848,32972
6500K9831,35227
6500K9768,35711
6500K9767,35711
6500K9766,35711
6500K9765,35604
6500K9777,35669
6500K9776,35657
6500K9775,35657
6500K9774,35658
6500K9781,35023
6500K9780,35667
6500K9779,35661
6500K9778,35669
6500K9789,32499
6500K9786,35021
6500K9783,35028
6500K9782,34793
6500K9872,35711
6500K9871,35711
6500K9870,35711
6500K9869,35711
6500K9876,35711
6500K9875,35711
6500K9874,35711
6500K9873,35711
6500K9880,35669
6500K9879,35657
6500K9878,35657
6500K9877,35658
6500K9885,32709
6500K9883,35658
6500K9882,35661
6500K9881,35662
6500K9855,32495
6500K9854,32586
6500K9852,32586
6500K9851,32586
6500K9860,32420
6500K9859,32439
6500K9858,32495
6500K9857,32495
6500K9864,32499
6500K9863,32442
6500K9862,32428
6500K9861,32428
6500K9868,35609
6500K9867,35605
6500K9866,35604
6500K9865,35612
6500K9949,35643
6500K9938,32980
6500K9937,32980
6500K9935,32981
6500K9954,32864
6500K9952,32319
6500K9951,32869
6500K9950,35643
6500KB002,32461
6500KB001,32462
6500K9991,35079
6500K9970,35331
6500KB006,32462
6500KB005,32462
6500KB004,32462
6500KB003,32462
6500K9895,35021
6500K9894,35054
6500K9893,35055
6500K9892,35054
6500K9900,35224
6500K9899,35045
6500K9897,35126
6500K9896,35126
6500K9904,35017
6500K9903,35046
6500K9902,35050
6500K9901,35182
6500K9925,32487
6500K9922,32462
6500K9921,32461
6500K9905,32552
6500K9337,35243
6500K9336,35521
6500K9335,35525
6500K9331,32978
6500K9369,35711
6500K9368,35711
6500K9351,35136
6500K9348,32944
6500K9375,32565
6500K9374,32564
6500K9371,35711
6500K9370,35711
6500K9397,35424
6500K9396,35424
6500K9377,35548
6500K9376,35548
6500K9250,35645
6500K9247,32729
6500K9246,35607
6500K9238,32535
6500K9285,32478
6500K9259,35749
6500K9258,35749
6500K9256,35338
6500K9301,35331
6500K9296,35232
6500K9295,35229
6500K9286,35419
6500K9330,32978
6500K9314,35458
6500K9313,35458
6500K9310,35410
6500K9495,35522
6500K9494,35521
6500K9493,35522
6500K9492,35522
6500K9501,32484
6500K9500,35361
6500K9497,35026
6500K9496,35522
6500K9506,35059
6500K9505,35006
6500K9504,35006
6500K9503,32484
6500K9510,35423
6500K9509,32531
6500K9508,35010
6500K9507,35051
6500K9404,32557
6500K9401,32553
6500K9399,35424
6500K9398,35424
6500K9439,35504
6500K9438,35504
6500K9421,35570
6500K9420,32907
6500K9448,35026
6500K9447,32498
6500K9446,32586
6500K9441,35540
6500K9488,32948
6500K9466,32860
6500K9465,32860
6500K9449,32860
6500K9568,35451
6500K9567,32535
6500K9566,35658
6500K9553,35177
6500K9612,32330
6500K9611,32330
6500K9604,32449
6500K9570,32535
6500K9621,32460
6500K9620,32586
6500K9614,32326
6500K9613,32326
6500K9625,32495
6500K9624,32495
6500K9623,32460
6500K9622,32460
6500K9514,32553
6500K9513,32553
6500K9512,32553
6500K9511,35374
6500K9519,32495
6500K9518,32495
6500K9517,35410
6500K9516,35411
6500K9544,35723
6500K9523,32425
6500K9521,32470
6500K9520,35652
6500K9552,35177
6500K9548,32569
6500K9547,32569
6500K9546,32729
6500K9711,32439
6500K9710,32474
6500K9708,32461
6500K9707,32550
6500K9717,32538
6500K9715,32538
6500K9713,32533
6500K9712,32470
6500K9722,32469
6500K9721,32469
6500K9719,32460
6500K9718,32533
6500K9727,35062
6500K9725,32561
6500K9724,32561
6500K9723,32562
6500K9647,35697
6500K9632,32564
6500K9627,35297
6500K9626,32495
6500K9653,35082
6500K9652,35082
6500K9650,32851
6500K9648,35697
6500K9689,32447
6500K9687,35017
6500K9685,35400
6500K9666,35455
6500K9703,35035
6500K9702,32504
6500K9701,35033
6500K9698,35017
6500K9056,35403
6500K9055,35403
6500K9050,35339
6500K9049,35339
6500K9063,35338
6500K9060,35453
6500K9059,35423
6500K9057,35297
6500K9070,35329
6500K9069,35297
6500K9065,35361
6500K9064,35338
6500K9079,35338
6500K9078,35338
6500K9073,35248
6500K9071,35412
6500K9021,32461
6500K9020,32461
6500K9007,32530
6500K9006,35714
6500K9034,35522
6500K9031,35521
6500K9030,35522
6500K9026,35393
6500K9039,35402
6500K9038,35569
6500K9037,35521
6500K9036,35521
6500K9048,35336
6500K9047,35336
6500K9046,35362
6500K9045,35338
6500K9115,35035
6500K9114,35045
6500K9113,32469
6500K9112,32469
6500K9120,35419
6500K9118,35134
6500K9117,35653
6500K9116,32460
6500K9124,32856
6500K9123,35103
6500K9122,35419
6500K9121,35419
6500K9128,35419
6500K9127,35744
6500K9126,35419
6500K9125,35419
6500K9087,32535
6500K9084,35420
6500K9083,35362
6500K9082,35362
6500K9098,32862
6500K9097,32889
6500K9094,35394
6500K9093,35394
6500K9105,35035
6500K9104,35033
6500K9102,35398
6500K9101,35584
6500K9111,32538
6500K9110,32538
6500K9109,32533
6500K9108,32550
6500K9150,35721
6500K9149,35295
6500K9148,35295
6500K9147,35295
6500K9157,32974
6500K9156,32974
6500K9152,35295
6500K9151,35705
6500K9162,35008
6500K9161,35008
6500K9159,35337
6500K9158,32981
6500K9170,35076
6500K9169,35076
6500K9168,35105
6500K9165,35115
6500K9132,35419
6500K9131,35419
6500K9130,35419
6500K9129,35419
6500K9136,35365
6500K9135,35365
6500K9134,35419
6500K9133,35419
6500K9142,35295
6500K9141,35295
6500K9140,35295
6500K9139,35424
6500K9146,35295
6500K9145,35295
6500K9144,35295
6500K9143,35295
6500K9207,35603
6500K9206,35136
6500K9205,35136
6500K9204,35115
6500K9211,35461
6500K9210,35403
6500K9209,35189
6500K9208,35193
6500K9218,35653
6500K9214,35753
6500K9213,35744
6500K9212,32907
6500K9235,35136
6500K9234,35136
6500K9223,35158
6500K9222,35158
6500K9174,35235
6500K9173,35295
6500K9172,35235
6500K9171,32512
6500K9178,35500
6500K9177,35500
6500K9176,32967
6500K9175,32967
6500K9199,32530
6500K9188,35054
6500K9181,35053
6500K9180,35053
6500K9203,35017
6500K9202,35046
6500K9201,35224
6500K9200,35182
6500N0501,33361
6500N0500,33717
6500N0499,33005
6500N0498,33298
6500N0505,33655
6500N0504,32642
6500N0503,32642
6500N0502,33523
6500N0509,33621
6500N0508,33621
6500N0507,33621
6500N0506,33663
6500N0513,33361
6500N0512,33657
6500N0511,33684
6500N0510,33678
6500N0483,33478
6500N0482,33476
6500N0481,33688
6500N0480,33285
6500N0489,32739
6500N0488,32739
6500N0485,33503
6500N0484,33480
6500N0493,33505
6500N0492,33717
6500N0491,33105
6500N0490,33105
6500N0497,33617
6500N0496,32619
6500N0495,32619
6500N0494,33672
6500N0560,33072
6500N0559,33610
6500N0558,33610
6500N0557,32382
6500N0564,33399
6500N0563,33069
6500N0562,33069
6500N0561,33072
6500N0568,33481
6500N0567,33505
6500N0566,33505
6500N0565,33399
6500N0572,32407
6500N0571,32413
6500N0570,33688
6500N0569,33481
6500N0517,33682
6500N0516,33361
6500N0515,33361
6500N0514,33617
6500N0521,33265
6500N0520,33222
6500N0519,33263
6500N0518,33304
6500N0552,33307
6500N0551,32343
6500N0523,32343
6500N0522,33223
6500N0556,32382
6500N0555,32374
6500N0554,33676
6500N0553,33676
6500N0592,32818
6500N0591,32993
6500N0590,32302
6500N0589,32362
6500N0596,33385
6500N0595,33561
6500N0594,33561
6500N0593,32818
6500N0600,33234
6500N0599,32620
6500N0598,32346
6500N0597,32346
6500N0604,33230
6500N0603,33234
6500N0602,33234
6500N0601,33234
6500N0576,33489
6500N0575,32636
6500N0574,33129
6500N0573,33051
6500N0580,33576
6500N0579,32817
6500N0578,33101
6500N0577,33101
6500N0584,32648
6500N0583,33081
6500N0582,33081
6500N0581,33576
6500N0588,32333
6500N0587,32333
6500N0586,33208
6500N0585,32677
6500N0624,33111
6500N0623,33111
6500N0622,33268
6500N0621,33268
6500N0628,33655
6500N0627,33655
6500N0626,33440
6500N0625,33440
6500N0632,33014
6500N0631,32677
6500N0630,33332
6500N0629,33332
6500N0636,32812
6500N0635,32812
6500N0634,33636
6500N0633,33014
6500N0608,33032
6500N0607,33533
6500N0606,33533
6500N0605,33227
6500N0612,32781
6500N0611,33086
6500N0610,33689
6500N0609,32766
6500N0616,33010
6500N0615,33685
6500N0614,32389
6500N0613,33078
6500N0620,32797
6500N0619,32999
6500N0618,32999
6500N0617,33010
6500N0364,33387
6500N0363,33389
6500N0362,33394
6500N0361,33395
6500N0368,33380
6500N0367,33380
6500N0366,33374
6500N0365,33374
6500N0372,33129
6500N0371,33129
6500N0370,33124
6500N0369,33124
6500N0376,33129
6500N0375,33129
6500N0374,33132
6500N0373,33129
6500N0348,33561
6500N0347,33560
6500N0346,33698
6500N0345,33698
6500N0352,33566
6500N0351,33566
6500N0350,33556
6500N0349,33556
6500N0356,33362
6500N0355,33361
6500N0354,33365
6500N0353,33365
6500N0360,33361
6500N0359,33361
6500N0358,33360
6500N0357,33360
6500N0396,32784
6500N0395,33208
6500N0394,33774
6500N0393,33774
6500N0400,32639
6500N0399,32820
6500N0398,32820
6500N0397,32801
6500N0404,33425
6500N0403,33425
6500N0402,33284
6500N0401,32640
6500N0408,33121
6500N0407,33121
6500N0406,33442
6500N0405,33442
6500N0380,33127
6500N0379,33127
6500N0378,33129
6500N0377,33129
6500N0384,33148
6500N0383,33128
6500N0382,33123
6500N0381,33127
6500N0388,33149
6500N0387,33149
6500N0386,33126
6500N0385,33148
6500N0392,32295
6500N0391,32295
6500N0390,33144
6500N0389,33147
6500N0433,33618
6500N0432,32669
6500N0431,32800
6500N0430,33633
6500N0437,33517
6500N0436,33624
6500N0435,33622
6500N0434,33640
6500N0441,33165
6500N0440,33127
6500N0439,33129
6500N0438,32817
6500N0445,33571
6500N0444,33667
6500N0443,33020
6500N0442,33020
6500N0412,32781
6500N0411,33165
6500N0410,33181
6500N0409,33102
6500N0417,33621
6500N0415,33474
6500N0414,33470
6500N0413,32676
6500N0424,33423
6500N0422,33181
6500N0421,32676
6500N0418,33672
6500N0428,32805
6500N0427,32805
6500N0426,32633
6500N0425,32636
6500N0466,33706
6500N0465,33169
6500N0464,33169
6500N0463,33118
6500N0470,33788
6500N0469,33770
6500N0468,33650
6500N0467,33640
6500N0474,33632
6500N0473,33503
6500N0472,33487
6500N0471,33647
6500N0479,33285
6500N0477,33083
6500N0476,33083
6500N0475,33137
6500N0449,32692
6500N0448,33342
6500N0447,33288
6500N0446,33571
6500N0453,33672
6500N0452,33724
6500N0451,33688
6500N0450,32692
6500N0457,33493
6500N0456,33697
6500N0455,33697
6500N0454,32398
6500N0462,33290
6500N0461,33290
6500N0459,32648
6500N0458,33493
6500N0234,33679
6500N0233,33679
6500N0232,33655
6500N0231,33655
6500N0238,33478
6500N0237,33478
6500N0236,33479
6500N0235,33501
6500N0243,33502
6500N0242,33502
6500N0241,33487
6500N0239,33479
6500N0248,33679
6500N0247,33620
6500N0246,33620
6500N0244,32743
6500N0217,33629
6500N0216,33629
6500N0215,33628
6500N0212,33651
6500N0221,33623
6500N0220,33673
6500N0219,33673
6500N0218,33685
6500N0225,33624
6500N0224,33685
6500N0223,33685
6500N0222,33685
6500N0230,33488
6500N0229,33636
6500N0227,33626
6500N0226,33624
6500N0268,33619
6500N0267,33619
6500N0266,33619
6500N0265,33619
6500N0272,33621
6500N0271,33621
6500N0270,33621
6500N0269,33672
6500N0276,33415
6500N0275,33784
6500N0274,33784
6500N0273,33621
6500N0280,32761
6500N0279,33403
6500N0278,33415
6500N0277,33415
6500N0252,33620
6500N0251,33620
6500N0250,33636
6500N0249,33679
6500N0256,33624
6500N0255,33624
6500N0254,33672
6500N0253,33624
6500N0260,33657
6500N0259,33657
6500N0258,33685
6500N0257,33686
6500N0264,33621
6500N0263,33624
6500N0262,33683
6500N0261,33657
6500N0300,32664
6500N0299,32777
6500N0298,32777
6500N0297,32771
6500N0304,32750
6500N0303,32771
6500N0302,32744
6500N0301,32664
6500N0308,32603
6500N0307,32744
6500N0306,32744
6500N0305,32750
6500N0312,32633
6500N0311,32602
6500N0310,32602
6500N0309,32597
6500N0284,32755
6500N0283,32755
6500N0282,32748
6500N0281,32759
6500N0288,32733
6500N0287,32734
6500N0286,32748
6500N0285,32748
6500N0292,32734
6500N0291,32734
6500N0290,32737
6500N0289,32737
6500N0296,32771
6500N0295,32777
6500N0294,32777
6500N0293,32766
6500N0332,33706
6500N0331,33706
6500N0330,33716
6500N0329,33716
6500N0336,33715
6500N0335,33715
6500N0334,33705
6500N0333,33705
6500N0340,33727
6500N0339,33713
6500N0338,33714
6500N0337,33714
6500N0344,33708
6500N0343,33709
6500N0342,33702
6500N0341,33702
6500N0316,32647
6500N0315,32647
6500N0314,32645
6500N0313,32644
6500N0320,33822
6500N0319,33807
6500N0318,33813
6500N0317,33813
6500N0324,33796
6500N0323,33796
6500N0322,33803
6500N0321,33805
6500N0328,33728
6500N0327,33728
6500N0326,33730
6500N0325,33730
6500N0097,33544
6500N0096,33546
6500N0095,33542
6500N0094,33545
6500N0101,33227
6500N0100,33111
6500N0099,33541
6500N0098,33544
6500N0106,33226
6500N0105,33230
6500N0104,33230
6500N0102,33230
6500N0110,33515
6500N0109,33523
6500N0108,33526
6500N0107,33226
6500N0081,33326
6500N0080,33326
6500N0079,33335
6500N0078,33335
6500N0085,33531
6500N0084,33531
6500N0083,33331
6500N0082,33331
6500N0089,33537
6500N0088,33537
6500N0087,33534
6500N0086,33534
6500N0093,33540
6500N0092,33540
6500N0091,33546
6500N0090,33544
6500N0132,32800
6500N0131,33188
6500N0130,33188
6500N0129,33214
6500N0136,33030
6500N0135,33030
6500N0134,33049
6500N0133,32800
6500N0140,33041
6500N0139,33041
6500N0138,33067
6500N0137,33082
6500N0144,33047
6500N0143,33041
6500N0142,33042
6500N0141,33041
6500N0114,33517
6500N0113,33519
6500N0112,33514
6500N0111,33515
6500N0120,33458
6500N0119,33510
6500N0118,33510
6500N0115,33517
6500N0124,33459
6500N0123,33459
6500N0122,33459
6500N0121,33458
6500N0128,33214
6500N0127,33461
6500N0126,33461
6500N0125,33460
6500N0166,32807
6500N0165,33016
6500N0164,33016
6500N0163,33078
6500N0170,32804
6500N0169,32804
6500N0168,32804
6500N0167,32807
6500N0174,32802
6500N0173,32796
6500N0172,32797
6500N0171,32804
6500N0178,32805
6500N0177,32805
6500N0176,33007
6500N0175,32802
6500N0148,33032
6500N0147,33032
6500N0146,33045
6500N0145,33042
6500N0154,33033
6500N0153,33086
6500N0152,33053
6500N0151,33051
6500N0158,33040
6500N0157,33038
6500N0156,33038
6500N0155,33033
6500N0162,33078
6500N0161,33078
6500N0160,33078
6500N0159,33040
6500N0199,33473
6500N0198,33472
6500N0197,33472
6500N0196,33472
6500N0203,33505
6500N0202,33505
6500N0201,33476
6500N0200,33473
6500N0207,33661
6500N0206,33661
6500N0205,33670
6500N0204,33670
6500N0211,33651
6500N0210,33631
6500N0209,33631
6500N0208,33639
6500N0182,33007
6500N0181,33007
6500N0180,33007
6500N0179,33007
6500N0187,33004
6500N0186,33004
6500N0184,32999
6500N0183,32999
6500N0191,33184
6500N0190,33072
6500N0189,33069
6500N0188,33069
6500N0195,33472
6500N0194,33472
6500N0193,33168
6500N0192,33168
6500N9626,32819
6500N9625,33455
6500N9623,33263
6500N9621,33301
6500N9633,33187
6500N9631,32797
6500N9628,33001
6500N9627,33183
6500N9655,33730
6500N9642,33021
6500N9641,33021
6500N9636,33109
6500N9659,33388
6500N9658,33565
6500N9657,33565
6500N9656,33730
6500N9608,33535
6500N9607,33535
6500N9606,33537
6500N9605,33537
6500N9612,33542
6500N9611,33544
6500N9610,33543
6500N9609,33535
6500N9616,33377
6500N9615,33369
6500N9614,33541
6500N9613,33541
6500N9620,33119
6500N9619,33341
6500N9618,33047
6500N9617,33115
6500N9708,33574
6500N9707,33566
6500N9705,33361
6500N9703,33361
6500N9713,33567
6500N9711,33558
6500N9710,33558
6500N9709,33558
6500N9717,33594
6500N9716,33736
6500N9715,33733
6500N9714,33568
6500N9723,33586
6500N9722,33452
6500N9720,33571
6500N9718,33616
6500N9664,33256
6500N9663,32836
6500N9662,33725
6500N9660,33388
6500N9673,32606
6500N9669,33249
6500N9668,33249
6500N9665,33703
6500N9691,33610
6500N9676,33683
6500N9675,33684
6500N9674,32606
6500N9699,33561
6500N9697,33560
6500N9696,33716
6500N9695,33631
6500N9785,33494
6500N9780,33174
6500N9766,32990
6500N9756,33174
6500N9794,33724
6500N9790,33636
6500N9789,33643
6500N9786,33494
6500N9802,32395
6500N9801,33718
6500N9800,32404
6500N9795,33173
6500N9808,32677
6500N9806,32663
6500N9804,32404
6500N9803,32404
6500N9729,32987
6500N9728,33152
6500N9727,32989
6500N9725,33567
6500N9741,33642
6500N9732,33807
6500N9731,33698
6500N9730,33562
6500N9751,33174
6500N9745,33057
6500N9743,33628
6500N9742,33632
6500N9755,33163
6500N9754,33180
6500N9753,33071
6500N9752,33071
6500N9837,33680
6500N9835,33678
6500N9832,33301
6500N9831,33345
6500N9841,33068
6500N9840,33032
6500N9839,33034
6500N9838,33050
6500N9846,33115
6500N9844,33075
6500N9843,33044
6500N9842,33068
6500N9850,33111
6500N9849,33716
6500N9848,33001
6500N9847,33455
6500N9814,33432
6500N9813,33432
6500N9812,33400
6500N9811,33807
6500N9822,33541
6500N9820,32739
6500N9817,33417
6500N9815,33177
6500N9826,33312
6500N9825,33327
6500N9824,33327
6500N9823,33331
6500N9830,33328
6500N9829,33329
6500N9828,33332
6500N9827,33312
6500N9339,33470
6500N9338,33775
6500N9337,33081
6500N9336,33081
6500N9343,33095
6500N9342,33532
6500N9341,33532
6500N9340,33470
6500N9347,33427
6500N9346,33420
6500N9345,33420
6500N9344,33095
6500N9363,33397
6500N9362,33397
6500N9350,33029
6500N9349,33029
6500N9323,33082
6500N9322,33082
6500N9321,33082
6500N9320,33082
6500N9327,33082
6500N9326,33082
6500N9325,33452
6500N9324,33452
6500N9331,33082
6500N9330,33082
6500N9329,33082
6500N9328,33082
6500N9335,33082
6500N9334,33082
6500N9333,33082
6500N9332,33624
6500N9450,33102
6500N9446,33040
6500N9445,33040
6500N9444,33370
6500N9497,33400
6500N9495,33104
6500N9464,33187
6500N9456,33048
6500N9502,33638
6500N9501,33638
6500N9499,33432
6500N9498,33432
6500N9508,33479
6500N9506,33181
6500N9504,33175
6500N9503,33638
6500N9367,33582
6500N9366,33582
6500N9365,33571
6500N9364,33571
6500N9375,33827
6500N9374,33827
6500N9369,33584
6500N9368,33584
6500N9379,33792
6500N9378,33792
6500N9377,33812
6500N9376,33812
6500N9443,33206
6500N9442,33209
6500N9441,33370
6500N9432,33450
6500N9556,33078
6500N9555,33050
6500N9554,33040
6500N9552,33106
6500N9560,33045
6500N9559,33042
6500N9558,33042
6500N9557,33042
6500N9565,33035
6500N9564,33034
6500N9563,33048
6500N9562,33047
6500N9570,33060
6500N9569,33049
6500N9568,33032
6500N9566,33034
6500N9518,32739
6500N9513,33417
6500N9512,33443
6500N9509,33489
6500N9529,33489
6500N9526,33081
6500N9524,33479
6500N9522,33678
6500N9545,33541
6500N9544,33541
6500N9543,32417
6500N9542,32417
6500N9551,32836
6500N9548,33028
6500N9547,33345
6500N9546,33542
6500N9592,33327
6500N9591,33327
6500N9590,33111
6500N9589,33111
6500N9596,33329
6500N9595,33332
6500N9594,33312
6500N9593,33312
6500N9600,32833
6500N9599,32825
6500N9598,33100
6500N9597,33328
6500N9604,33536
6500N9603,33331
6500N9602,33331
6500N9601,32836
6500N9574,33059
6500N9573,33058
6500N9572,33066
6500N9571,33037
6500N9580,33068
6500N9579,33068
6500N9576,33020
6500N9575,33024
6500N9584,33105
6500N9583,33091
6500N9582,33075
6500N9581,33044
6500N9588,33117
6500N9587,33102
6500N9586,33102
6500N9585,33104
6500N9175,33638
6500N9172,33187
6500N9171,33187
6500N9170,33212
6500N9179,33820
6500N9178,32806
6500N9177,32806
6500N9176,33676
6500N9183,33748
6500N9182,33212
6500N9181,33212
6500N9180,33820
6500N9188,33740
6500N9187,33740
6500N9185,33005
6500N9184,33748
6500N9157,33224
6500N9152,33678
6500N9149,33753
6500N9148,33753
6500N9161,33731
6500N9160,33760
6500N9159,33760
6500N9158,33224
6500N9165,33495
6500N9164,33509
6500N9163,33731
6500N9162,33759
6500N9169,33212
6500N9168,33491
6500N9167,33491
6500N9166,33676
6500N9213,33102
6500N9212,33733
6500N9211,33733
6500N9208,33474
6500N9218,32648
6500N9217,33067
6500N9216,33586
6500N9215,33499
6500N9223,33346
6500N9221,32399
6500N9220,33214
6500N9219,33208
6500N9227,33256
6500N9226,33221
6500N9225,33221
6500N9224,33346
6500N9195,33762
6500N9194,32654
6500N9190,33059
6500N9189,33024
6500N9199,33452
6500N9198,33452
6500N9197,32607
6500N9196,32607
6500N9203,33005
6500N9202,33042
6500N9201,33045
6500N9200,32398
6500N9207,33474
6500N9206,33507
6500N9205,33476
6500N9204,33476
6500N9251,33500
6500N9250,33102
6500N9249,33102
6500N9248,33102
6500N9255,33757
6500N9254,33757
6500N9253,33678
6500N9252,33678
6500N9259,33819
6500N9258,33819
6500N9257,33769
6500N9256,33769
6500N9263,33738
6500N9262,33738
6500N9261,33764
6500N9260,33813
6500N9235,33102
6500N9234,33654
6500N9229,33242
6500N9228,33242
6500N9239,32826
6500N9238,33121
6500N9237,33121
6500N9236,33029
6500N9243,32812
6500N9242,32812
6500N9241,32815
6500N9240,32815
6500N9247,33048
6500N9246,33074
6500N9245,33029
6500N9244,33029
6500N9283,33583
6500N9282,33583
6500N9281,33752
6500N9280,33752
6500N9289,33737
6500N9286,33440
6500N9285,33168
6500N9284,33478
6500N9296,33473
6500N9295,33473
6500N9294,33614
6500N9290,33737
6500N9308,33497
6500N9299,33549
6500N9298,33549
6500N9297,33614
6500N9267,33588
6500N9266,33588
6500N9265,33752
6500N9264,33752
6500N9271,33181
6500N9270,33181
6500N9269,33764
6500N9268,33718
6500N9275,33470
6500N9274,33470
6500N9273,33507
6500N9272,33487
6500N9279,33154
6500N9278,33154
6500N9277,33473
6500N9276,33473
6500N0656,33285
6500N0655,33078
6500N0654,33638
6500N0653,33679
6500N0660,33354
6500N0659,33354
6500N0658,33378
6500N0657,33005
6500N9001,33154
6500N0663,33048
6500N0662,33632
6500N0661,33378
6500N9006,32395
6500N9004,33717
6500N9003,32418
6500N9002,32405
6500N0640,33509
6500N0639,33327
6500N0638,33327
6500N0637,32598
6500N0644,33655
6500N0643,33080
6500N0642,33567
6500N0641,33509
6500N0648,33608
6500N0647,33608
6500N0646,33117
6500N0645,32687
6500N0652,33507
6500N0651,33354
6500N0650,33354
6500N0649,33450
6500N9037,33601
6500N9036,32367
6500N9035,32367
6500N9026,33639
6500N9041,33778
6500N9040,33778
6500N9039,32691
6500N9038,33601
6500N9045,33285
6500N9044,32778
6500N9043,32778
6500N9042,33007
6500N9049,32370
6500N9048,33400
6500N9047,33400
6500N9046,33258
6500N9010,32408
6500N9009,32409
6500N9008,32408
6500N9007,32408
6500N9015,32409
6500N9014,32404
6500N9013,32404
6500N9012,32405
6500N9020,32677
6500N9019,32663
6500N9017,32415
6500N9016,32415
6500N9024,33643
6500N9023,33632
6500N9022,33284
6500N9021,32687
6500N9079,32334
6500N9078,32334
6500N9077,32661
6500N9076,33453
6500N9083,32655
6500N9082,32655
6500N9081,32661
6500N9080,33678
6500N9087,32310
6500N9086,32299
6500N9085,32997
6500N9084,32997
6500N9093,32801
6500N9090,33775
6500N9089,33153
6500N9088,33153
6500N9054,33639
6500N9052,32993
6500N9051,33423
6500N9050,32370
6500N9067,32786
6500N9066,32825
6500N9065,32825
6500N9056,32687
6500N9071,33161
6500N9070,33189
6500N9069,33189
6500N9068,32786
6500N9075,33453
6500N9074,32388
6500N9073,32388
6500N9072,33161
6500N9134,33258
6500N9133,33518
6500N9132,33518
6500N9131,33528
6500N9138,33548
6500N9137,33135
6500N9136,33135
6500N9135,33258
6500N9142,33210
6500N9141,33210
6500N9140,33191
6500N9139,33191
6500N9147,32356
6500N9146,32356
6500N9144,33497
6500N9143,33497
6500N9101,33474
6500N9100,33470
6500N9099,33230
6500N9098,33807
6500N9116,33253
6500N9115,33455
6500N9112,33285
6500N9111,33285
6500N9120,33523
6500N9119,33034
6500N9118,33049
6500N9117,33253
6500N9130,33528
6500N9128,33548
6500N9126,33066
6500N9123,33385
66004111036,31688
66004111035,31688
66004111034,31671
66004111033,31648
66004114030,31688
66004114025,31688
66004111038,31634
66004111037,31688
66004115003,31230
66004115002,31232
66004115001,31232
66004114901,31632
66004120012,31327
66004115902,31230
66004115901,31230
66004115004,31230
66004100026,31640
66004100006,31635
66004100005,31635
66004100004,31666
66004110015,31190
66004110014,31238
66004110013,31238
66004100027,31637
66004111028,31638
66004111027,31632
66004111020,31688
66004110016,31190
66004111032,31688
66004111031,31635
66004111030,31688
66004111029,31638
66004170097,31184
66004170004,31184
66004170003,31184
66004170002,31184
66004180018,31305
66004180017,31346
66004180016,31347
66004180015,31347
66004200051,31231
66004190097,31184
66004190001,31184
66004180019,31304
66004220057,31293
66004220052,31293
66004210095,31293
66004210094,31293
66004130012,31310
66004130011,31310
66004120095,31293
66004120013,31327
66004140010,31342
66004140009,31342
66004140008,31342
66004140007,31342
66004160003,31184
66004150900,31184
66004150075,31184
66004150074,31184
66004170001,31184
66004160006,31184
66004160005,31184
66004160004,31184
66004400023,31609
66004400022,31610
66004400021,31616
66004400020,31613
66004401900,31614
66004400031,31614
66004400025,31518
66004400024,31518
66004405900,31518
66004404900,31610
66004403900,31714
66004402900,31611
66004420030,31719
66004420029,31719
66004410025,31594
66004410024,31594
66004240002,31339
66004240001,31339
66004230060,31295
66004230059,31295
66004300030,31244
66004290003,31307
66004290002,31315
66004290001,31340
66004320046,31231
66004320045,31231
66004300032,31254
66004300031,31239
66004400019,31614
66004321901,31357
66004320048,31240
66004320047,31240
66004445900,31611
66004444900,31611
66004443900,31611
66004442900,31611
66004480016,31162
66004480015,31162
66004480014,31162
66004480013,31162
66004481010,31162
66004481009,31162
66004481008,31162
66004481007,31333
66004490017,31162
66004482012,31162
66004482011,31162
66004481015,31162
66004430025,31605
66004430024,31605
66004430002,31604
66004430001,31604
66004430031,31162
66004430030,31162
66004430029,31161
66004430028,31161
66004440017,31627
66004440016,31627
66004440015,31606
66004440014,31606
66004441901,31611
66004441900,31715
66004440019,31606
66004440018,31607
6500N9383,33502
6500N9382,33502
6500N9381,33502
6500N9749,32779
6500N9387,33502
6500N9386,33502
6500N9385,33502
6500N9384,33502
6500N9391,33476
6500N9390,33476
6500N9389,33502
6500N9388,33502
6500N9395,33476
6500N9394,33476
6500N9393,33476
6500N9392,33476
6500K9294,35202
6500K9293,35202
6500K9292,35191
6500K9291,35191
6500D9052,34384
6500K9221,35136
6500K9220,35136
6500K9219,35136
6500K1611,32898
6500D1210,34868
6500K9498,35522
6500D1209,34891
6500N9748,32779
6500K1614,35397
6500K1613,35397
6500K1612,35423
6500K9799,32474
6500K9716,32474
6500K9714,32439
6500D1215,34502
6500N9684,32307
6500N9683,32307
6500N0673,33130
6500K1217,32462
6500D9544,34089
6500N9151,33051
6500N9643,33021
6500D9529,34089
6500N9765,33578
6500N9694,32402
6500D9546,34089
6500D9545,34089
6500N9399,33476
6500N9398,33476
6500N9397,33476
6500N9396,33476
6500D1212,34384
6500D1211,34384
6500K9022,35497
6500N9380,33502
6500N9634,32783
6500K9242,32855
6500K9241,32855
6500D1213,34401
6500D1214,34502
6500N0672,33145
6500N0671,33140
6500N9682,32783
6500K1617,32320
6500K1616,32319
6500D1218,34572
6500D1217,34572
6500N0683,33574
6500N0682,33574
6500D9288,33900
6500D9287,33900
6500N0685,33542
6500N0684,33542
6500N0681,33572
6500N0680,33572
66004000022,31257
66004000021,31257
66004000020,31231
660032937,31184
6500N0675,33696
6500N0674,33696
6500K9138,32462
6500N9767,33578
6500K1615,32839
6500N0677,33502
6500N0676,33476
6500D1216,33890
6500N0678,32987
6500K9820,32436
6500D9610,34572
6500D9369,33923
6500K9654,35394
6500N9231,32746
6500N9230,32746
6500N0679,32987
66004000055,31255
66004000054,31255
66004000053,31253
66004000046,31231
66004000098,31257
66004000097,31257
66004000096,31252
66004000095,31257
66004000903,31256
66004000902,31256
66004000901,31257
66004000900,31254
66004100003,31667
66004100002,31661
66004100001,31659
66004000904,31257
66004000032,31254
66004000025,31256
66004000024,31256
66004000023,31257
66004000036,31248
66004000035,31248
66004000034,31248
66004000033,31252
66004000040,31257
66004000039,31257
66004000038,31254
66004000037,31248
66004000045,31231
66004000044,31257
66004000043,31231
66004000042,31231
6500D1205,34559
6500D1204,34559
6500D1203,34644
6500D1202,34644
6500K9321,35751
6500K9320,35751
6500K1609,32837
6500D9965,34872
6500K9325,35751
6500K9324,35751
6500K9323,35751
6500K9322,35751
6500K9329,35751
6500K9328,35751
6500K9327,35751
6500K9326,35751
6500ROSYTH0,34330
6500ROSY3,34330
6500ROSY2,34330
6500ROSY1,34330
6500ROY0,34296
6500ROSYTH3,34330
6500ROSYTH2,34330
6500ROSYTH1,34330
6500V0002,32870
6500V0001,32870
6500SPFD1,33007
6500SPFD0,33007
6500D1201,34478
6500D1200,34478
6500V0004,35253
6500V0003,35255
6500K9435,32474
6500K9434,32494
6500K9433,32496
6500K9432,32454
6500D9379,34274
6500D9377,34281
6500N0665,33672
6500K9615,32569
6500N0666,33725
6500K1610,35479
6500D9376,34281
6500D9380,34274
6500N9314,33725
650070000035,33732
6500N9312,33725
6500N9311,33725
6500K9338,35751
6500K9334,35751
6500K9333,35751
6500K9332,35751
6500N9110,32674
6500N9109,32674
6500N0664,33264
6500K9630,35751
6500D1708,34236
6500D1707,34241
6500N9174,32388
6500N9173,32388
6500K9268,35647
6500K9267,35647
6500D9105,34547
6500D9104,34545
6500D1207,34112
6500N9724,32760
6500N9726,32761
6500D9877,33854
6500N9550,32654
6500N9549,32654
6500N9193,33762
6500K9182,32886
6500D9420,34994
6500N9353,33082
6500N9352,33082
6500N9351,33082
6500N9875,33130
6500N0667,33285
6500N9799,33258
6500D1208,33941
6500N9318,33732
6500N9317,33732
6500N9316,33732
6500N9315,33732
6500N9528,33121
6500N9747,32753
6500N9746,32753
6500D1206,34280
6500D9368,33922
6500D9367,33978
6500N9402,33756
6500N9527,33121
6500N9798,33140
6500N9797,33140
6500D9688,34410
6500D9687,34410
6500K9804,32459
6500K9803,32459
6500K9802,32459
6500K9801,32459
6500K9808,32459
6500K9807,32459
6500K9806,32459
6500K9805,32459
6500K9816,32459
6500K9815,32459
6500K9810,32459
6500K9809,32459
6500D1709,34236
6500K1509,32870
6500K9818,35455
6500K9817,35455
6500K9027,35744
6500N0670,33136
6500N0669,33136
6500N0668,33542
6500K9417,32945
6500K9416,32862
6500K9468,32984
6500K9467,32898
6500K9414,32947
6500K9415,32944
6500K9419,32944
6500K9418,32945
6500K9298,35229
6500K9297,35232
6500K9412,32933
6500K9413,32933
6500N9871,33091
6500N9870,33100
6500N9869,32836
6500N9868,33443
6500N9880,33100
6500N9879,33152
6500N9873,33183
6500N9872,33616
6500N9884,33028
6500N9883,32989
6500N9882,33674
6500N9881,33180
6500N9889,32990
6500N9887,33071
6500N9886,33071
6500N9885,33174
6500N9854,33564
6500N9853,33568
6500N9852,33560
6500N9851,33111
6500N9858,33707
6500N9857,33562
6500N9856,33567
6500N9855,33567
6500N9863,33807
6500N9862,33807
6500N9861,33083
6500N9859,33642
6500N9867,33561
6500N9866,33716
6500N9865,33716
6500N9864,33733
6500N9916,32994
6500N9915,32985
6500N9913,33630
6500N9910,33361
6500N9923,33309
6500N9921,33270
6500N9920,33099
6500N9917,33427
6500N9935,33352
6500N9929,33111
6500N9925,33111
6500N9924,33256
6500N9946,33674
6500N9944,33561
6500N9938,33207
6500N9937,33651
6500N9893,32825
6500N9892,33102
6500N9891,33102
6500N9890,33105
6500N9897,33377
6500N9896,33369
6500N9895,33594
6500N9894,33736
6500N9901,33537
6500N9900,33452
6500N9899,33571
6500N9898,33187
6500N9909,33517
6500N9908,33498
6500N9906,33633
6500N9905,33638
6500N9971,33621
6500N9970,33621
6500N9969,32669
6500N9968,32800
6500N9976,33052
6500N9975,33035
6500N9973,33678
6500N9972,33621
6500N9980,33109
6500N9979,33009
6500N9978,33076
6500N9977,33040
6500N9984,33177
6500N9983,33175
6500N9982,33157
6500N9981,33157
6500N9951,33517
6500N9950,33662
6500N9948,33100
6500N9947,33137
6500N9956,33036
6500N9955,33503
6500N9954,33807
6500N9953,33807
6500N9963,32833
6500N9962,33106
6500N9961,33517
6500N9960,32820
6500N9967,32800
6500N9966,33154
6500N9965,32987
6500N9964,33117
6500NQNSFRY1,34220
6500NQNSFRY0,34401
6500NB003,33690
6500NB002,33639
6500NR005,33510
6500NR003,33459
6500NR002,33526
6500NR001,33050
6500NT003,33682
6500NT002,33638
6500NT001,33036
6500NR006,33510
6500ROSY0,34330
6500NT006,33650
6500NT005,33517
6500NT004,33714
6500N9988,32773
6500N9987,32773
6500N9986,32784
6500N9985,33161
6500N9992,32613
6500N9991,32602
6500N9990,32333
6500N9989,32333
6500N9996,33011
6500N9995,33011
6500N9994,32603
6500N9993,32613
6500NB001,33638
6500N9999,33086
6500N9998,33014
6500N9997,33014
6700712415A,51937
6700712415,51937
6700713092D,54027
6700713092C,54027
6700713165,54212
6700713130A,51789
6700713130,51791
6700712620A,51119
6700712623A,53169
6700713164B,54226
6700713164A,54226
67009260,54212
6700712626A,52571
6700712626,52571
6700712623,53168
6700714091,53168
670084738,51857
670084739,51851
670084739A,51851
6700712664A,54210
6700712903,51680
670084743,51940
670084743A,51939
670084738A,51857
6700713102A,54210
6700713102B,54210
6700713100,51027
6700714136,51680
6700713092A,54028
6700713092B,54028
6700713092E,54029
6700713092F,54029
6700712583A,54351
6700712583,54349
6700712593B,53174
6700712593A,53163
6700713346,93070
6700713313,93199
6700713341,51090
6700713343,51090
670061043,53247
6700713282,51889
6700713282A,51889
6700713346A,93070
6700713414,93093
670061045,53260
670061045A,53257
670061044,53241
6700712979A,54189
6700712979C,54189
6700712979D,54189
6700712373,54881
6700712531,55040
6700713033A,53345
6700713033,53345
6700712979B,54189
6700713071A,52570
6700712998,51202
6700715000,51202
6700713052,54212
6700712606A,51891
6700712606,51891
6700712957,51245
6700713071,52570
670086707,51070
6700713168,54223
670011003,54223
6700713213A,52567
670061049C,52868
6700711970,54446
6700712006,55189
6700712006A,55189
670061046,53115
670061050A,52870
670061049,52871
670061050B,52868
6700711961,51092
6700711950A,51096
6700711950,51096
670061046A,53114
6700600184,51222
6700600191,51081
670086706,51081
670000006,93093
6700713379A,54244
6700713379,54244
6700713359A,54479
6700713359,54493
6700714137,51773
6700713228,51625
6700713228A,51625
6700600194,51391
6700713213,52567
6700711989A,55203
6700711989,55203
6700713222,51773
670086758,52879
670086750,51597
670030021,51734
670090046E,54181
670010029,55050
670020022A,52005
670010028,55030
670086297,55030
6700600077,53396
6700600083,53486
6700600106A,53401
6700600105,53112
670060093A,53867
6700600093,53867
6700600091,53407
6700600077A,53396
6700711004,53634
6700711004A,53622
6700711940A,51591
6700711940,51591
670085706,50789
670090002,50789
6700712896,55105
67008712896A,55105
6700712740,54369
670010024,55125
670090004,50797
670090004A,50797
670090046F,54181
670086715A,53319
670086715B,53318
670090003,54370
670080018,53131
670080019,53131
670080021,53126
670080020,53126
6700714062,50537
6700714061,50537
670080017,53131
670080016,53131
6700712005,55187
6700713452,55187
6700600226,51092
6700600227,51092
670030034,53773
6700714069,53773
6700712686,55191
670010217,54438
670080008,53675
6700712900A,52934
6700713454,50576
6700713454A,50576
6700712927,52868
6700713351,51360
6700712471,50875
670080009,53675
6700600107A,53403
6700600107,53403
6700600053,53475
6700600052,53475
670040042B,93003
670040042A,93006
6700713193,51099
6700600186,51099
670080048,52834
6700600024,93038
6700713300,93038
6700600021,93039
670080001,53736
6700713305,53736
6700600019,93031
6700600018,93031
6700731956,50960
6700731959A,55310
6700731959,55311
6700600035,93037
6700600154,51098
6700600141,51096
6700713438,52480
6700731956A,50960
6700600043,53745
6700600228,51092
6700600228A,51092
6700600212,51063
6700714010,54018
6700731939A,54193
6700731939,54193
6700712821,53747
6700714058,54222
670086642A,52850
6700714060,52850
6700714011,54018
6700600022,93039
6700600143,51091
6700714047,51091
6700714059,54222
6700713467A,54367
6700713491,55109
670010027,55109
6700713990,53655
6700713534,51126
6700713848A,93126
6700713848,93126
6700713467,54367
6700600193,51427
670084755A,55251
670084755,55251
670084756A,55220
670084753,55283
670084835,53795
670084840,52702
670020007,52702
6700713420A,55316
6700713420,55316
6700600155,51069
6700600142,51092
6700600162,51187
6700712756,51187
6700713186,51070
6700600156A,51070
670020003,55277
6700713977,55276
6700713981A,53339
6700713981,53339
6700713997,53647
6700600044A,53647
6700713850A,54346
6700713850,54346
670080061,53076
670080062,53068
670080063,53068
670084886B,54183
670040072B,53469
670040072A,53469
670080059,53338
670080060,53338
670080050,52838
670080049,52839
6700712653A,53339
6700712653B,53339
670080054,53030
670080055,53030
670080051,52845
670080052,52845
670084910A,54500
670084910,54500
670084842,51403
670020003A,55283
670084911A,54144
670084934,52120
670084935,52118
670084909,54459
670084885B,54018
6700712668,51806
6700712668A,51806
670084911,54144
670084886A,54183
670084860,51412
670084884,51130
670084884A,51130
6700975,51715
6700713058,51715
6700715001,51715
6700967,52218
670098,51847
670099,51847
6700600199,51414
6700978,51414
6700988,51414
6700714038,51414
6700600201,51414
6700980,51414
6700600200,51414
6700998,51414
6700989,51414
6700990,51414
6700955,52052
6700954,52050
6700953,52050
6700951,52047
6700959,52132
6700958,52132
6700957,52132
6700956,52051
6700963,52139
6700962,52135
6700961,52135
6700960,52132
6700968,52219
6700966,52151
6700965,52151
6700964,52139
6700FEARN0,54210
6700DUNCRAG0,52031
6700DUIRNSH0,51926
6700DINGWAL0,53173
6700GLNFNNN0,54962
6700GARVE0,52668
6700FRTWLM0,55167
6700FORSNRD0,50840
6700INVRSHN0,53212
6700HELMSDL0,50976
6700GRGMASJ0,51188
6700GOLSPIE0,54361
6700IVRNESS2,53644
6700IVRNESS1,53647
6700IVRNESS0,53645
6700IVRGRD0,53848
6700ALNESS0,53829
6700ACHNSHN0,52390
6700ACHHSHL0,52209
6700ACHANLT0,52520
6700AVIEMRE0,93244
6700ARISAIG0,54857
6700ARDGAY0,53202
6700ALTNBRC0,50904
6700BRORA0,50873
6700BEAULY0,52937
6700BEASDAL0,54846
6700BANAVIE0,55206
6700CULRAIN0,53209
6700CORROUR0,55329
6700CORPACH0,55156
6700CARRBDG0,54396
6700SPEANBD0,55237
6700SCSCLDR0,51175
6700ROYBDGE0,55299
6700ROGART0,50756
6700THURSO0,51070
6700TAIN0,54225
6700STRMFRY0,52037
6700STCN0,52145
6700712363,51503
6700712361,51974
6700WICK0,51410
6700TULLOCH0,55330
6700712367,54812
6700712376A,52105
6700712376,52105
6700712359,55054
6700KYLELSH0,51923
6700KINBRAC0,50831
6700KILDONN0,50900
6700KGUSSIE0,54065
6700LCHESDE0,55010
6700LCHALRT0,54944
6700LCEILOB0,55143
6700LAIRG0,50628
6700MUROORD0,52984
6700MORAR0,54870
6700MLAIG0,54879
6700LCHLCHR0,52592
6700PLOCKTN0,51942
6700NWTM0,93275
6700NAIRN0,54452
6700MUROORD1,52984
6700711966,93016
6700711966A,93016
6700711963,93007
6700711946,53016
6700712008,52264
6700712008A,52264
6700711952,51022
6700711962,53277
6700711990,55210
6700712307,54824
6700712309A,54819
6700712309,54819
670080053,52843
6700711960,55215
6700711991,55215
6700711990A,55214
6700711971,54223
6700711974,54194
6700711972,54194
6700712370,54881
6700711975,54200
6700711982A,55125
6700711967,93016
6700711967A,93016
670000164,53314
6700711978,53320
6700711977,54780
6700711976,54214
6700711948,93000
6700711951A,51092
6700711951,51093
6700711949,52904
6700892,52131
6700891,52131
6700889,52143
6700890,52143
6700895,52044
6700896,52044
6700893,52129
6700894,52129
6700900,52221
6700899,52221
6700897,52036
6700898,52036
670090010,50881
6700600195,50882
670091,51794
670090,51794
6700878,52187
6700876,52208
6700877,52208
6700874,52209
6700881,52185
670089,51796
670088,51796
6700879,52187
6700882,52149
6700883,52149
6700884,52149
6700880,52185
6700887,52144
6700888,52144
6700886,52148
6700885,52148
670090035A,53829
670090035B,53830
670090034B,53834
670090034A,53834
670090037B,53831
670090037A,53831
670090036A,53831
670090036B,53831
670090055,54203
67009055A,54203
670090038B,53830
670090038A,53830
6700904,52157
6700903,52157
6700902,52234
6700901,52234
670090027B,53350
670090027A,53350
670090023,53289
670090022,53294
670090029B,53350
670090029A,53350
670090028B,53350
670090028A,53350
670090031B,53350
670090031A,53350
670090030B,53350
670090030A,53350
670090033A,53834
670090033B,53834
670090032A,53828
670090032B,53828
6700914,52060
6700912,52063
6700913,52063
670091104A,53831
6700917,51972
6700916,52059
6700713364,52059
6700915,52060
670093,51780
6700920,51969
6700919,51969
6700918,51972
6700925,51967
6700922,51968
6700921,51968
670092,51780
6700906,52156
6700713468A,52157
6700713468,52157
6700905,52157
6700911,52155
6700909,52156
6700908,52156
6700907,52156
670091102,53828
670091101A,53828
670091101,53828
6700910,52155
670091104,53831
670091103A,53828
670091103,53828
670091102A,53828
6700940,51958
670094,51784
670095,51784
6700937,51956
6700943,51958
6700942,51956
6700941,51956
6700712902,51958
6700948,51957
6700946,51957
6700945,51957
6700944,51958
6700952,52047
6700950,52056
6700949,52056
6700947,51957
6700713513,51966
6700926,51966
6700924,51967
6700923,51967
6700930,51965
6700929,51965
6700928,52058
6700927,52058
6700934,51962
6700933,51962
6700932,51965
6700931,51965
6700939,51956
6700938,51956
6700936,51955
6700935,51955
670010012,55184
670086514,51092
670010008,55188
670010007,55192
670084965,55453
670030048,93067
670030048A,93067
670010011,55184
670084966,55446
670030053,53534
670084963,55450
670084964,55454
670086099A,51247
670086099,51247
670030043,93110
670084941,50980
670085864,52695
670085862B,52536
6700714077A,52535
6700714077,52535
670085789,50969
670085862D,52534
670085862C,52534
670085864A,52695
670085772,51259
6700712789,54018
670085492B,53073
670085492A,53072
670086512A,51816
670086512,51818
670085441,55041
670085772A,51259
6700713415,51710
6700714017,53706
6700713993,53710
6700714076,52704
6700712699,55270
6700600039,93037
6700712564,93037
670040071,53459
670061053A,52917
670061024,53997
670061024A,53997
6700712699A,55270
6700714081,54494
6700714080,55114
6700714088,54097
670061053,52917
670086093A,51853
670084939,93200
6700714087,93200
6700712679,55117
670086538A,52107
670086559A,51697
670086559,51697
670086093,51853
6700714073,54003
6700714074,54003
6700714078,55254
670086538,52108
6700714079A,54003
6700714079,54003
6700714075,54211
6700714075A,54211
6700714117,51815
6700714116,51815
6700714139,51709
6700714138,51709
6700714133,51826
6700714132,51826
6700714144,51919
6700714145,51919
6700714135,51826
6700714134,51826
6700713389,51554
6700714131,51554
6700714151,54900
6700714150,54900
6700714154,54831
6700714155,54831
6700714092,51109
6700714093,51108
6700714084,52630
6700714083,52630
6700714107,55402
6700714106,55402
6700714100,54294
6700714095,54294
6700714109,55362
6700714108,55362
6700714111,55357
6700714110,55357
6700714126,51552
6700712667,51552
6700714123,51637
6700714122,51637
6700994,51394
6700714201,51392
6700714211,51063
6700714215,51176
6700714162,50694
6700713178,51063
6700714184,51063
6700714203,51403
670040081,53677
6700714174,50957
6700714173,50954
6700714161,50694
6700714223,51223
6700713521,51223
6700712861,51870
6700714217,51870
6700714159,54935
6700714158,54935
6700714157,54888
6700714156,54888
6700713983,51088
6700714212,51088
6700714148,54838
6700714149,54838
6700714195,51065
6700714194,51065
6700713183,51081
6700714168,51081
6700714216,51176
6700714214,51191
6700714197,51000
6700714196,51000
670010025,55113
670090007,54359
670090006,54359
670000137,55086
670086588,55237
670086588A,55237
670030038A,93062
670030038,93062
670086672,54222
670086672A,54222
670090047B,54222
670090047A,54222
670010013,55177
670010014,55176
670090050,54225
670090049,54226
670061026,54003
670061026A,54003
670061023,53992
670061023A,53992
670061025,53996
670061025A,53994
670061027,54003
670061027A,54003
670061052,52788
6700711006,52182
670061040A,53155
670061040,53155
670010030,55086
6700711448,53599
6700711448A,53599
670061052A,52788
670090020B,53749
670090020A,53748
670010214,54443
670090040A,53848
670010222A,54478
670010221,54434
670010221A,54434
670090024E,53302
670090039B,53839
670010223,54495
670010223A,54495
670010222,54478
670010218A,54437
670010218,54437
6700712857,51664
670090039A,53839
670090054,54211
670030040,93104
670090053,54212
670010015,55191
670030032,53765
670086713,54104
670086713A,54105
670030025,51868
670010213A,54438
670090046,54210
670030031,53729
670030032A,53766
670090040B,53848
670090025,53339
670090025A,53339
670010213,54438
670000153,52610
670020005,52610
670020004,52607
670090044,54025
670020002,55226
670020002A,55227
670020006,52691
670020008,52691
670020017,55325
670020016,55313
670020013A,52563
670020013,52564
670010004,55202
670085896A,55026
670085896,55026
670020012,52531
670010211A,54434
670010225A,54326
670010225,54325
6700712857A,51658
6700712848A,51891
670010210,54441
67001052,54441
670010211,54434
670020020,52007
670020018A,55328
670020018,55328
6700712848,51891
670090043B,54025
670090043A,54025
670090044B,54028
670090044A,54028
6700712791B,54028
670085519A,52873
670085519,52873
670085926,54074
670085503,54243
670085526,51113
670085526A,51113
6700712791A,54028
670085669,52668
670085669A,52668
670085644,52619
670085538,54997
6700712787,52508
670085585B,53336
670085585A,53339
670085538A,54985
670010006,55201
670090057,54243
670090056,54243
670010003,55202
670084962,54065
670085927,54065
670085952,51921
670010005,55201
6700712791D,54028
670085953,51912
670085970A,51137
670085970,51137
670085926A,54075
6700712791C,54028
670085921,93193
670085921A,93193
6700712563A,54116
6700712563,54116
6700712586,53084
6700712587,53036
6700712439,53866
6700712428,51298
6700712435,50771
6700712557,50427
6700712447,50732
6700712417,54778
6700712413,93148
670000206,53866
6700712492,54956
6700712490,51636
6700712477,55132
6700712475,93245
670030035,53665
6700712824A,53765
6700712824,53765
670030008,51573
6700712524A,52906
670000150,53773
670030037,53773
670030036,53665
6700712507,54056
6700712514,54294
6700712500,51223
6700712524,52906
6700712591,53173
670000182,53079
6700712589,53079
6700712581,53874
6700712695,52002
6700712696,51985
670072001,51985
6700712685,55121
6700714183,51263
6700712722,51479
6700712693,51444
6700714207,51444
6700712749A,54684
6700712749,54684
6700712753,52755
6700712750,51263
6700712759,51523
6700712748,54718
6700712746,54729
6700712745,54731
6700712715,55185
6700712703A,55008
6700712703,55008
6700712488,50537
6700712710,52910
6700712712,51808
6700712717,54819
6700712716,55185
6700712691,52754
6700712690,52754
6700712689,52912
6700712689A,52912
6700712685A,55117
6700712680,55209
6700712687,53985
6700712691A,52754
6700712735,52867
6700712743A,52755
6700712743,52755
6700712741A,52754
6700714127,51635
6700712616,51635
6700712615A,51808
6700712615,51808
6700712613,53913
6700712613A,53913
6700712611,52772
6700712610,52773
6700712602,54816
6700712601,50953
6700712619,54632
6700712619A,54631
6700712757,51503
6700712762,51334
6700714193,51334
6700712759A,51523
6700712731A,93225
6700712730A,54294
6700712730,54294
6700712757A,51503
6700712723,51479
6700712734,54842
6700712734A,54842
6700600134,93225
6700712729A,51062
6700712729,51062
6700712725,51935
6700712725A,51935
6700712652A,52864
6700712652,52864
6700712651,51928
6700712627,51267
670061028A,54003
670061028,54003
670061033,54178
6700712647,51808
670061039A,53167
67006139,53167
670061029,54003
670061029A,54003
670061022,53986
670061022A,53990
670061021A,53983
670061021,53980
6700712605,51925
6700712607,55405
6700712592A,53085
6700712592B,53085
6700712660,51808
6700712665A,51471
6700712665,51471
6700712605A,51925
6700712632A,50578
6700712673A,51005
6700712673,51005
6700714120,51808
6700712627A,51267
6700712643,54037
6700712643A,54037
6700712632,50578
670013001,55010
670013001A,55010
670013005A,54944
670013005,54944
6700714041,54223
670011001,53232
670010219,54452
670010220,54452
670013009A,54872
670013009,54872
670010224,54494
670011003A,54223
670013008,54870
670013008A,54870
670013010,54879
670013010A,54880
6700600086,53480
6700600086A,53487
670060094A,53866
6700600094,53866
670011004,53372
6700111117,53657
670011114A,53477
6700111114,53477
670000101,93034
6700111112,93034
67001102A,53225
670011002,53225
670013004,54962
670013004A,54962
670013003,55007
670013003A,55007
670010212,54500
670010216,54444
670010215,54439
670010209,50475
670010023B,55120
670010023,55191
670010022,55191
670010212A,54500
670030070A,53477
670030070,53477
670010032,55081
670010034,55162
6700144,53437
670030072,53488
670030071A,53490
670030071,53490
670000070,53451
670000069,53451
670013011A,54878
670013011,54878
670010020,55191
670010018,55176
670010017,55176
670010002,55215
670000068,53453
670000065,53456
670000066,53456
670010021E,55164
670010208,50475
670000063,52983
670000062,52983
670000067,53453
670030064A,53493
670030065A,53490
670030066,53490
670030065,53490
670000214,53488
670030062,53488
670030061,53488
670030064,53493
670040013A,53714
670040013B,53714
670040012B,53714
670040012A,53714
6700712496,53528
6700712496A,53528
670040014A,53714
670040014B,53667
670030077,53481
670030076,53481
670030069A,53476
670030069,53476
670030074,53499
670030073,53479
670030078A,53479
670030078,53479
670030060A,53494
670030060,53494
670030075A,53481
670030075,53481
670030066A,53490
670030057,53500
670030056,53501
670030055,53504
6700714129,51503
670030013,51503
670030017,51478
670030018,51501
670030024,51508
670030016,51478
670030015,51479
670030014,51483
6700712605E,51942
670030004A,51648
670030022A,51521
670030024A,51508
670030007,51565
670030012,51537
670030011,51540
670020024,51942
670040018A,53714
670040018B,53714
670040011,53714
670040010,53714
670040016,53715
670040015A,53717
670040015B,53717
670040017,53715
670030081,53476
670030083,53475
670030082,53476
670030083A,53475
670040005A,53523
670040005B,53523
670040006A,53480
670040006B,53480
67004016A,93134
67004016,93134
67004017A,93141
67004017,93141
67007159A,53869
67007159,53869
6700600025,93042
67004019,53919
67007157A,53867
67007157,53867
67007158,53869
67007158A,53869
67007161,53104
67007161A,53104
67007162,53866
67007162A,53866
67005014,53983
67005012,53993
67005013,53991
670010122,54588
67004012,54748
67005017,54746
67005017A,54746
67007123,54159
67007124,54788
6700712975A,54156
6700712975,54156
67004012A,54748
67004018A,93166
67004018,93166
67005018,51941
67007124A,54788
67007175,52700
67007176,52691
67007173,53296
67007173A,53296
67007165,53947
67007169,54593
67007169A,54593
67007174,52700
67007167,93072
67007167A,93072
67007164A,54342
67007164,54342
67007136A,54599
67007136,54599
67007168A,54674
67007168,54674
67007152,54119
67007152A,54119
67007153A,53236
67007153,53236
67007156A,53866
67007156,53866
67007151A,93136
67007151,93136
67007163A,53867
67007163,53867
67007154A,53112
67007154,53112
67007171,54675
67007171A,54675
67007172A,54674
67007172,54674
67009192,55031
67009194A,52613
67009194,52612
67009191,51635
67009227,55038
67009201,53465
67009197,54728
67009195,53664
67009233,51922
67009232,51537
67009230,51636
67009228,55033
67009221,51948
67009220,51567
67009226,51941
67009234,51552
67007138,54588
67007138A,54588
67007137,54593
67007137A,54593
67007134A,54552
67007134,54552
67007135A,54594
67007135,54594
67007179,93023
67007178A,93053
67007139,53630
67007139A,53630
67007178,93053
67007179A,93023
67007180A,53608
67007180,53609
67009212A,51935
67009211A,51935
67009240,53477
67009239,52114
67009206A,52012
67009207,52012
67009207A,52012
67009212,51935
67009209A,51939
67009208,51939
67009208A,51939
67009206,52012
67009211,51935
67009210,51935
67009210A,51935
67009209,51939
67009224,55024
670000116,93245
67009223,93245
67009222,93260
67009244,54939
67009243,51912
67009242,51912
67009225,54993
67009241,53623
67009247,51245
67009246,51277
67009245,55705
67009238,52117
67009237,54008
67009236,53991
67009235,53095
67001090,53405
67001091,52896
67001091A,52896
67001092,53750
67001093A,53587
67001089A,53507
67001089,53500
67001090A,53405
6700713429,53622
67001094,54010
670040,52960
67001093,53587
670010119,50637
670010102A,50526
670010102,50526
670030019,51473
67001084,54294
67001086,54863
67001082,54307
6700713122,54307
6700712576,55386
6700731938,54171
6700712511,55279
67001084A,54294
67001083A,54294
67001083,54294
6700713976A,55382
6700713976,55382
67001078,55197
67001079,55204
67001080,55162
67001081,54304
670010112,50605
670010100A,50517
670010100,50517
670010115A,50609
670010114,50608
670010113A,50606
670010113,50606
670010112A,50605
670010107A,50584
670010109A,50588
670010109,50588
670010114A,50608
670010111,50594
670010107,50584
670010110A,50588
670010110,50588
670010101A,50530
670010101,50530
670010118,50631
670010118A,50631
67001097A,50501
67001097,50501
670010117A,50629
670010117,50629
670010119A,50637
670010103A,50539
670010103,50539
67001096,53827
670010115,50609
670010116A,50613
670010116,50612
670010033,55081
67002001,54564
67002000,54419
67002000A,54418
6700713360,54657
67002008A,54030
67002004,54222
67002003,47598
67002001A,54564
67002009A,54034
67002009,54034
6700731937,54018
67002008,54030
6700373,51372
67002006,54588
67002007A,53837
67002007,53837
670010108A,50586
670010108,50586
6700714064,53829
670010111A,50594
670010120A,50644
670010120,50644
67001099A,50518
67001099,50518
670010106,50582
67001098A,50500
67001098,50500
670010104A,50543
67002002,54565
670010105A,50581
670010105,50581
670010106A,50582
6700970,53251
6700971,54851
6700971A,54851
6700973,51744
67002011A,54025
67002010A,54029
67002010,54029
67002005,55244
67007125,50880
670000156,54496
670010121,54496
67002011,54025
670049A,53937
67007126,50789
67001065,54588
67007127,54368
6700372,51377
6700376,51365
6700375,51363
6700374,51363
6700713116B,50468
6700713116A,50468
6700713116,50468
6700391,53257
670080069,53176
670080070,53085
6700186,51721
6700183,51710
670000038,53566
6700710,53566
6700734,52360
6700714166,50723
670000192,53350
670000191,53176
670000190,53176
670000188,53176
670000196,52451
670000195,54137
670000194,54137
670000193,53350
670000200,53080
670000199,53176
670000198,53176
670000197,52451
670000204,52931
670000203,55164
670000202,54427
670000201,54427
670000173,53937
670000172,53494
670000171,53494
670000169,93048
670000179,53923
670000178,93036
670000177,93036
670000174,53937
670000184,53176
670000183,53079
670000181,93036
670000180,93036
670000189,53176
670000187,53176
670000186,53176
670000185,53176
670080068,53085
670080067,53085
6700600066,53420
6700712807,53420
6700600037,93035
6700714029,93035
6700714028,93051
6700731946,93051
670040079,53630
670040066,93005
670040069,53630
6700714030,93039
6700600009,93023
6700600015,93023
6700600032,93149
670040078,53630
670000211,54062
670000210,54062
670000208,93160
670000205,52931
670000216,53488
670000215,53488
670000213,53296
670000212,53892
670000219,93201
670000218,93201
6700600160,51063
6700600148,51063
670090042,53848
6700713345A,55173
6700713452A,55188
6700600159,51063
670013012,54878
670013012A,54878
6700600050,53476
6700600078,53402
670061008,53296
670040011A,53714
670030080,53477
670030080A,53478
6700712561,93039
6700600023,93039
6700712342C,53832
670061008A,53296
670000170,93037
6700600020,93037
6700600017,93028
6700600017A,93028
670040019B,53677
670040019A,53677
670040064,93006
670040062,53463
670040044A,93000
670040044B,93000
670040061,93003
670040059,93002
6700600062,53601
6700600059,53601
6700600058,53601
67001061,93000
6700600071,53402
6700600054,53418
6700600081,53472
6700600063,53601
670000019,53628
670000020,55173
670000021,55167
670000022,53833
670000001,53645
670000002,53799
670000003,53649
670000004,53640
670000009,93243
670000010,54724
670000011,53171
670000012,53848
6700713858A,52324
6700713858,52324
670000007,53800
670000008,51721
670084885A,54019
670040053,53463
6700600036,93028
6700600016,93028
670090045B,54028
670040082,53625
670040082A,53629
670080058,53081
670000016,51414
670000017,51088
670000018,51089
670090045A,54028
670000023,53640
670000024,53726
670000013,53829
670000015,51412
670000027,54979
670000026,55147
670000025,55147
670090046B,54194
670000029,55132
670000033,55108
670000032,55108
670000028,54979
670000035,51479
670000034,51479
670000031,55196
670000030,55132
670000040,53666
670000039,53666
670000037,54877
670000036,54877
670000217,53494
6700714224,53494
6700714222,53500
6700714221,53500
6700714227,51468
670040036F,93003
670040036E,93003
670040033,93006
6700714229,52198
6700714225,53842
6700714226,53836
6700714228,51468
670090046A,54194
6700714232,51768
6700714231,51768
6700714230,54225
670000080,54969
670000079,51865
670000078,53083
670000077,52135
670000084,55056
670000083,55037
670000082,55037
670000081,54969
670000091,53848
670000090,53848
670000089,93232
670000085,55056
670000095,54253
670000094,54253
670000093,54186
670000092,54186
670000045,54826
670000044,54826
670000042,52704
670000041,52704
670000048,54962
670000047,55112
670000046,55112
670000043,93255
670000071,52941
670000057,50857
670000056,50855
670000049,54962
670000076,52135
670000075,54215
670000073,51928
670000072,52941
670000118,55102
670000117,55102
670000115,53892
670000114,53892
670000122,53420
670000121,53420
670000120,53398
670000119,53398
670000126,53503
670000125,53503
670000124,53503
670000123,53503
670000130,53498
670000129,55270
670000128,55270
670000127,54279
670000099,55162
670000098,55162
670000097,53624
670000096,52708
670000100,54873
670000104,54849
670000102,53788
670000103,53790
670000108,54599
670000107,54599
670000106,54865
670000105,54865
670000112,93079
670000111,55071
670000110,55071
670000109,55114
670000154,54033
670000152,53665
670000151,53665
670000149,53773
670000159,54588
670000158,54588
670000157,55364
670000155,54033
670000163,53589
670000162,54588
670000161,54588
670000160,54588
670000168,93051
670000167,51808
670000166,52887
670000165,52887
670000134,52423
670000133,52954
670000132,52578
670000131,53498
670000140,52422
670000139,52419
670000138,52419
670000135,52423
670000144,52447
670000143,52447
670000142,52447
670000141,52422
670000148,55261
670000147,55261
670000146,93020
670000145,93018
6700713363,52147
6700713483,50556
6700713483A,50556
6700712004,55188
6700713492,52937
6700713487A,55073
6700713487,55073
6700713486,52147
6700713459,53527
6700713458,53688
6700713457,53632
6700713456,53630
6700713464,51173
6700713453,50559
6700714220,50559
6700713455,50538
6700713195,51094
6700600188,51085
6700600187,51085
6700713188,51063
6700713446A,54805
6700713436,54947
6700713187A,51100
6700713187,51100
6700713417,51744
6700713416,51741
6700713422,55180
6700713446,54805
6700713425,52925
6700713423,53825
6700713432,50514
6700713980,53661
6700713357,51068
6700600056,53421
6700713340,53421
6700713344A,52031
6700714089,50468
6700713403,50468
6700713397,52915
6700713397A,52915
6700713391,50627
6700713409,93253
6700713394,50651
6700713404,50991
6700713390,53223
6700713392,50645
6700713392A,50645
6700713391A,50627
6700713463,51872
6700713460,53746
6700713465,50781
6700713464A,51173
6700713369A,52755
6700713369,52755
6700713365A,51964
6700713365,51964
6700713374A,53866
6700713374,53866
670000086,54452
6700713362,54452
6700713344,52031
6700713345,55165
6700713373,52876
6700713373A,52875
6700712871,52789
6700712874,52917
6700712874A,52917
6700712873,54821
6700712894,55162
6700712890A,52226
6700712890,52226
6700712871A,52789
6700712875,52917
670013002,55009
6700712889,55009
6700712895,55162
6700712915,50650
6700712888,50514
6700712885,54067
6700712875A,52917
6700712900B,52934
6700712900,52934
6700713387,51636
6700713390A,53223
6700712921,50455
6700712912,50480
6700713869,50480
6700712897,54904
670072004,52173
6700712914,52173
6700712912A,50455
6700712921B,50455
6700712908,51921
6700712905,52688
6700712909A,51920
6700712909,51919
6700712952,51474
6700712950,54211
6700712950A,54211
6700714140,51708
6700712916,50634
6700712916A,50634
6700712923,50571
6700712923A,50571
6700712794,55187
6700712863,54826
6700714090,52867
6700712928,52867
6700712792B,53848
6700712792,53848
6700712792C,53848
6700712801,53800
6700712946,50468
6700712941,55144
6700712941A,55144
6700712915A,50650
6700712935A,52161
6700712934A,50718
6700712934,50718
6700712939,54802
6700712956A,51503
6700712937,53744
6700721936,53741
6700712935,52161
6700712953,51708
6700712960,51353
6700714182,51353
6700712956,51503
6700713099A,50439
6700713099,50439
6700713090,55293
6700713089,50748
6700712983A,53121
6700712983,53121
6700714186,51299
6700713095,51299
6700712994,50729
6700712992,55270
6700712990,52809
6700712978,51479
6700712984A,53121
6700712984,53121
6700712989A,54112
6700712989,54112
6700713053A,50559
6700713060,50866
6700713059,50866
6700713045,51942
6700713088,54912
6700714125,51552
6700713054,51552
6700713053,50559
6700713107,51974
6700713105A,50952
6700713105,50952
6700713088A,54911
6700713117A,51479
6700713117,51479
6700713102D,54205
6700713102C,54210
6700713020,55227
6700712995B,52986
6700712995A,52986
6700712968,52095
6700714097,54617
6700714096,54617
6700713030A,54171
6700713030,54171
6700713018,54617
6700713018A,54617
6700713017A,54618
6700713017,54618
6700713032,53296
6700713041,51816
6700713038,50547
6700713038A,50547
6700712966A,53049
6700712966B,53050
6700712965B,52802
6700712965A,52802
6700712962,54877
6700712961,54878
6700712967,53878
6700600123,53878
6700712972A,50864
6700712972,50864
6700712964,53570
6700712964A,53570
6700712971A,50850
6700712971,50850
6700712974,51304
6700712974A,51304
670080071,53085
670080086,53008
670080085,53000
670086052,54943
6700713157,55111
6700713298,54819
6700713261,51397
6700600173,51409
6700713146,52843
6700713151A,50806
6700713151,50806
6700713157A,55111
6700713159,54950
6700713159A,54951
6700713160A,51507
670030023,51507
6700713001,54457
6700713000,54438
6700712999A,51162
6700712999,51162
6700712697,52001
6700712996A,55222
6700712996,55222
6700713001A,54494
670085696A,54979
670085696,54979
6700713004,54501
6700713001B,54456
670013006,54943
67008052A,54943
670080088,52987
670080087,52987
6700713217,52156
6700714094,54304
6700713204,54304
6700713203,54294
6700713219,51870
6700714121,51870
6700713218A,52156
6700713218,52156
6700713176,51091
6700713216A,52876
6700713216,52876
6700713214,54794
6700713170,50723
6700600114,53529
6700600151,51070
6700713177,51070
6700713127,53858
6700713129A,55169
6700713128A,51163
6700713128,51163
6700713137,51808
6700713137A,51808
6700713121,93034
6700600014,93034
6700713208A,50700
6700713208,50700
6700713142,52578
6700713140,52145
6700600156,51063
6700713200,51063
6700713206,54097
6700713209,50701
6700982,51414
6700987,51414
67001000,51414
67001001,51414
6700984,51414
6700985,51414
6700986,51414
6700979,51414
6700993,51402
6700995,51414
6700996,51414
6700983,51414
6700997,51414
67001004,51414
67001004A,51414
67001005,51414
670076,51618
670077,51618
670078,51621
670079,51621
6700143,53490
6700712838,53490
670097,51849
670096,51849
6700607,50699
670000176,93054
6700714237,93048
6700141,52754
67001002A,51414
67001002,51414
6700712947,50468
6700608,50538
67001048,54981
67001039,50789
67001040,54361
67001045,50851
67001053,54849
67001054,54825
6700600192A,50960
67001047,54981
67001051,52443
67001050,52443
67001055,53587
670088829,54881
67001057,93000
67001063,53892
67001060,53593
67001062,93064
6700991,51405
6700992,51408
67001003A,51414
67001003,51414
6700712433A,51566
670000014,51412
6700714204,51414
6700600197,51414
67001041,54355
67001024,50468
67001023,51715
6700712433,51566
67001046,50851
67001044,50972
67001043,50972
67001042,54356
6700713246A,54003
6700713246,54003
6700600225,51093
6700713194,51093
6700713252,53918
6700713257,51426
6700713242,51470
670010021,51470
6700713249,51171
6700713248,54003
6700713248A,54003
6700600005,53918
6700713315,50468
6700713236,55114
6700713251,93018
6700600001,93018
67001067,54205
67001059A,93000
67001059,93000
67001058,53250
67001070,53200
67001068,54846
67001069,54846
67001066,93023
67001073,50765
67001074,50765
67001075,50718
67001076,50718
6700712993,50685
6700712933,50685
67001071,50768
67001072,50768
6700713080,50515
6700713067,52106
6700713065A,54301
6700713065,54305
6700713074,52198
6700713084,50956
6700713083,50751
6700713080A,50515
6700713049,52080
6700713079A,50468
6700713079,50468
6700713077,54003
6700713043A,54401
6700713043,54401
6700713046A,51941
6700713046,51941
6700713329A,50564
6700713311A,54738
670000074,53877
6700713304,53877
6700712834A,53385
6700712834,53400
6700713267,55039
6700713329,50564
6700712829,53387
6700712831,53507
6700712837,53748
6700712836,53748
6700714175,50935
6700713069,50935
6700712830A,53387
6700712830,53387
67002026,54821
67009202,52108
67009202A,52108
67009201A,53460
67002931,55153
67002023,54794
67009204,52125
67009204A,52125
67009205A,52125
67009203,52106
67009203A,52106
67009259,54255
67009262,54819
67009262A,54819
67002027,54826
67009205,52125
67009217,51907
67009217A,51907
67009216,51936
67009216A,51936
67009215A,51935
67009219,52031
67009218,52105
67009218A,52105
67009214A,51935
67009213,51935
67009213A,51935
67009215,51935
67002025,54821
67002024,52789
67002024A,52789
67009214,51935
6700600144,51092
670030022B,51521
670010022A,55191
6700600106,53401
670085862A,52549
670020022,52005
6700712664B,54210
670084756,55220
6700714051,93194
6700714051A,93194
6700714052,93192
6700714052A,93192
67002028,51729
6700714053A,93188
6700714053,93188
6700712503,54336
67009254,53993
67009255,51487
67009261,54826
67009261A,54826
670000136,55106
67009252,55106
67009253,51552
67009250,51479
67009248,54882
670000088,55102
6700713316A,55102
67009251,53007
6700713994,53640
67009256,55240
67009257,51250
67009249,54878
6700117,51632
6700116,51632
6700109,51667
6700108,51667
6700121,51793
6700120,51793
6700118,51678
6700119,51678
670066,51588
670067,51588
6700115,51626
6700114,51626
6700100,51825
6700101,51825
670054,51674
6700712628,51674
670027,53947
670026,53947
670025,53945
670024,53945
670030,52736
670033,52527
670034,52527
670035,52394
670038,51848
670039,55249
670028,54215
670029,52736
670042,54137
6700712677,93102
670037,51808
670036,51808
670050,53937
6700122,51798
6700123,51798
6700125,51787
670082,51633
670083,51633
670048,53937
670049,53937
670086,51802
670087,51802
670080,51627
670081,51627
670075,51617
670074,51617
670084,51679
670085,51679
670062,51659
670063,51659
670065,51670
670064,51670
670044,54220
670046,53892
670047,53893
670043,55191
6700126,51791
670030063,53494
670051,53488
670045,54220
6700124,51787
6700129,51838
6700128,51838
6700127,51791
66903890005,26939
66903890004,26939
66903890003,26935
66903890002,26935
66903890009,26937
66903890008,26937
66903890007,26944
66903890006,26939
66907028023,25644
66907019005,26070
66907007005,25697
66907002900,26559
66908001900,97000
66907144018,25707
66907131018,26520
66907028024,25644
66903800020,26424
66903800019,26424
66903800018,27007
66903800017,27019
66903860011,26453
66903860010,26451
66903801016,27005
66903801015,27005
66903880002,26438
66903880001,26438
66903870013,26440
66903870012,26440
66903880009,26438
66903880008,26438
66903880007,27002
66903880006,27002
66909000005,26450
66909000004,27180
66909000003,26639
66909000002,26057
66909000009,26751
66909000008,26183
66909000007,26845
66909000006,26845
66909000013,25641
66909000012,26070
66909000011,26923
66909000010,26587
6690FALKRKG1,26267
6690CAMELON2,26077
6690CAMELON1,26077
66909000014,26256
66908005900,26283
66908004900,26037
66908003900,26301
66908002900,25931
66908009900,26991
66908008900,26857
66908007900,25946
66908006900,26016
66908013900,25733
66908012900,25766
66908011900,27122
66908010900,26857
66909000001,26114
66908016900,26591
66908015900,26209
66908014900,26225
66902800020,25928
66902760018,26577
66902220808,27080
66902220807,27080
669070000081,26283
669080029,26906
66903590012,25694
66903480020,25633
669070000085,26239
669070000084,26239
669070000083,26328
669070000082,26297
669070000105,26507
669070000090,26297
669070000089,26328
669070000086,26679
6690FALKRKH1,25930
6690FALKRKG4,26267
6690FALKRKG3,26301
6690FALKRKG2,26301
6690LARBERT2,26209
6690LARBERT1,26209
6690FALKRKH3,25931
6690FALKRKH2,25931
6690POLMONT2,26591
6690POLMONT1,26591
6690LARBERT4,26209
6690LARBERT3,26209
66901710303,26069
66901710302,26069
66901400013,26349
6690POLMONT3,26591
66903320042,25836
66903320041,25832
66902670009,26630
669023000011,27105
66901210009,26007
66901200900,25988
66901200037,25988
66901100024,26052
66901310009,26402
66901230009,25906
66901230001,25907
66901210010,26002
66901410900,26350
66901330014,25949
66901330013,25949
66901310020,26079
669070000113,25935
669070000112,27163
669070000111,27163
669070000110,26507
669070000117,11351
669070000116,11351
669070000115,27163
669070000114,27163
669070000149,26345
669070000147,25757
669070000137,25949
669070000136,25949
669070000401,27132
669070000395,25821
669070000380,25697
669070000379,25697
66903650006,26235
66903650001,26180
66903640019,26186
66903640018,26186
66903650010,26165
66903650009,26165
66903650008,26165
66903650007,26165
66903650014,26133
66903650013,26133
66903650012,26133
66903650011,26133
66903650020,26134
66903650019,26134
66903650017,26131
66903650016,26132
66903623002,26128
66903623001,26128
66903622004,26149
66903622003,26143
66903630002,26062
66903630001,26062
66903623004,26128
66903623003,26128
66903640002,26228
66903640001,26228
66903630004,26062
66903630003,26062
66903640017,26223
66903640005,26228
66903640004,26228
66903640003,26228
66903672039,26139
66903672013,26139
66903671009,26179
66903671008,26127
66903690003,25855
66903690002,25856
66903690001,25856
66903672040,26138
66903700025,26183
66903700010,26225
66903690005,25808
66903690004,25826
66903710005,26198
6690370012,26183
6690370011,26225
66903700026,26183
66903652011,26130
66903652010,26130
66903651003,26133
66903651002,26133
66903660010,26193
66903660009,26193
66903652015,26235
66903652013,26161
66903660023,26195
66903660022,26186
66903660021,26186
66903660020,26223
66903671006,26179
66903670008,26179
66903670007,26179
66903660024,26195
66903740006,26225
66903740005,26197
66903740004,26197
66903730010,26184
66903740027,26196
66903740018,26225
66903740017,26225
66903740015,26210
66903740031,26194
66903740030,26187
66903740029,26195
66903740028,26196
66903740035,26210
66903740034,26195
66903740033,26195
66903740032,26194
66903710011,26184
66903710008,26212
66903710007,26211
66903710006,26199
66903710015,26203
66903710014,26185
66903710013,26185
66903710012,26184
66903720006,26225
66903710018,26188
66903710017,26188
66903710016,26203
66903730009,26184
66903720009,26225
66903720008,26225
66903720007,26225
66903790006,26190
66903790005,26191
66903790004,26176
66903790003,26176
66903790304,26134
66903790303,26134
66903790302,26135
66903790301,26135
66903800002,26444
66903800001,26426
66903791008,26219
66903791007,26219
66903800014,26426
66903800005,27010
66903800004,27017
66903800003,26432
66903740043,26187
66903740042,26187
66903740041,26187
66903740037,26183
66903750003,26198
66903750002,26197
66903750001,26197
66903740044,26187
66903750014,26201
66903750013,26211
66903750012,26211
66903750011,26199
66903790002,26140
66903790001,26140
66903750016,26199
66903750015,26413
66903400007,25626
66903400006,25625
66903400005,25628
66903340023,25821
66903400029,25547
66903400010,25624
66903400009,25624
66903400008,25626
66903400033,25555
66903400032,25549
66903400031,25549
66903400030,25549
66903400038,25596
66903400036,25596
66903400035,25596
66903400034,25544
66903320038,25833
66903320037,25833
66903320036,25831
66903320035,25757
66903320045,25803
66903320044,25803
66903320040,25761
66903320039,25835
66903330030,25789
66903321043,25836
66903321042,25833
66903321041,25758
66903340022,25818
66903340017,25665
66903340016,25665
66903330031,25789
66903490022,25641
66903490021,25641
66903490020,25640
66903490019,25640
66903500004,25529
66903500003,25529
66903490024,25640
66903490023,25640
66903500008,25562
66903500007,25560
66903500006,25560
66903500005,25530
66903500012,25568
66903500011,25564
66903500010,25564
66903500009,25567
66903480003,25648
66903480002,25639
66903480001,25639
66903400039,25596
66903480013,25633
66903480012,25633
66903480011,25633
66903480004,25639
66903480017,25633
66903480016,25633
66903480015,25633
66903480014,25633
66903480023,25633
66903480022,25633
66903480021,25633
66903480018,25633
66903570014,25598
66903560002,25529
66903560001,25529
66903550041,25535
66903570028,25578
66903570017,25600
66903570016,25569
66903570015,25591
66903580001,25629
66903570031,25589
66903570030,25591
66903570029,25578
66903580020,25576
66903580019,25575
66903580018,25575
66903580002,25629
66903510023,25562
66903510022,25562
66903500037,25530
66903500013,25568
66903520026,25562
66903520025,25562
66903520024,25562
66903520023,25562
66903540026,25535
66903532001,25564
66903531001,25565
66903530025,25535
66903550040,25535
66903550028,25535
66903550027,25535
66903541041,25527
66903610006,26065
66903610005,26110
66903610004,26220
66903610003,26110
66903620036,26137
66903620005,26127
66903610008,26115
66903610007,26115
66903620102,25806
66903620101,25806
66903620038,26064
66903620037,26064
66903620602,26138
66903620601,26138
66903620104,25804
66903620103,26156
66903590013,25668
66903590004,25635
66903590003,25658
66903580021,25576
66903590019,25632
66903590018,25685
66903590015,25694
66903590014,25694
66903600012,26193
66903600011,26193
66903590023,25667
66903590022,25668
66903600018,26209
66903600017,26223
66903600016,26223
66903600014,26223
66903000030,25713
66903000025,25731
66903000024,25731
66903000021,25725
66903100034,25742
66903100033,25712
66903100032,25712
66903000031,25713
66903102900,25676
66903101902,25722
66903101900,25674
66903100035,25742
66903102904,25676
66903102903,25674
66903102902,25675
66903102901,25676
66902940026,26039
66902940008,25887
66902940007,25887
66902930018,25875
66902950029,25622
66902940031,25881
66902940030,25881
66902940027,26039
66902990004,25857
66902990003,25868
66902990002,25868
66902990001,25862
66903000020,25718
66902990024,25891
66902990006,25890
66902990005,25857
66903130021,25697
66903130006,25697
66903130005,25697
66903121004,25696
66903130029,25697
66903130028,25725
66903130027,25725
66903130026,25731
66903140017,25707
66903140016,25707
66903140015,25729
66903140014,25714
66903160022,25726
66903150037,25736
66903150036,25736
66903140019,25733
66903102910,25674
66903102908,25675
66903102906,25676
66903102905,25731
66903120001,25673
66903110901,25712
66903110900,25712
66903102912,25731
66903120042,25674
66903120024,25676
66903120020,25675
66903120002,25672
66903121003,25682
66903120045,25712
66903120044,25712
66903120043,25674
66903190010,25661
66903190009,25661
66903190008,25699
66903190007,25699
66903200002,25710
66903200001,25732
66903190012,25660
66903190011,25660
66903200007,25825
66903200005,25709
66903200004,25710
66903200003,25710
66903210008,25744
66903200046,25825
66903200013,25715
66903200012,25739
66903170007,25611
66903170006,25611
66903160900,25846
66903160023,25726
66903170038,25735
66903170010,25611
66903170009,25611
66903170008,25611
66903180001,25614
66903170041,25837
66903170040,25734
66903170039,25738
66903181005,25610
66903181004,25610
66903180011,25612
66903180003,25612
66903310014,25798
66903310003,25798
66903310002,25798
66903310001,25798
66903310018,25791
66903310017,25791
66903310016,25768
66903310015,25765
66903311013,25791
66903311004,25798
66903310021,25821
66903310020,25753
66903320034,25756
66903320033,25755
66903320032,25829
66903312900,25768
66903210012,25739
66903210011,25745
66903210010,25745
66903210009,25745
669032527234,27181
669032527232,27181
669032498,26969
66903210013,25739
66903300026,25766
66903300025,25791
66903300024,25754
66903300019,25791
66903300046,25791
66903300029,25790
66903300028,25790
66903300027,25770
670030005,51640
6700713110,51640
670030004,51648
6700300,51433
670030010A,51548
670030010,51548
6700713430A,51569
670030009,51569
6700713301,51888
670030028,51886
670030026,51861
670030027,51880
670040052B,53459
670030030,53454
670030029A,51890
670030029,51890
6700288,51352
670086444A,51344
670086444,51344
6700287,51344
6700291,51346
6700289,51340
6700290,51340
6700600183,51352
6700295,51348
6700294,51348
6700293,51348
6700292,51346
6700299,51433
6700298,51354
6700297,51354
6700296,51348
670030059,53499
670030058A,53488
670030058,53488
670030054,53562
6700303,51440
6700302,51435
6700301,51435
670030059A,53499
6700307,51452
6700306,51443
6700305,51443
6700304,51440
670032,52585
6700310,51453
6700309,51453
6700308,51452
670030044,93110
670030042A,93109
670030041,93106
670030039,93102
670030047A,54335
670030047,54335
670030046,54315
670030046A,54315
6700714022,53569
670030050,53569
670030049A,93065
670030049,93065
670030054A,53562
670030052,53537
670030052A,53536
670030051,53569
6700329,51239
6700328,51237
6700327,51237
6700326,51235
6700333,51115
6700332,51138
6700331,51138
6700330,51239
6700337,50887
6700336,51043
6700335,51043
6700334,51115
6700341,50869
6700340,50885
6700339,50885
6700338,50887
6700313,51467
6700312,51456
6700311,51456
670031,52585
6700317,51326
6700316,51321
6700315,51321
6700314,51467
6700322,51282
6700320,51311
6700319,51312
6700318,51326
6700325,51235
6700324,51232
6700323,51232
6700321,51282
6700359,54881
6700358,54881
6700357,54881
6700356,54881
6700364,54881
6700362,54881
6700361,54881
6700360,54881
6700367,54881
6700366,54881
6700365,54881
6700363,54881
6700371,51378
6700370,54881
6700369,54881
6700368,54881
6700343,51891
6700342,54243
6700712598,54243
670090008,50868
6700348,51890
6700346,51891
6700345,51891
6700344,51891
6700351,54881
6700350,51889
6700349,51889
6700347,51890
6700355,54881
6700354,54881
6700353,54881
6700352,54881
670085502,52013
670020019,52013
670020009,52541
670020009A,52541
670020023,51941
670020023A,51941
670020021,52010
670020021A,52010
6700202,52865
6700731966,52865
6700731967,52755
6700201,52755
6700712444,54003
6700204,54003
6700712474,52864
6700203,52864
6700194,53299
670090024,53298
6700712471A,50875
6700192,50873
670090005,50818
6700196,50818
670090001,54275
6700195,54275
6700198,52700
6700713253,52700
6700713093,53242
6700197,53242
6700200,52755
6700731968,52755
6700199,53250
6700111118,53250
6700214,52054
6700712940,52054
6700213,51462
6700712777,51462
6700217,51414
6700216,51414
6700215,53345
670090026,53345
670023,53531
670022,53531
6700219,51414
6700218,51414
6700222,51414
6700221,51414
6700600209,51414
6700220,51414
6700713139,50413
6700206,50413
6700205,52357
6700712362,52357
6700208,51479
6700712516,51479
6700600131,93239
6700207,93239
6700600169,51292
6700210,51292
6700209,50722
6700713112,50722
670085911,51348
6700212,51348
6700211,51414
6700600210,51414
6700242,51279
6700241,51279
6700240,54784
6700239,54784
6700246,51286
6700245,51286
6700244,51284
6700243,51284
6700250,51310
6700249,51310
6700248,51287
6700247,51287
6700254,51348
6700253,51348
6700252,51258
6700251,51258
6700226,54619
6700225,54619
6700224,54679
6700223,54679
6700229,54535
6700230,54535
6700227,54790
6700228,54790
6700234,54512
6700233,54512
6700232,54531
6700231,54531
6700238,54505
6700237,54505
6700236,54509
6700235,54509
6700272,53949
6700273,53949
6700270,52895
6700271,52895
6700277,54129
6700276,54129
6700275,54123
6700274,54123
6700280,51393
6700281,51393
6700279,93198
6700457,93198
6700285,51388
6700284,51388
6700283,51386
6700282,51386
6700257,54254
6700256,51424
6700255,51424
6700976,51424
6700261,54201
6700260,54211
6700259,54211
6700258,54254
6700264,54211
6700265,54211
6700263,54211
6700262,54201
6700269,53578
6700268,53578
6700267,53017
6700266,53017
67001015,50445
67001013,50420
67001012,50420
67001010,50411
67001019,50457
67001018,50446
67001017,50446
67001016,50445
670010201,54881
6700103,51772
6700102,51772
67001020,50457
670010204,55205
670010203,55196
670010202,55196
6700713984,54881
669070001137,25721
669070001136,25721
669070001017,25549
669070001016,25549
670000060,53527
670000061,53527
670000053,53727
670000052,53727
67001006,52349
670010031,55082
670010038,55097
670010104,50543
67001011,50411
67001009,52358
67001008,52358
67001007,52350
6700105,51771
67001038,50468
67001037,50468
67001036,50468
6700110,51589
6700106,51655
6700107,51655
6700104,51771
6700112,51613
6700714044,53519
6700111115,53519
6700111,51589
670013007A,54850
6700131,51746
6700130,51746
6700113,51613
67001021,50453
670010206,55137
670010207,55137
670010205,55205
67001027,50468
67001025,50420
67001026,50420
67001022,50453
67001032,50468
67001029,50468
67001030,50468
67001028,50468
67001035,50468
67001034,50468
67001033,50468
67001031,50468
6700151,54774
6700150,54766
6700149,54766
6700148,54768
6700155,54771
6700154,54772
6700153,54772
6700152,54774
6700160,54733
6700158,54733
6700157,54733
6700156,54771
6700161,54683
670016,53618
670017,53618
6700159,54733
6700135,51743
6700132,51744
6700133,51744
670013007,54852
6700139,51706
6700136,51706
6700137,51706
6700134,51743
6700600185,51230
670014,53430
670015,53430
6700138,51706
6700147,54768
6700146,54787
6700145,54787
6700140,51230
670019,53415
6700180,51708
6700179,51708
6700178,51707
6700713042,51709
6700181,51709
6700182,51709
670018,53415
6700187,54592
6700188,54592
6700185,51709
6700184,51709
6700191,54675
6700193,54675
6700189,54584
6700190,54584
6700165,51816
6700164,51816
6700163,51816
6700162,54683
6700169,51816
6700168,51816
6700167,51816
6700166,51816
6700173,51816
6700172,51816
6700171,51816
6700170,51816
6700177,51707
6700176,51812
6700175,51812
6700174,51816
66901910019,26658
66901910018,26658
66901910017,26679
66901910016,26686
66902110001,26832
66901940900,26504
66901910021,26696
66901910020,26693
66902120006,26804
66902120005,26803
66902120004,26783
66902120003,26804
66902170021,26901
66902170020,26901
66902140026,26919
66902120902,26803
66901580008,26810
66901520015,26977
66901520014,26644
66901500036,26253
66901750033,26297
66901750029,26298
66901750020,26239
66901580019,26256
66901850045,26338
66901850044,26338
66901750227,26239
66901750226,26239
66901880030,26357
66901880007,26364
66901880006,26364
66901850047,26298
66903200047,25853
66903200006,25716
66903180002,25612
66902781900,27055
66903311008,25798
66903311007,25798
66903311006,25798
66903311005,25798
66903311012,25791
66903311011,25700
66903311010,25700
66903311009,25798
66903652014,26235
66903652012,26161
66903622900,26128
66903600900,26411
66902180018,26735
66902180007,26735
66902170023,26915
66902170022,26919
66902180027,26906
66902180021,26735
66902180020,26735
66902180019,26735
66902602013,26637
66902601003,26577
66902601002,26637
66902411900,27190
66902740027,26196
66902640014,26572
66902603015,26595
66902603014,26568
669070000868,26454
669070000867,26454
669070000866,26471
669070000865,26471
669070000872,25859
669070000871,25859
669070000870,25872
669070000869,25872
669070000876,25900
669070000875,97000
669070000874,25889
669070000873,25889
669070000880,25902
669070000879,25901
669070000878,25901
669070000877,25900
66907010018,25952
66903740009,26183
66903740008,26225
66903740007,26225
669070000855,25925
669070000854,25925
669070000853,25921
669070000848,25921
669070000860,26482
669070000859,26482
669070000858,25922
669070000857,25922
669070000864,26468
669070000863,26468
669070000862,26469
669070000861,26469
669070000900,25562
669070000899,27073
669070000898,27073
669070000897,25751
669070000906,26423
669070000904,26423
669070000903,26423
669070000902,25535
669070000911,27068
669070000910,27068
669070000909,10940
669070000908,10940
669070000917,26264
669070000916,26266
669070000915,26248
669070000914,26247
669070000884,27050
669070000883,25904
669070000882,25904
669070000881,25902
669070000888,27070
669070000887,27055
669070000886,27055
669070000885,27050
669070000892,25746
669070000891,27053
669070000890,27053
669070000889,27070
669070000896,25751
669070000895,25749
669070000894,25749
669070000893,25746
6700650,50686
6700649,50698
6700648,50698
6700647,50703
6700653,50685
6700652,50685
6700712346,50685
6700651,50686
6700713354,50681
6700656,50684
6700655,50684
6700654,50685
6700660,50675
6700659,50680
6700658,50680
6700657,50681
6700633,50441
6700632,50722
6700631,50722
6700630,50722
6700637,50497
6700636,50493
6700635,50493
6700634,50441
6700641,50512
6700640,50498
6700639,50498
6700638,50497
6700646,50703
6700644,50703
6700643,50703
6700642,50512
6700673,50674
6700674,50674
6700672,50635
6700671,50635
6700678,50614
6700677,50614
6700675,50672
6700676,50672
670068,51594
670069,51594
6700680,50615
6700679,50615
6700683,50596
6700684,50596
6700682,50615
6700681,50615
6700664,50658
6700663,50669
6700662,50669
6700661,50675
6700668,50660
6700667,50662
6700666,50662
6700665,50658
6700670,50648
6700713396A,50648
6700713396,50648
6700669,50659
670072,51598
670073,51598
6700712404,52242
670072005,52242
6700702,52298
6700701,52298
670071,51602
670070,51602
6700706,52269
6700705,52269
6700704,52262
6700703,52262
6700709,52096
6700711,52096
6700707,52099
6700708,52099
6700711979,54606
6700711979A,54606
6700711424,55206
6700712424A,55205
6700688,50552
6700687,50552
6700686,50534
6700685,50534
6700692,50523
6700691,50523
6700690,50535
6700689,50535
6700695,50509
6700712312,50509
6700694,50506
6700693,50506
6700699,50492
6700698,50492
6700697,50510
6700696,50510
6700712,52095
6700713,52095
6700711997,55205
6700711997A,55205
6700712317,52030
6700714147,52030
6700712308A,54824
6700712308,54824
6700712331A,54791
6700712331,54791
6700715002,52864
6700712323,52864
6700712337A,53830
6700712337B,53830
6700712332,52783
6700712332A,52783
6700711981,55114
6700711982,55114
6700711980A,55115
6700711980,55115
6700711984,55114
6700711984A,55114
6700711983,55114
6700711983A,55114
6700711993A,55204
6700711993,55204
6700711985,55123
6700711985A,55114
6700711996,55224
6700711996A,55224
6700711995A,55224
6700711995,55197
6700586,50514
6700585,50514
6700584,50514
6700583,50514
6700590,50723
6700714167,50723
6700587,50514
6700588,50514
6700594,50693
6700593,50693
6700592,50693
6700591,50693
6700598,50723
6700597,50723
6700595,50723
6700596,50723
6700572,50421
6700571,50421
6700570,50421
6700569,50421
6700576,50421
6700575,50421
6700574,50421
6700573,50421
6700580,50469
6700579,50469
6700577,50421
6700578,50421
6700582,50486
6700581,50486
670000058,53527
670000059,53527
6700713255,51413
6700600171,51406
6700600172,51406
6700600128,93251
6700600180,51416
6700713260,51412
6700600175,51412
6700600174,51413
6700714181,51396
6700600180E,51421
6700600181,51421
6700600179,51416
6700600204,51414
6700600203,51414
6700600202,51414
6700600182,51396
670060,51662
670061,51662
6700600,50723
6700599,50723
6700600031,93147
6700600030,93146
6700600028,93153
6700600027,93152
6700600085,53510
6700600045,53510
6700600034,93046
6700600033,93046
6700600129,93251
6700600090,53588
6700600089,53588
6700600087,53420
670061017A,53819
670061016,53815
6700610016,53815
670061012,53274
670061020A,53971
670061019,53976
670061018,53972
670061017,53823
670061031,54170
670061030,54170
670061030A,54170
670061020,54007
670061036,54003
670061034,54003
670061035A,54003
670061032,54175
6700713265,51414
6700600207,51414
6700600206,51414
6700600204A,51414
6700603,50723
6700602,50723
6700601,50723
6700600208,51414
6700609,50723
6700606,50694
6700605,50694
6700604,50723
6700610012A,53273
670061006A,53715
670061006,53719
6700610,50723
6700618,50722
6700713221,50722
6700617,50722
6700616,50722
6700621,50722
6700619,50722
6700620,50722
6700713113,50722
6700626,50722
6700623,50722
6700624,50722
6700622,50722
6700629,50722
6700628,50722
6700627,50722
6700625,50722
670061038A,54003
670061037A,54003
670061037,54003
670061036A,54003
670061047,53111
670061041,53040
670061041A,53040
670061038,54003
6700611,50742
670061048A,53106
670061048,53106
670061047A,53110
6700615,50722
6700614,50742
6700613,50742
6700612,50742
6700490,50696
6700489,50702
6700488,50702
6700486,50705
6700494,50577
6700492,50693
6700493,50693
6700491,50696
6700498,50569
6700496,50570
6700713431,50570
6700495,50577
670000051,53727
6700499,50560
6700500,50560
6700497,50569
6700474,50775
6700475,50775
6700473,50784
6700712901,50784
6700478,50772
6700479,50772
6700476,50773
6700477,50773
6700482,50725
6700483,50725
6700480,50721
6700481,50721
6700645,50705
6700487,50705
6700484,50710
6700485,50710
6700507,50514
6700508,50514
6700505,50514
6700506,50514
6700510,50514
6700511,50514
6700712403,50514
6700509,50514
6700514,50468
6700515,50468
6700513,50468
6700512,50468
6700519,50468
6700518,50468
6700517,50468
6700516,50468
670050003,54518
670050001,54516
670050002,54516
670000050,53727
670050007,54520
670050006,54519
670050005,54519
670050004,54518
6700501,50492
6700714163,50492
6700712920,50492
670050008,54520
6700731958,50514
6700504,50514
6700502,50514
6700503,50514
6700712508,50421
6700530,50421
670030002,51769
670053,51769
6700534,50468
6700533,50468
6700532,50468
6700531,50468
6700538,50468
6700537,50468
6700535,50468
6700536,50468
6700542,50467
6700541,50467
6700539,50468
6700540,50468
6700521,50468
6700520,50468
670052,51768
670030022,51768
670080030,52919
6700523,52919
6700712872,52790
6700522,52790
6700713133,50421
6700526,50421
6700524,52921
670080029,52921
6700529,50421
6700713525,50421
6700527,53574
6700589,53574
670030003,51653
6700559,50421
6700558,50421
6700557,50421
6700560,50421
670057,51651
670058,51651
670056,51653
6700564,50427
6700563,50427
6700561,50421
6700562,50421
6700568,50421
6700567,50421
6700566,50427
6700565,50427
6700545,50468
6700546,50468
6700544,50468
6700543,50468
670055,51840
6700548,50468
6700549,50468
6700547,50468
6700553,50468
6700550,50468
6700551,50468
6700712476,51839
6700556,50421
6700554,50468
6700555,50468
6700552,50468
6700392,51064
6700600161,51064
6700390,51050
6700389,51050
6700395,51332
6700394,51332
6700600166,51183
6700393,51183
6700399,51338
6700398,51338
6700396,51333
6700397,51333
670040004,53522
670040003,53522
6700600170,51339
6700400,51339
6700714209,51371
6700377,51371
6700714208,51371
6700713355,51459
6700381,51378
6700380,51378
6700379,51375
6700378,51375
6700384,51463
6700385,51463
6700383,51459
6700382,51459
6700388,50710
6700712976,50710
6700387,51466
6700386,51466
6700407,51062
6700405,51062
6700404,51062
6700406,51062
6700411,51026
6700409,51062
6700712849,51062
6700408,51062
6700414,50999
6700412,51008
6700413,51008
6700410,51026
6700418,50950
6700417,50952
6700416,50952
6700415,50999
670040048A,53450
670040048B,53450
670040047A,53589
670040047B,53447
670040050A,53450
670040050B,53449
670040054B,53460
670040054A,53461
670040053B,53461
670040053A,53461
670040051A,53590
670040051B,53590
6700403,51063
6700402,51063
670040063,53460
670040067,53689
6700600147,51006
6700712758,50999
6700431,50999
6700428,51000
6700435,51027
6700600145,51027
6700433,51027
6700432,51006
6700714198,51194
6700600165,51194
6700437,51194
6700436,51027
6700440,51195
6700441,51195
6700439,51195
6700438,51195
6700712845,50948
6700714177,50948
6700419,50948
6700712330,50950
6700422,50946
6700423,50946
6700421,50949
6700420,50949
6700425,50939
6700713068,50939
6700424,50942
6700713070,50942
6700429,51000
6700430,51000
6700427,50997
6700426,50997
6700461,50808
6700713150,50808
6700459,50865
6700460,50865
6700465,50804
6700464,50804
6700462,50805
6700463,50805
6700467,50802
6700468,50802
6700466,50803
6700713152,50803
6700471,50798
6700712922,50798
6700469,50799
6700470,50799
6700443,51195
6700444,51195
6700712755,51187
6700442,51187
6700448,51058
6700447,51057
6700446,51054
6700445,51054
6700451,53146
6700452,53146
6700450,51064
6700449,51064
6700456,53156
6700455,53156
6700454,53147
6700453,53147
6700840,52289
6700837,52288
6700838,52288
6700835,52389
6700843,52227
6700841,52232
6700842,52232
6700839,52289
6700847,52231
6700846,52230
6700845,52230
6700844,52227
670084735,51709
670084734,51710
670084734A,51710
6700848,52231
6700824,52596
6700821,52684
6700822,52684
6700819,52683
6700828,52592
6700826,52593
6700825,52593
6700823,52596
6700832,52594
6700829,52591
6700830,52591
6700827,52592
6700836,52389
6700833,52474
6700834,52474
6700831,52594
670085089A,52686
670085089,52686
670084948,93236
6700600130,93233
6700852,52158
6700851,52158
670085091A,93256
670085091,93256
670085102,55027
670010039,55027
670085101A,55081
670085101,55081
670090009,50870
670085273,50870
670085158,51032
670085158A,51032
670084747,52123
670084737,51856
670084737A,51856
670084735A,51709
670084841,51427
670084748A,55160
670084748,55160
670084747A,52123
6700850,52231
6700849,52231
670084887A,53183
670084887,53183
670084946,51865
670084946A,51865
670084908A,54601
670084908,54601
670085465C,55172
670085645,55168
670085645B,55170
670085645A,55167
6700712859,51975
670085694,55102
670085694A,55102
6700713316,55102
670000005,53642
6700858,51976
6700859,51976
6700857,51975
670085865B,53642
670085865C,53642
670085865D,53642
670085865E,53642
670085286,52462
670085286A,52462
670085273B,50870
670085273A,50870
670085353,51226
6700712497,51226
6700853,52070
6700854,52070
670085415A,52244
670085415,52244
670085399A,54238
670085339B,54238
6700856,52066
6700855,52066
670085474A,55378
670085474,55378
6700869,52257
670086751,52316
6700713421,52316
6700866,52284
670086852,51410
670086846A,55284
670086846,55284
6700868,52257
670087031A,93210
6700870,52213
6700871,52213
6700714202,51410
6700875,52209
6700872,52210
6700873,52210
670087031,93210
670085865G,53642
670085865,53642
670085865A,53642
670085865F,53642
670086051,52753
670086051A,52753
6700861,52377
6700860,52377
670086397C,51721
670086397A,51721
6700863,52287
6700862,52287
6700867,52284
6700865,52286
6700864,52286
670086397,51721
6700736,52360
6700735,52360
6700733,51982
6700732,51982
6700740,52360
6700739,52360
6700738,52360
6700737,52360
6700742,52360
6700713048,52360
6700741,52360
6700712405,52360
6700746,52360
6700745,52360
6700743,52360
6700744,52360
6700729,51989
6700726,52003
6700727,52003
6700731986,52001
6700731696,52335
6700730,51988
6700731,51988
6700728,51989
6700731942A,54606
6700731942,54606
6700731940A,54203
6700731940,54203
6700731954A,52348
6700731954,52347
6700731953,54579
6700731953A,54579
6700762,52360
6700763,52360
6700761,52360
6700712343,52360
6700712321,50418
6700766,52198
6700765,52198
6700764,52360
6700712402,50418
6700768,50416
6700769,50416
6700767,50418
6700774,50417
6700771,50418
6700772,50418
6700770,50418
6700748,52360
6700749,52360
6700712313,52360
6700747,52360
6700753,52360
6700752,52360
6700751,52360
6700750,52360
6700756,52360
6700755,52360
6700754,52360
6700713047,52360
6700760,52360
6700759,52360
6700758,52360
6700757,52360
6700794,52181
6700791,52180
6700792,52180
6700790,52172
6700798,52103
6700796,52175
6700795,52175
6700793,52181
670080010,53272
6700800,52095
6700799,52095
6700797,52103
670080015,53265
670080013,53268
670080012,53268
670080011,53272
6700778,52268
6700775,52267
6700776,52267
6700773,50417
6700782,52198
6700780,52241
6700779,52241
6700777,52268
6700786,52191
6700783,52197
6700784,52197
6700781,52198
6700789,52172
6700787,52172
6700788,52172
6700785,52191
6700807,52082
6700805,52088
6700806,52088
6700804,52094
6700812,52178
6700809,52073
6700810,52073
6700808,52082
6700815,52666
6700814,52665
6700813,52665
6700811,52178
6700820,52683
6700817,52681
6700818,52681
6700816,52666
670080032,52931
670080033,52929
6700714218,52928
670080014,53265
6700712520A,53043
670080036,52956
670080035,52956
6700714219,52928
670080082,53037
6700712520B,53040
670080080,53040
670080078,53042
6700803,52094
6700801,52095
6700802,52095
670080081,53037
6700713408,54779
6700713407A,55036
6700713407,55036
6700713366,53373
6700713419,55075
6700713410A,93183
6700713410,93183
6700713408A,54779
6700713440A,53833
6700713426,52973
6700713426A,52948
6700713419A,55075
6700713445A,53829
6700713442A,51414
6700713442,51414
6700713440B,53833
6700713263,51414
6700713238,51503
6700713238A,51503
6700713237A,54003
6700713335,53111
6700713317,93226
6700713303,93241
6700713264,51414
6700713338,55380
6700713336,93179
6700600126,93177
6700713335A,53111
6700713366A,53373
6700713353A,50620
6700713353,50620
6700713338A,55380
6700713844A,53160
6700713844,53160
6700713843A,53274
6700713843,53273
6700713852A,55275
6700713852,55275
6700713847A,54160
6700713847,54160
6700713911,53614
6700713991,53611
6700713863A,53432
6700713863,53432
6700713965,55151
6700713965A,55151
6700713933,53398
6700713933A,53398
6700713488,54859
6700713448A,50741
6700713448,50741
6700713445B,53829
6700713499A,54400
6700713489A,52520
6700713489,52520
6700713488A,54859
6700713509,93227
6700713508A,54045
6700713508,54045
6700713499,54400
6700713518,53831
6700713518A,53831
6700713512A,93106
6700600129A,93227
6700714048A,93215
6700714048,93215
6700714043,55098
6700714042,55098
6700714072A,54003
6700714072,54003
6700714071A,54003
6700714071,54003
6700714104,55420
6700714105,55420
6700714103,93261
6700714102,93261
6700714119,51863
6700714118,51863
6700714114,51894
6700714115,51894
6700713970A,55138
6700713970,55138
6700713966,55151
6700713966A,55151
6700713975A,55197
6700713975,55197
6700713972,55141
6700713972A,55141
6700714015,53957
6700714016,53957
6700715,52095
6700714,52095
6700714035,51429
6700714036,51429
6700714020,53957
6700714021,53956
6700714233,51561
6700714234,51561
6700714206,51414
6700714205,51414
6700718,52094
6700719,52094
6700717,52095
6700716,52095
670072007,52481
6700721,51991
6700722,51991
6700720,51991
6700725,52001
6700724,52002
6700723,51991
6700712462,52479
6700714165,50767
6700714164,50767
6700714152,54899
6700714153,54899
6700714179,51322
6700714178,51322
6700714170,51179
6700714169,51179
6700714189,51414
6700714190,51414
6700714187,51414
6700714188,51414
6700714200,51414
6700714199,51414
6700714191,51414
6700714192,51414
6700712400,54863
6700712394,93254
6700712394A,93254
6700714210,51439
6700712409A,54205
6700712406,51928
6700712406A,51928
6700712400A,54863
6700712416,51941
6700712409C,54205
6700712409D,54205
6700712409B,54205
6700712427A,54023
6700712422,52721
6700712422A,52721
6700712416A,51941
6700712349,52061
6700713871,52061
6700712340B,53350
6700712340A,53350
6700712356,93112
6700714146,52031
6700712351B,54203
6700712351A,54203
6700472,50786
6700712357A,53199
6700712357,53199
6700712356A,93112
6700712383,51439
6700712382A,51947
6700712382,51948
6700714176,50786
6700712459A,54003
6700712455A,51263
6700712455,51263
6700712451A,53375
6700714213,51269
6700712465A,51006
6700712465,51006
6700712459,54003
6700712478A,54243
6700712473A,54211
6700712473,54211
6700712472,51269
6700712480,52578
6700714185,51459
6700712479,51459
6700712478B,54243
6700712430A,52971
6700712427C,54024
6700712472D,54024
6700712427B,54023
6700712440,50776
6700712436A,50770
6700712436,50771
6700712430,52938
6700712446A,54003
6700712441A,52648
6700712441,52648
6700712440A,50776
6700712451,53375
6700712448,54519
6700712448A,54519
6700712446,54003
6700712533,52658
6700712527A,55152
6700712527,55152
6700712526A,55148
6700712543A,50617
6700712536A,93245
6700712536,93245
6700712533A,52658
6700712549A,54779
6700712545,53109
6700712545A,53109
6700712543,50617
6700712552,51974
6700712550,54137
6700714014,54137
6700712549,54779
6700712486A,55204
6700712487,55204
6700712485,55206
6700712480A,52578
6700712504B,53279
6700712493,51636
6700714124,51636
6700712486,55204
6700712515,51479
6700712505A,54883
6700712505,54883
6700712504A,53279
6700712526,55148
6700712522,52821
6700712522A,52821
6700714130,51479
6700713173A,51327
6700713173,51327
6700713161A,52664
6700713161,52664
6700458,51606
6700713230A,51606
6700713225A,55127
6700713225,55127
6700713232A,52334
6700713231A,51314
6700713231,51314
6700713230,51605
6700713237,54003
6700713235,51506
6700713235A,51516
6700713232,52334
6700712751,51272
6700712709A,51365
6700712709,51364
6700712552A,51974
670030001,51737
6700712827,53519
6700712827A,53519
6700712472A,51272
6700713091A,54881
6700713091,54881
670059,51762
6700713055,51738
6700713109,51643
6700714128,51643
6700713103A,54203
6700713103B,54203
680000212444,3303
680000212333,3303
680000213333,3368
680000213444,3368
680000983222,2234
680000983111,2234
680000984222,2091
680000984111,2091
680000050222,2094
680000050111,2094
680000987111,2124
680000987222,2124
680000554444,3370
680000554333,3370
680000181444,3339
680000181333,3339
680000101501,2728
680000101502,2728
680000398222,2724
680000125444,2716
680000101503,2727
680000101504,2723
680000399222,2718
680000399111,2718
680000400333,2739
680000400444,2739
680000399501,2738
680000399502,2738
680001261444,2739
680000672444,2718
680000672333,2718
680000401501,2723
680000094504,2089
680000932333,2087
680000010501,3106
680000010508,3106
680000931333,2082
680000094333,2089
680000094444,2089
680000094503,2089
680000932444,2087
680000934444,2051
680000934333,2051
680000931444,2082
680000778222,2625
680000127333,2623
680000127444,2623
680000094505,2089
680001011444,2266
680001011333,2266
680000182444,3344
680000182333,3344
680000010511,2983
680000101509,2983
680000067222,2259
680000067111,2259
680000010505,2970
680000101510,2983
680000010512,2983
680000010503,2990
680000010502,3106
680000010504,2982
680000010506,2982
680000010507,2983
680000890111,1631
680000895222,1613
680000895111,1613
680000889111,1647
680000301111,1645
680000888222,1644
680000889222,1647
680000890222,1631
680000859111,1719
680000859222,1719
680000301501,1650
680000301222,1650
680000861222,1715
680000296222,1698
680000860222,1708
680000860111,1708
680000140111,1115
680000140501,1116
680000140222,1115
680000778111,2625
680000587444,3930
680000587333,3930
680000588333,3928
680000588444,3928
680000297222,1671
680000297111,1671
680005014222,3877
680005014111,3877
680000885222,1641
680000885111,1641
680000886111,1651
680000886222,1651
69001009,5859
69001008,5830
69001007,5828
69001006,5832
69001012,5838
69001011,5858
69001010,5859
6900101,5139
69001016,5841
69001015,5841
69001014,5841
69001013,5841
69001020,5756
69001019,5760
69001018,5836
69001017,5841
680000298223,3641
680000178502,3649
680000003501,3239
680000861111,1715
680000168666,3306
680000168555,3306
680000113333,2484
680000113222,2485
69001000,4964
6900100,5139
680000113224,3992
680000113223,3992
69001005,5828
69001003,5801
69001002,5801
69001001,5801
680000734502,1343
680000722111,1263
680000733333,1309
680000088506,1257
680000311333,1250
680000311444,1250
680000734503,1343
680000734501,1310
680000310111,1296
680000310222,1296
680000724501,1248
680000724502,1276
680000716111,1333
680000846444,1319
680000846333,1319
680000319505,1248
680000308444,1344
680000839444,1277
680000839333,1277
680000737333,1277
680000725333,1276
680000309333,1295
680000309444,1249
680000741222,1277
680000736444,1340
680000736333,1255
680000736501,1241
680000723501,1249
680000743222,1307
680004024111,1297
680004024222,1297
680000088501,1258
680004021111,1246
680000316222,1248
680004021222,1246
680000315111,1248
680000731444,1269
680000747222,1304
680000747111,1304
680000740444,1277
680000736502,1275
680000736503,1275
680000734444,1310
680000734333,1310
680000735222,1309
680000735111,1309
680000726111,1297
680000088505,1277
680000313501,1276
680000716501,1330
680000716222,1333
680000716502,1325
680000745111,1304
680000745222,1304
680000313502,1276
680000315222,1248
680000314444,1277
680000325501,1277
680000723502,1249
680000723512,1249
680000325504,1277
680004025444,1277
680000728444,1257
680000314333,1277
680000715222,1346
680000732333,1239
680000732444,1239
680000088510,1317
680000728502,1277
680000321501,1310
680000321502,1310
680000715111,1346
680000324501,1307
680000323501,1304
680000738444,1277
680000728501,1277
680000088502,1253
680000088503,1253
680000721111,1313
680000324502,1307
680000319501,1304
680000742444,1277
680000322444,1277
680000322333,1277
680000319503,1316
680000317501,1304
680000317503,1316
680000319504,1316
680000088508,1289
680000727111,1257
680000318222,1276
680000317502,1304
680000320111,1257
680000320222,1257
680000088507,1252
680000088504,1252
680000231222,56090
680000208222,56095
680000208111,56095
680000210111,56100
680000231502,56099
680000231506,56099
680000231505,56099
680000231111,56090
680000035333,2817
680000801333,2804
680000801444,2804
680000231501,56099
680000125333,2716
680000351444,2817
680000351333,2817
680000035444,2817
680000744222,1304
680000744111,1304
680000730222,1267
680000730111,1267
680000325506,1277
680000325503,1277
680000326333,1277
680000729444,1257
680000018501,2958
680000018504,2971
680000018502,2958
680000325502,1277
680000210222,56100
680000231503,56094
680000231504,56093
680000018503,2963
680000279504,1377
680000828111,1372
680000828222,1372
680000279503,1372
680000015501,3010
680000015502,3091
680000279111,1377
680000279222,1377
680000191222,3607
680000191111,3607
680000190222,3882
680000190111,3882
680000030444,2774
680000786444,2774
680000787111,2662
680000787222,2662
680000032111,2655
680000791111,2648
680000791222,2648
680000790111,2649
680000172333,3460
680000172444,3460
680000219444,3985
680000219333,3985
680000189222,1233
680000604222,1233
680000172503,3460
680000172504,3460
680000830111,1388
680000279501,1377
680000279502,1377
680000189111,1233
680000135506,1035
680000686222,1046
680000686111,1046
680000135502,1031
680000135511,1032
680000135514,1040
680000135515,1039
680000135507,1029
680000802444,2803
680000802333,2803
680000135513,1043
680000135510,1029
680000079504,3364
680000036444,2696
680000959333,2689
680000959444,2689
680000031222,2659
680000031111,2659
680000030333,2776
680000786333,2774
680000685333,1052
680000135504,1035
680000135505,1034
680004037501,1055
680000685222,1047
680000685111,1047
680000135512,1029
680000135503,1034
680000135501,1031
680004037502,1040
680000135509,1039
680000135508,1039
680000785333,2777
680000785444,2777
680000784222,2873
680000784111,2873
680000781111,2877
680000781222,2877
680000782222,2874
680000782111,2874
680000180501,3953
680000180502,3953
680000783222,2873
680000783111,2873
680004017444,2586
680004017333,2586
680000180111,3953
680000180222,3953
680000609111,3589
680000204111,3367
680000204222,3367
680000079503,3364
680000300503,1654
680000193222,3587
680000193111,3587
680000609222,3589
680000300222,1662
680000300501,1662
680000300502,1662
680000300504,1639
680000029501,2873
680000884111,1663
680000884222,1663
680000300111,1662
680001022444,2025
680001022333,2025
680001023333,2012
680001025222,2027
680000827111,1376
680000278111,1385
680001023503,2014
680001023504,2014
680000278501,1376
680000826222,1280
680000826111,1280
680000827222,1376
680000737444,1277
680000088509,1310
680000278222,1385
680000278502,1376
680000206222,56104
680000206111,56104
680000057444,2587
680000057333,2587
680001024111,2021
680001024222,2021
680000201111,3435
680000201222,3435
680001020111,2018
680000072222,2011
680000072111,2011
680001023444,2009
680001025111,2027
680000074111,2037
680000074222,2037
680001020222,2018
680000516111,3608
680000516222,3609
680000517222,3611
680000517111,3610
680000109222,2836
680000661111,2836
680000661222,2836
680000234222,56061
680000059444,2436
680000319502,1304
680000323502,1304
680000109111,2836
680000998444,2498
680000999333,2510
680000999444,2510
680000059333,2436
680000330501,1776
680000334111,1723
680000331222,1780
680000272222,1607
680000272111,1607
680000330502,1773
680000330503,1776
680000340222,1728
680000037501,1763
680000856111,1750
680000856222,1750
680000343222,1783
680000334222,1743
680000342444,1765
680000342333,1765
680001016111,2276
680001016222,2276
680000623222,2175
680000623111,2175
680000269111,1600
680000269222,1600
680000076111,2180
680000076222,2180
680000116222,2755
680000116111,2755
680000121111,2629
680000121222,2629
680000120222,2754
680000120111,2754
680000114501,2632
680000114502,2632
680000913444,1804
680000061333,2520
680000061444,2520
680000998333,2498
680000252111,2869
680000039444,1807
680000039333,1807
680000913333,1804
680000199222,3378
680000080111,3379
680000080222,3379
680000252222,2869
680001017111,2277
680001017222,2277
680000199111,3378
680004012111,3379
680000869222,1493
680000867333,1545
680000867444,1545
680000304111,1468
680000866444,1471
680000869111,1493
680000303111,1493
680000303222,1493
680000277501,1316
680000304333,1474
680000304444,1473
680000866333,1471
680000749222,1304
680000749111,1304
680000277505,1316
680000277502,1316
680000114333,2640
680000114444,2638
680000122111,2629
680000122222,2629
680000714111,1002
680000714222,1002
680000115222,2753
680000115111,2753
680000836111,1415
680000836222,1415
680000834222,1411
680000834111,1411
680000281111,1411
680000281222,1411
680000835222,1415
680000835111,1415
680000947222,2253
680000947111,2253
680000947444,2251
680000947333,2251
680000545444,3892
680000545333,3892
680000545502,3885
680000545501,3885
680000049501,2106
680000049502,2106
680000049222,2105
680000049111,2105
680000790222,2649
680000048111,2111
680004020111,2111
680000048222,2111
680000752111,1304
680000850111,1316
680000850222,1316
680000277509,1316
680000277507,1316
680000750111,1304
680000750222,1304
680000752222,1304
680000277503,1316
680000277506,1316
680000277111,1316
680000277508,1316
680000247111,3665
680000534444,3665
680000534333,3665
680000277504,1316
69001426,5376
69001425,5376
69001424,5376
69001423,5376
69001430,5376
69001429,5376
69001428,5376
69001427,5376
69001434,5397
69001433,5397
69001432,5376
69001431,5376
69001444,4485
69001437,5669
69001436,5669
69001435,5534
69001410,4264
69001409,4109
69001408,4096
69001407,4096
69001414,4425
69001413,4425
69001412,4412
69001411,4412
69001418,5388
69001417,5388
69001416,4522
69001415,4522
69001422,5378
69001421,5378
69001420,5383
69001419,5383
69001464,4730
69001463,4774
69001462,4797
69001461,4796
69001468,3999
69001467,3999
69001466,3999
69001465,4799
69001472,5061
69001471,5060
69001470,5061
69001469,3999
69001476,5187
69001475,5187
69001474,4861
69001473,4861
69001448,5553
69001447,4964
69001446,4964
69001445,4410
69001452,5545
69001451,5545
69001450,5542
69001449,5553
69001456,5699
69001455,5699
69001454,5549
69001453,5549
69001460,4560
69001459,5301
69001458,5296
69001457,5298
69001498,4506
69001497,4506
69001496,4674
69001495,4701
69001503,4611
69001502,4860
69001501,4860
69001499,4860
69001507,5333
69001506,4611
69001505,4611
69001504,4611
69001511,5718
69001510,4767
69001509,4768
69001508,5333
69001480,5217
69001479,5217
69001478,5381
69001477,5381
69001484,4205
69001483,4208
69001482,5333
69001481,5333
69001490,5299
69001489,5326
69001488,5324
69001485,5298
69001494,5299
69001493,5299
69001492,5304
69001491,5299
69001535,4935
69001534,4935
69001533,5070
69001532,5070
69001539,4906
69001538,4906
69001537,4937
69001536,4937
69001543,5076
69001542,5076
69001541,5076
69001540,5076
69001547,4296
69001546,4196
69001545,5075
69001544,5075
69001517,4798
69001514,5717
69001513,5717
69001512,5718
69001523,5378
69001522,5789
69001521,5794
69001520,5432
69001527,4592
69001526,5796
69001525,5431
69001524,5378
69001531,5068
69001530,5068
69001529,5068
69001528,5068
69001298,4357
69001297,4357
69001296,4352
69001295,4353
69001302,4370
69001301,4374
69001300,4468
69001299,4468
69001306,5424
69001305,4369
69001304,4368
69001303,4368
6900131,5805
69001309,4227
69001308,4227
69001307,4219
69001283,5377
69001282,5316
69001281,5316
69001280,5692
69001287,4326
69001286,5758
69001285,5557
69001284,5377
69001290,4314
6900129,5801
69001289,4315
69001288,4326
69001294,4330
69001293,4330
69001292,4332
69001291,4332
69001328,5415
69001327,5481
69001326,5437
69001325,5389
69001332,5453
69001331,5453
69001330,5421
69001329,5453
69001336,5520
69001335,5519
69001334,5525
69001333,5525
69001340,5712
69001339,5712
69001338,5746
69001337,5746
69001313,4160
69001312,4231
69001311,4218
69001310,4228
69001317,4145
69001316,4145
69001315,4156
69001314,4160
69001320,5390
6900132,5805
69001319,4434
69001318,4435
69001324,5390
69001323,5389
69001322,5389
69001321,5389
69001360,5794
69001359,5794
69001358,5794
69001357,5748
69001364,5258
69001363,5258
69001362,5257
69001361,5790
69001368,5164
69001367,5164
69001366,5164
69001365,5164
69001372,5755
69001371,5755
69001370,4795
69001369,4795
69001344,5791
69001343,5792
69001342,5791
69001341,5798
69001348,5763
69001347,5764
69001346,5789
69001345,5789
69001352,5706
69001351,5706
69001350,5708
69001349,5708
69001356,5748
69001355,5712
69001354,5712
69001353,5707
69001394,4867
69001393,4867
69001392,5389
69001391,5389
69001398,5408
69001397,5408
69001396,5389
69001395,5389
69001402,3992
69001401,3992
69001400,5409
69001399,5389
69001406,4064
69001405,4064
69001404,4114
69001403,4117
69001377,4758
69001376,4758
69001375,5833
69001373,5828
69001381,5201
69001380,5201
69001379,5209
69001378,4845
69001386,5389
69001384,5385
69001383,5316
69001382,5316
69001390,5390
69001389,5389
69001388,5389
69001387,5389
69001166,5582
69001165,5591
69001164,5597
69001163,5581
69001170,5588
69001169,5564
69001168,5566
69001167,5582
69001174,5768
69001173,5324
69001172,5325
69001171,5707
69001178,5083
69001177,5083
69001176,5529
69001175,5768
6900115,5474
69001149,5724
69001148,5777
69001147,5728
69001153,5555
69001152,5555
69001151,5555
69001150,5724
69001157,5569
69001156,5569
69001155,5689
69001154,5555
69001162,5578
69001161,5576
69001160,5576
69001159,5575
69001203,4287
69001202,5374
69001201,5374
69001200,4519
69001207,5675
69001206,5675
69001205,5474
69001204,4287
69001212,5212
69001211,5532
69001210,5532
6900121,4701
69001216,5224
69001215,5224
69001214,5228
69001213,5212
69001184,5233
69001183,5233
69001180,5083
69001179,5083
69001189,5533
69001187,5339
69001186,5235
69001185,5235
69001193,5347
69001192,5395
69001191,5433
69001190,5433
69001199,5347
69001198,5347
69001195,5345
69001194,5345
69001235,4531
69001234,5277
69001233,5269
69001232,5282
69001239,4812
69001238,4812
69001237,4794
69001236,4531
69001243,5368
69001242,4439
69001241,4439
69001240,4373
69001247,4489
69001246,4489
69001245,5475
69001244,5475
69001220,5381
69001219,5381
69001218,5332
69001217,5332
69001224,5620
69001223,5771
69001222,5775
69001221,5775
69001228,5216
69001227,5219
69001226,5219
69001225,5620
69001231,5288
69001230,5194
6900123,4520
69001229,5216
69001267,5199
69001266,5081
69001265,5081
69001264,4937
69001271,5351
69001270,5236
69001269,5236
69001268,5198
69001275,5514
69001274,5514
69001273,5557
69001272,5354
69001279,5692
69001278,5170
69001277,5170
69001276,5572
69001251,4609
69001250,4609
69001249,4611
69001248,4611
69001255,4508
69001254,4513
69001253,4616
69001252,4616
69001259,4505
69001258,4511
69001257,4511
69001256,4508
69001263,4937
69001262,4932
69001261,4932
69001260,4505
6900104,4545
69001039,4963
69001038,4948
69001037,4948
69001044,4388
69001043,4963
69001042,4963
69001040,4963
69001049,4317
69001048,4304
69001047,4304
69001046,4317
69001052,5206
69001051,5529
69001050,4376
6900105,4583
69001024,5673
69001023,4948
69001022,5747
69001021,5757
69001028,4452
69001027,5067
69001026,5074
69001025,5074
69001031,5415
69001030,5306
6900103,5778
69001029,4452
69001036,4962
69001035,4948
69001034,4948
69001033,4948
69001072,4488
69001071,4488
69001070,4484
69001069,5389
69001076,4678
69001075,4486
69001074,4486
69001073,4487
69001080,4663
69001079,4678
69001078,4678
69001077,4678
69001084,4673
69001083,4673
69001082,4672
69001081,4662
69001056,5791
69001055,4629
69001054,4629
69001053,5832
69001060,4259
69001059,4030
69001058,5487
69001057,5798
69001064,4079
69001063,4132
69001062,4128
69001061,4259
69001068,5386
69001067,5382
69001066,5387
69001065,5387
69001103,5124
69001102,5557
69001101,5826
69001100,5826
69001107,4952
69001106,4952
69001105,4979
69001104,5621
69001111,4193
69001110,4196
69001109,4296
69001108,4722
69001115,4133
69001114,4133
69001113,4133
69001112,4109
69001088,4670
69001087,4668
69001086,4668
69001085,4649
69001092,4656
69001091,4667
69001090,4658
69001089,4670
69001096,5331
69001095,5089
69001094,5089
69001093,4672
6900110,5347
69001099,5835
69001098,5290
69001097,5331
69001134,4476
69001133,4479
69001132,4479
69001131,4365
69001138,5711
69001137,5622
69001136,5622
69001135,5621
69001142,5783
69001141,5801
69001140,5801
69001139,5711
69001146,5730
69001145,5838
69001144,5841
69001143,5841
69001119,5839
69001118,5671
69001117,4134
69001116,4132
69001123,5842
69001122,4711
69001121,4651
69001120,4867
69001127,5664
69001126,4762
69001125,4777
69001124,5842
69001130,4365
6900113,5267
69001129,4283
69001128,5664
6900346,4988
6900344,4988
6900343,4952
6900340,4990
6900352,4984
6900351,4952
6900349,4990
6900347,4988
6900364,4952
6900363,4952
6900360,4952
6900353,4984
6900377,4979
6900374,4739
6900372,4990
6900365,4952
690032265,4571
6900322,4765
690032059,4675
690031846,5088
6900325,4759
6900324,4758
6900323,4765
690032267,4571
6900329,4762
6900328,4784
6900327,4788
6900326,4788
6900338,4774
6900337,4724
6900333,4756
6900332,4764
6900416,4736
6900415,4736
6900414,4733
6900413,4735
6900420,4749
6900419,4779
6900418,4745
6900417,4745
6900430,4986
6900428,4750
6900426,4754
6900422,4751
6900434,5247
6900433,5247
6900432,4951
6900431,4951
6900381,4990
6900380,4984
6900379,4984
6900378,4979
6900395,4991
6900391,4754
6900386,4750
6900384,4991
6900400,4990
6900399,4990
6900397,4990
6900396,4991
6900412,4728
6900409,4784
6900408,4809
6900407,4731
6900468,4846
6900466,4615
6900465,4883
6900463,4923
6900477,4579
6900476,4579
6900472,4877
6900469,4846
6900481,4444
6900480,4443
6900479,4443
6900478,5789
6900496,5308
6900495,5296
6900493,5301
6900489,4444
6900442,5498
6900441,5490
6900439,5498
6900435,5247
6900450,4901
6900449,4930
6900448,4930
6900444,5489
6900457,4888
6900455,4868
6900454,4850
6900453,4850
6900462,4909
6900461,4909
6900460,4900
6900459,4872
6900538,5415
6900537,5437
6900536,5478
6900535,5477
6900548,5403
6900544,5422
6900542,5421
6900540,5415
6900553,5395
6900552,5392
6900551,5409
6900549,5417
6900560,5450
6900556,5395
6900555,5395
6900554,5395
6900505,5308
6900499,5296
6900498,5288
6900497,5194
6900512,5290
6900511,5331
6900509,5293
6900507,5293
6900518,5297
6900517,5297
6900514,5293
6900513,5307
6900534,5477
6900533,5481
6900529,5453
6900524,5293
6900199,5225
6900198,5225
6900196,5209
6900194,5747
69002003,4783
69002002,4783
69002001,4783
69002000,4963
69002007,4760
69002006,4760
69002005,4760
69002004,4760
6900202,4717
69002015,4966
69002010,4783
69002009,4783
6900182,4282
69001819,5805
69001818,4424
69001817,5100
69001823,4844
69001822,4641
69001821,4850
69001820,4859
6900190,5760
6900189,5747
6900188,5747
6900186,5757
6900193,5761
6900191,5757
69001901,4503
69001900,4501
6900223,5672
6900221,5673
6900218,5842
6900212,5651
6900244,5588
6900237,4166
6900229,5067
6900225,4977
6900258,5146
6900255,5161
6900250,5572
6900249,5597
6900270,5158
6900268,5158
6900266,5161
6900262,5144
69002030,5074
6900203,4717
69002021,5316
69002020,5206
69002101,4963
69002100,4948
6900206,4560
6900205,4536
69002105,5101
69002104,5092
69002103,5130
69002102,4953
69002116,5745
69002115,5745
6900211,5651
69002106,5102
690030426,5565
690030424,5754
690030422,5758
690030420,4964
690030442,4514
690030440,4514
690030438,4514
690030428,5564
690030464,5426
690030449,5282
690030447,5293
690030444,4514
690030474,5206
690030472,4546
690030470,4546
690030468,5400
6900276,5151
6900274,5158
6900273,5160
6900272,5152
6900292,5827
6900281,5269
6900280,5553
6900278,5144
6900297,5828
6900295,5832
6900294,5832
6900293,5827
6900303,5826
6900302,5826
6900301,5828
6900298,5830
690031493,4953
6900312,4780
690030923,5088
6900309,4569
690031711,4774
6900317,4724
6900316,4804
6900315,4722
690031738,5389
690031717,4760
690031715,4774
690031713,4774
690031820,5433
690031797,4189
690031795,4193
690031774,4189
690030498,5773
690030495,5773
690030482,4908
690030478,4923
690030668,4869
690030507,5778
690030504,5778
6900305,5790
690030676,4938
690030674,4901
690030672,4869
690030670,4869
6900308,4569
6900307,5796
690030698,4964
690030696,4974
69001700,4470
6900170,5863
69001699,4759
69001698,4400
69001704,4718
69001703,4711
69001702,4463
69001701,4470
69001708,4373
69001707,4375
69001706,4368
69001705,4718
69001711,4467
69001710,4467
6900171,5858
69001709,4373
69001685,5383
69001684,5376
69001683,5376
69001682,4316
69001689,5343
69001688,5357
69001687,5357
69001686,5383
69001693,4291
69001692,4150
69001691,4150
69001690,5343
69001697,4400
69001696,4298
69001695,4298
69001694,4291
69001732,4285
69001731,4822
69001730,4822
69001729,4566
69001736,4685
69001735,4427
69001734,4427
69001733,4285
69001740,4609
69001739,4520
69001738,4520
69001737,4685
69001744,4508
69001743,4616
69001742,4616
69001741,4609
69001715,4740
69001714,4995
69001713,4995
69001712,4514
69001720,5111
69001719,5111
69001718,4991
69001717,4788
69001724,5790
69001723,4952
69001722,4727
69001721,4804
69001728,5752
69001727,5820
69001726,5805
69001725,5794
69001763,5847
69001762,5847
69001761,5287
69001760,5287
69001767,4901
69001766,55546
69001765,55546
69001764,5386
69001770,4876
6900177,5278
69001769,4911
69001768,4901
69001774,4947
69001773,5280
69001772,4871
69001771,4911
69001748,4510
69001747,4601
69001746,4601
69001745,4508
69001751,5302
69001750,5302
6900175,5278
69001749,4510
69001755,5189
69001754,5156
69001753,4788
69001752,4788
69001759,5191
69001758,5191
69001757,5295
69001756,5189
69001804,5494
69001803,5510
69001802,5508
69001801,5557
69001808,5634
69001807,5632
69001806,5632
69001805,5487
69001812,5626
69001811,5609
69001810,5632
69001809,5524
69001816,5522
69001815,5526
69001814,5526
69001813,5631
69001778,5131
69001777,4947
69001776,4947
69001775,4947
69001792,4288
69001791,4289
69001790,5095
69001779,5131
69001796,5487
69001795,4649
69001794,4641
69001793,4288
69001800,5557
69001799,5508
69001798,5510
69001797,5494
69001567,5484
69001566,5484
69001565,5533
69001564,5533
69001571,5390
69001570,5390
69001569,5390
69001568,5390
69001575,5689
69001574,5689
69001573,5390
69001572,5390
69001579,5697
69001578,5697
69001577,5691
69001576,5689
69001551,4050
69001550,4050
69001549,5555
69001548,4393
69001555,4604
69001554,5187
69001553,4506
69001552,4506
69001559,4860
69001558,4517
69001557,4517
69001556,4604
69001563,5540
69001562,5540
69001561,5530
69001560,5530
69001599,5386
69001598,5127
69001597,5390
69001596,5390
69001604,4854
69001602,4855
69001601,4854
69001600,4844
69001609,4877
69001608,5161
69001606,4964
69001605,4964
69001621,5376
69001620,4808
69001611,4964
69001610,4908
69001583,5697
69001582,5697
69001581,5697
69001580,5697
69001587,5412
69001586,5412
69001585,5702
69001584,5702
69001591,5557
69001590,4384
69001589,4384
69001588,5392
69001595,5744
69001594,5744
69001593,5744
69001592,5744
6900164,5534
69001639,5376
69001638,5379
69001637,5379
69001643,4543
69001642,5219
69001641,5219
69001640,5376
69001647,4532
69001646,4532
69001645,4530
69001644,4545
69001651,5803
69001650,5801
69001649,4926
69001648,4926
69001625,5390
69001624,5390
69001623,4582
69001622,4583
69001629,5376
69001628,5377
69001627,5377
69001626,5389
69001632,5377
69001631,5377
69001630,5376
6900163,5533
69001636,5393
69001635,5393
69001634,5375
69001633,5375
6900167,5312
69001669,5030
69001668,4561
69001667,4561
69001673,5175
69001672,5044
69001671,5044
69001670,5030
69001677,5143
69001676,5167
69001675,5168
69001674,5175
69001681,4316
69001680,5317
69001679,4369
69001678,5143
69001655,4563
69001654,4725
69001653,5763
69001652,5763
69001659,4501
69001658,4589
69001657,4589
69001656,4563
69001662,4910
69001661,4910
69001660,4501
6900166,4156
69001666,4638
69001665,4638
69001664,4620
69001663,4620
69002359,5753
69002358,5753
69002357,5790
69002356,5790
69002365,4312
69002364,4312
69002363,4531
69002362,4531
69002373,4340
69002372,4340
69002368,4320
69002367,4320
69002382,4305
69002369,4284
69002375,5689
69002374,5689
69002327,5513
69002326,5513
69002325,5503
69002324,5503
69002343,5053
69002342,5053
69002329,5029
69002328,5454
69002348,4133
69002347,4194
69002346,4194
69002345,4617
69002354,5544
69002349,5544
69002353,5430
69002352,5430
9100ACHNSHN,52390
9100ACHILCK,16060
9100ACHHSHL,52209
9100ACHANLT,52520
9100ACKLNGT,55584
9100ADIEWEL,10493
69002386,4305
69002385,4300
69002384,4300
69002383,4300
69002376,4376
69002387,4376
9100ABDO,34758
9100ABRDEEN,47005
9100ALNMOTH,55584
9100ALNESS,53829
9100ALLOA,31903
9100ALTNBRC,50904
9100AIRP,55587
9100AIRDRIE,24655
9100AIRBLES,23062
9100ANSL,20304
9100ANNAN,3650
9100ARCHRAT,49601
9100ARBROTH,40477
9100ARDRSSB,17908
9100ARDRSHB,17953
9100ARDLUI,49632
9100ARDGAY,53202
9100ALXPD,22094
9100ALXANDR,29704
9100ANDRSTN,21321
6900989,4974
6900988,4974
6900987,4974
6900986,4964
6900993,4966
6900992,4974
6900991,4974
6900990,4974
6900997,4974
6900996,4965
6900995,4965
6900994,4966
6900GALASLS2,4783
6900GALASLS1,4783
6900999,4964
6900998,4974
6900973,4393
6900972,4404
6900971,4335
6900970,4325
6900977,4784
6900976,4788
6900975,4756
6900974,4756
6900981,5010
6900980,5000
6900979,4788
6900978,4762
6900985,4964
6900984,4964
6900983,5012
6900982,5012
69002049,5765
69002051,5470
69002050,5470
69002048,5533
69002055,4679
69002054,5440
69002053,5483
69002052,5765
69002059,4398
69002058,4398
69002057,4677
69002056,4677
69002063,4964
69002062,4964
69002061,4964
69002060,4376
69001910,4904
6900TWDBANK1,4963
6900STOW0,4821
6900STOW,4821
69002028,4420
69002027,4420
69002026,4399
69002025,4399
69002040,5029
69002022,4166
69002031,4429
69002029,4429
69002047,5533
69002046,4904
69002045,4904
69002044,4927
69002081,4056
69002109,4867
69002108,5187
69002107,5187
6900084,4510
69002083,5337
69002082,5337
69002080,4053
69003000,5772
69002089,5375
69002088,5375
6900085,4510
6900REST2,5772
6900REST1,5772
69002091,4424
69002090,4424
69002067,4591
69002066,5532
69002065,5532
69002064,4974
69002033,4606
69002032,4606
69002069,5294
69002068,4591
69002071,4240
69002070,4283
69001903,4520
69001902,4520
69002075,5308
69002074,4854
69002072,4240
69002073,4648
69002135,4794
69002134,4485
69002133,4796
69002132,5378
69002139,5689
69002138,5689
69002137,4078
69002136,4079
69002145,4688
69002143,4947
69002142,4806
69002141,4806
69002323,5347
69002148,4476
69002147,4947
69002146,4519
69002119,4641
69002118,7090
69002117,7090
69002114,4451
69002123,4223
69002122,4222
69002121,4256
69002120,4257
69002127,4655
69002126,4655
69002125,4646
69002124,4646
69002131,5378
69002130,5131
69002129,5131
69002128,5118
6900856,4869
6900855,4869
6900854,4885
6900853,4885
6900860,4871
6900859,4876
6900858,4876
6900857,4876
6900866,4855
6900863,4925
6900862,4925
6900861,4871
6900872,4871
6900871,4876
6900870,4844
6900869,4844
6900840,4371
6900837,5277
6900833,4268
6900832,4268
6900844,5131
6900843,5131
6900842,5131
6900841,4371
6900848,4904
6900847,5483
6900846,5095
6900845,5095
6900852,4878
6900851,4878
6900850,4901
6900849,4904
6900893,4924
6900892,4924
6900891,4900
6900890,4900
6900897,4904
6900896,4938
6900895,4925
6900894,4925
6900901,4909
6900900,4909
6900899,4904
6900898,4904
6900905,4922
6900904,4923
6900903,4908
6900902,4908
6900876,4876
6900875,4911
6900874,4911
6900873,4911
6900881,4867
6900880,4867
6900879,4845
6900877,4867
6900885,4895
6900884,4895
6900883,4895
6900882,4895
6900889,4872
6900888,4872
6900887,4900
6900886,4924
6900925,4846
6900924,4846
6900923,4614
6900922,4614
6900929,4846
6900928,4854
6900927,4854
6900926,4854
6900933,4617
6900932,4615
6900931,4846
6900930,4846
6900937,4399
6900936,4260
6900935,4261
6900934,4282
6900909,4614
6900908,4614
6900907,4908
6900906,4923
6900913,4611
6900912,4611
6900911,4611
6900910,4611
6900917,4613
6900916,4612
6900915,4613
6900914,4611
6900921,4615
6900920,4614
6900919,4613
6900918,4613
6900957,4306
6900956,4305
6900955,4305
6900954,4317
6900961,4400
6900960,4301
6900959,4303
6900958,4317
6900965,4404
6900964,4404
6900963,4376
6900962,4396
6900969,4403
6900968,4401
6900967,4400
6900966,4400
6900941,4381
6900940,4386
6900939,4398
6900938,4398
6900945,4397
6900944,4397
6900943,4397
6900942,4381
6900949,4376
6900948,4410
6900947,4397
6900946,4397
6900953,4376
6900952,4379
6900951,4397
6900950,4376
6900607,5094
6900606,5027
6900605,5001
6900604,5024
6900613,5739
6900612,5555
6900611,5555
6900608,5094
6900626,4977
6900625,4974
6900623,5228
6900614,5739
6900635,4973
6900634,4973
6900633,5112
6900627,4977
6900570,5448
6900566,5422
6900565,5440
6900563,5471
6900586,5389
6900583,5423
6900582,5429
6900579,5423
6900599,5855
6900595,5390
6900592,5389
6900591,5389
6900603,5018
6900602,5011
6900601,5016
6900600,5852
6900672,5089
6900671,5089
6900670,5089
6900669,5089
6900678,5090
6900677,5090
6900675,5089
6900673,5089
6900685,5282
6900684,5282
6900683,5131
6900682,5124
6900690,5050
6900688,5050
6900687,5033
6900686,5033
6900645,5112
6900639,4964
6900638,4964
6900636,4973
6900656,5376
6900655,5376
6900651,4964
6900647,4964
6900661,5338
6900660,5338
6900659,5282
6900657,5376
6900667,5758
6900666,5088
6900664,5089
6900663,4030
6900729,4682
6900728,4649
6900724,4687
6900723,4666
6900736,4678
6900735,4678
6900732,4658
6900730,4663
6900746,4678
6900744,4678
6900742,4678
6900740,4662
6900760,4678
6900754,4681
6900750,4689
6900748,4663
690070,4925
6900697,4381
6900696,4381
6900691,5794
6900705,4382
6900704,4382
6900703,4377
6900700,4410
6900719,4219
6900717,5771
690071,4901
6900706,4387
6900722,5386
6900721,4218
6900720,4228
690072,4901
6900803,5703
6900802,4821
6900801,4821
6900800,4824
6900808,5704
6900807,5705
6900805,5703
6900804,5689
6900815,4487
6900813,4484
6900812,4484
6900810,5390
6900830,5258
6900829,4178
6900828,4177
6900817,4487
6900770,4078
6900767,4657
6900766,4670
6900764,4661
6900776,5841
6900774,5484
6900772,5343
6900771,5343
6900792,5121
6900790,5119
6900783,5127
6900782,5119
6900799,4824
6900798,4826
6900797,4823
6900796,5339
680000249444,55706
680000176505,3615
680000502333,3625
680000502444,3625
680000538333,3660
680000441333,3791
680000249333,3634
680004001222,3642
680000647111,3792
680000538501,3641
680000177502,3641
680000538444,3641
680000178111,3641
680000442222,3660
680000442111,3660
680000647222,3792
680000079501,3368
680000079502,3368
680000203222,3374
680000203111,3374
680000155502,3659
680000155501,3659
680000079222,3368
680000079111,3368
680000178501,3641
680000647333,3804
680000155504,3659
680000155503,3659
680000536444,55706
680000536333,3634
680000541444,3781
680000179111,3649
680000062444,2335
680000062333,2335
680000831222,1388
680000831111,1388
680000997333,2491
680000997444,2491
680000062507,2318
680000062506,2318
680000995444,2308
680000995333,2308
680000062504,2322
680000062501,2322
680000919444,1829
680000919333,1831
680000062503,2324
680000062502,2324
680000421444,3635
680000816222,3656
680000546444,3791
680000546333,3791
680000437502,3778
680000443501,3649
680000443333,3655
680000421333,3636
680000833222,1411
680000833111,1411
680000437501,3778
680000541333,3783
680000832222,1411
680000832111,1411
680000280222,1411
680000280111,1411
680000572111,2855
680000572222,2855
680000676222,2850
680000676111,2850
680000610111,3587
680000244111,3661
680000573222,2864
680000573111,2859
680000078333,2191
680000611111,3587
680000611222,3587
680000610222,3587
680000764111,2908
680001037333,2198
680001037444,2198
680000078444,2191
680000870111,1453
680000870222,1453
680000920444,1856
680000920333,1856
680000871222,1421
680000871111,1421
680000305111,1414
680000305222,1414
680000099111,2853
680000099222,2853
680000572501,2854
680000572502,2854
680000675222,2856
680000675111,2856
680000709111,2841
680000709222,2841
680000518502,3448
680000205111,56107
680000205222,56107
680000624111,3443
680000081111,1147
680000081501,1147
680000081502,1147
680000518501,3449
680000518111,1137
680000625222,3447
680000625111,3444
680000081222,1147
680000043501,2686
680000964444,2780
680000964333,2780
680000518222,1137
680000143111,2914
680000765222,2908
680000765111,2908
680000764222,2908
680000184333,3776
680000197333,3882
680000197444,3882
680000143222,2914
680000899444,1467
680000270222,1531
680000270111,1531
680000184444,3776
680000624222,3443
680000626222,1147
680000626111,1147
680000899333,1467
6700600125,54100
6700600124,54110
6700600132,93224
6700600115,53919
6700713181,51063
6700600178,51249
6700714180,51062
6700600176,51062
6700600113,53465
6700600164,51187
6700600163,51187
6700600168,51252
6700600055,53472
6700600060,53398
6700600061,53398
670000064,53464
6700600133,93225
6700600133A,93225
6700600135,93213
6700600137,93189
6700600153,51094
6700600152,51094
6700600149,51094
6700600134A,93225
6700600121A,53878
6700600121,53878
6700600146,51024
6700600150,51094
6700600116,53918
6700600118,53916
6700600117,53916
6700600122,53878
6700600101,52753
6700600104,53111
6700600103,52755
6700600102A,52755
6700600097,52875
6700712534,52875
6700600095,53866
670060095A,53866
6700600108,53442
6700600109,53442
6700600100,52754
6700600098,52755
6700711923,54220
6700974,51745
6700600111A,53444
6700600111,53444
6700600072,53397
6700600073,53396
6700600070,53442
6700600069,53442
6700600047,53477
6700600048,53478
6700600068,53420
6700600067,53420
6700600082,53473
6700600051,53473
6700600041,93052
6700600042,93052
6700600102,52755
670060004A,53600
670060004B,53600
6700600049,53475
6700600217,51063
6700713358,51092
6700600216,51063
6700600215,51092
6700600190,51085
6700600189,51085
6700600192,50960
6700600196,51414
6700977,51414
6700600198,51414
6700999,51414
6700981,51414
670061009,53296
670061009A,53296
6700600224,51094
6700600223,51094
6700711447,53892
6700711446,53892
6700711053,55196
6700711939,51154
6700600211,51414
670061042A,53313
670061042,53313
670000175,53892
6700600218,51065
6700600219,51065
6700600205,51414
6700600213,51092
6700600214,51063
6700600221,51094
6700600222,51094
6700600220,51065
6700712350,51962
6700712342D,53832
6700712342B,53832
6700712342A,53831
6700712314,53232
6700712314A,53232
6700712319,55274
6700712320,55274
6700712354,53358
6700712326,52390
6700712316,50468
6700712315,50689
680000202111,3371
680000622222,3374
6700712386,52094
6700712393,93258
670061007A,53296
670061007,53296
670061010A,53296
670061010,53296
670061014B,53809
670061014,53809
670061015,53812
670061015A,53812
6700600230,51093
6700600229,51093
670061013,53275
670061013A,53273
670061005,53561
670061005B,53561
6700600631,51094
6700600232,51094
670080038,52962
670080027,52924
670080028,52923
670080026,52933
670080037,52961
670080041,52964
670080040,52979
670080039,52962
6700714050A,93206
6700714040,54805
6700714046,53937
670000087,52961
6700714026,93055
6700714049,93205
6700714049A,93205
6700714050,93206
670074002,50418
6700731985,53112
670080002,53680
670080003,53678
670080046,53014
670080047,53014
670080024,53125
670074001,50418
670080044,52993
670080045,52993
670080043,52998
670080042,52999
670080025,52932
670080031,52915
670080056,53081
670080057,53081
670050013,54618
670041165,93004
670040074,53677
670040073,53689
670050011,54617
6700600003,53922
6700600008,53922
670050012,54618
670040068,53693
670040065,93006
670040070,53463
670050010,54617
670040075,53689
670040076,53690
670040080,53633
670040077,53693
6700142,93036
6700731944,93048
6700731944A,93048
6700714027,93021
6700713870,93038
6700714034,54588
6700714037,51414
6700600038,93036
6700731943,51488
670010019A,51488
6700731949,93243
6700714032,93038
670040073A,53689
6700731941,54065
6700712694,51999
670072003,51999
670040031,93006
670040032,93004
670040035A,93003
670040035B,93003
670040037A,93002
670040030A,93006
670040030B,93006
670040031A,93006
670040036G,93003
670040038A,93002
670040038B,93000
670040037B,93002
670040022A,93007
670040022B,93007
670040036B,93003
670040036A,93003
670000209,93158
6700600026,93150
670000207,93155
6700600029,93155
6700600010,93023
6700600011,93023
670060003A,53571
670060003B,53571
6700600006A,53918
6700600006,53918
6700600013,93055
6700600012,93055
670040034A,93003
670040034B,93003
6700714160,93023
6700712562,93023
670040056A,53454
670040060,93003
670040055,53463
670040039B,93000
670040043A,93002
670040058,53590
670040057,53590
670040056,53459
670040049,53448
670040040A,93001
670040040,93001
670040043B,93002
670021,93189
6700600136,93204
670040046B,93008
670040046A,93008
670040021A,53686
670040021B,53686
670040023A,93009
670040023B,93009
670040027B,93011
670040020B,53670
670040020A,53670
670040019C,53680
670040024B,53675
670040029B,93004
670040029A,93005
670040027A,93011
670040039A,93000
670040026B,53675
670040026A,53808
670040024A,53675
6700712781A,50505
6700712785A,52755
6700712785,52864
6700712780,53125
6700712844,53213
6700712852,51360
6700712851,51469
6700712781,50505
6700712855,55270
6700712862A,54826
6700712862,54826
6700712844A,53213
670040045A,93001
6700712826,53955
6700712825,53749
6700712856,51974
6700712815,53588
6700712812B,53655
6700712812A,53651
6700712812,53651
6700712819D,53637
6700712189C,53644
6700712819A,53645
6700712819,53645
6700712811,54477
6700712811A,54477
6700600065,53419
6700600064,53419
6700712780A,53125
6700712776,52796
6700712775A,50603
6700712775,50603
670091109,54700
670091109A,54701
670091108A,54716
670091108,54716
670091107A,54721
670091107,54728
670091106A,54729
670091106,54729
6700713968,55154
670086812,51250
6700600167,51250
670090051,54212
6700713978,53510
6700713967,53624
670000113,55156
6700713971,55156
670080076,53048
670080077,53048
6700712823,53747
6700712822,93001
670080072A,53176
670080072,53176
670080074,53054
670080075,53054
670090041A,54019
670090041B,54019
670084892,53741
670080073,53175
670091105,54741
670091105A,54739
670090042A,54025
670090042B,54025
6700714012,51363
6700600046,53485
6700713998,53485
6700714005,53755
6700713982,53500
6700713986,52882
6700713985,55215
6700714013,52919
6700713995,55340
670000054,53663
670000055,53663
6700713982A,53500
670080066,53086
6700713987,51919
6700713992,53500
6700713996,55340
6700713867,53563
6700713866,54028
6700713973A,54021
6700711973,54021
6700713864,53437
6700111113,53437
6700713868A,54114
6700713868,54114
6700713937A,53394
6700713937,53394
6700111111,53595
6700713935,53595
6700714004,93263
6700713979,53521
6700714031,93040
6700712565,93040
6700713840,55117
6700713549A,52089
6700713549,52089
6700713531,51247
670080023,53127
670080022,53127
670080006,53668
670080007,53667
6700731963,52137
6700731965,52870
6700714236,54005
6700714235,54005
670074004,50451
670074003,50451
6700731964,53782
6700731963A,52137
6700713523,51263
6700713511,93005
6700713860,53426
6700713989,53086
6700713504,53373
6700600157,50866
6700713515,50866
6700713514,51958
6700713854,55251
6700713845,53040
6700713502,54402
6700713501,54334
6700713528,51155
6700713543,54425
6700713543A,54425
6700713854A,55251
680000367222,2553
680000980444,2560
680000980333,2560
680000979111,2578
680000977222,2550
680000368222,2558
680001042222,2552
680000367111,2560
680000149222,2847
680000149111,2840
680000708111,2838
680000708222,2838
680000590111,3460
680000590222,3460
680000233111,3464
680000233222,3464
680000034501,2557
680000971333,2663
680000971444,2663
680000973444,2574
680000978222,2552
680000981333,2560
680000981444,2560
680000034502,2557
680001045222,2561
680000974333,2577
680000982444,2572
680000982333,2572
680000979222,2578
680000973333,2573
680000355222,2553
680000978111,2561
680000052222,2812
680000282111,1413
680000837222,1413
680000837111,1413
680000198333,3021
680000552111,3131
680000052444,2810
680000052333,2810
680000053507,3088
680004006222,3032
680004015222,3108
680000198111,3022
680000632444,3223
680000168444,3308
680000004505,3146
680000053502,3088
680000542444,3793
680000544333,3792
680000544444,3792
680000543333,3793
680001033502,1000
680001032111,1853
680001032222,1853
680000542333,3793
680000102505,1081
680001033111,1849
680001033222,1849
680001033501,1000
680000283111,1413
680000838222,1413
680000838111,1413
680000102506,1083
680000549222,3013
680005008111,3142
680005008222,3140
680005012111,3030
680000004502,3157
680000001515,3077
680000001514,3077
680000549111,3013
680000769508,2988
680000773222,2926
680000773111,2926
680000004501,3157
680000016520,3139
680000001516,2975
680000757222,2990
680000757111,2990
680000634501,3121
680000004333,3126
680000004503,3158
680000004506,3158
680000430444,3226
680000430333,3226
680000634333,3164
680000634502,3121
680000634444,3144
680000168333,3308
680000004504,3146
680000632333,3224
680005008501,3139
680000618111,3285
680000618222,3255
680000700501,2959
680000565111,3115
680004008222,3013
680000005501,3034
680000005502,3033
680000566111,2978
680000567111,3010
680000566222,2978
680000565222,3115
680000001508,3076
680000567222,3023
680000758222,2983
680000758111,2983
680000053508,3089
680000053503,3089
680000001509,3076
680000001507,3076
680000005505,3034
680000005504,3033
680000005503,3033
680000016521,3139
680000008504,3142
680000008501,3142
680000157444,3327
680000005506,3033
680005002222,3120
680005003222,3247
680005001111,2966
680005001222,2966
680005002111,3120
680005003111,3247
680000009222,3225
680000009111,3225
680000253222,2870
680000253111,2870
680000577222,2710
680000577111,2710
680000158333,3321
680000158444,3321
680000674111,2709
680000674222,2709
680000523333,3392
680000523444,3392
680000524444,3324
680000524333,3324
680000169502,3322
680000169503,3322
680000525444,3355
680000525333,3355
680000171333,3468
680000171444,3468
680000060444,2364
680000060333,2364
680000171504,3468
680000171502,3400
680000528333,3400
680000528444,3400
680000100501,2708
680000100111,2708
680000171503,3468
680000171501,3400
680000100503,2707
680000100504,2707
680000100502,2708
680000100222,2708
680001039444,2455
680001039333,2455
680001038333,2283
680001038444,2283
680000200111,3384
680000200222,3384
680000064444,2465
680000064333,2465
680000917333,1799
680000917444,1799
680000040504,1798
680000040503,1798
680000040502,1798
680000040501,1798
680000914333,1804
680000914444,1804
680000529444,3402
680000169501,3322
680000169111,3322
680000169222,3322
680000789222,2643
680000788222,2650
680000788111,2650
680000529333,3402
680000194111,3775
680000194222,3775
680000617111,3879
680000789111,2643
680000196222,3879
680000196111,3879
680000195111,3880
680000616222,3776
680000075504,2263
680000056444,2593
680000056333,2593
680000957333,2611
680000075501,2272
680000075111,2271
680000075222,2271
680000075503,2263
680000174444,3456
680000532444,3458
680000532333,3664
680000075502,2272
680000175444,3459
680000533333,3664
680000533444,3664
680000174333,3456
680000011505,2930
680000011502,2930
680000040444,1798
680000040333,1798
680000011506,2930
680000011503,2930
680000011501,2930
680000011504,2930
680000777501,2610
680005011111,2928
680005011222,2928
680004038501,2927
680000957444,2611
680000958444,2691
680000958333,2692
680000365501,2610
680000356222,2577
680000972444,2570
680000972333,2570
680000358333,2557
680004018501,2546
680000795111,2501
680000795222,2501
680000357222,2552
680000358111,2552
680000797222,2561
680000358502,2557
680000796333,2578
680000359501,2553
680000796222,2563
680000358222,2552
680001040222,2557
680000974444,2577
680000173444,3458
680000173333,3458
680000175333,3459
680000366222,2556
680000974501,2554
680001044222,2578
680000355501,2577
680001043222,2578
680000977111,2550
680001046222,2551
680000366111,2556
680000976444,2547
680000976333,2547
680001000333,2555
680001000444,2555
680000988444,2805
680000988333,2805
680000962333,2787
680000962444,2787
680000119111,1075
680000117111,1075
680000117222,1075
680000053444,2952
680000579111,2759
680000102111,2757
680000102222,2757
680000119222,1075
680000102504,2749
680000102502,2748
680000102501,2748
680000579222,2759
680006003222,1236
680000652222,3981
680000652111,3981
680000164222,3986
680000020504,2940
680006004111,1237
680006004222,1237
680006003111,1236
680000961333,2800
680000961444,2800
680000020501,2952
680000020502,2942
680000053333,2951
680000020507,2935
680000020505,2942
680000020503,2935
680000041444,1797
680000041333,1797
680000918333,1803
680000918444,1803
680001030111,1896
680001030222,1896
680001031222,1847
680001031111,1847
680001028222,1888
680001028111,1888
680001029111,1902
680001029222,1902
680001005222,2369
680001005111,2369
680000073222,1893
680000073111,1893
680000520444,3400
680004003444,3467
680004003333,3466
680000102503,2749
680000232111,3468
680000519333,3460
680000519444,3460
680000520333,3400
680000858222,1720
680000635111,3468
680000635222,3467
680000232222,3468
680000042333,1826
680000042444,1826
680000028501,2889
680000858111,1720
680001002501,2361
680001002502,2361
680000954333,2364
680000954444,2364
680000349506,2385
680000046503,2376
680001006222,2407
680000948333,2346
680001010222,2416
680000952111,2425
680000354501,2376
680000349505,2373
680003002222,2380
680001003333,2375
680001003444,2374
680001010111,2416
680000346501,2380
680000344501,2361
680001001444,2372
680001001333,2372
680000347501,2378
680000349520,2407
680000046502,2376
680000345111,2365
680000348333,2405
680000348444,2405
680000955444,2441
680000955333,2441
680000952504,2420
680000952503,2420
680000952333,2428
680000952444,2428
680000606111,3883
680000606222,3883
680000605111,3883
680000605222,3883
680000235504,3761
680000235503,3761
680000235506,3721
680000235505,3721
680000235502,3757
680000235501,3757
680000235222,3475
680000235111,3475
680000222111,3908
680000222222,3908
680000645111,3978
680000645222,3978
680000349501,2385
680000349502,2380
680000703501,2420
680001004111,2385
680001007111,2376
680001002503,2361
680000346502,2376
680000046501,2376
680000290111,1378
680000290222,1378
680000948444,2346
680001007222,2376
680000089444,1382
680000875333,1385
680000875444,1385
680000089333,1382
680000306111,1682
680000038503,1784
680000038504,1784
680000038333,1784
680000608111,3589
680000608222,3589
680000306222,1682
680000307222,1682
680000943333,1910
680000943444,1910
680000192222,3593
680000192111,3593
680000939333,1918
680000940444,1912
680000940333,1912
680004042501,1910
680000963444,2784
680000043333,2681
680000043444,2681
680000043502,2684
680000187222,4040
680000599222,4045
680000599111,4045
680000963333,2784
680000596222,4036
680000598222,4045
680000598111,4045
680000187111,4040
680000038444,1784
680000187501,4040
680000187502,4040
680000596111,4036
680000814111,3799
680000019503,2981
680000019504,2934
680000019501,2968
680000243501,3674
680000503111,3669
680000503222,3669
680000814222,3799
680000243222,3674
680000504111,3673
680000504222,3673
680000243502,3674
680000351222,2840
680000571502,2849
680000571501,2849
680000243111,3674
680000941333,1912
680000937444,1918
680000937333,1918
680000939444,1918
680000938444,1918
680000945444,1937
680000945333,1937
680000941444,1912
680000946222,2241
680000460333,1910
680000460444,1910
680000938333,1918
680000019502,2968
680000047502,2256
680000047501,2256
680000946111,2241
680000265505,1358
680000265506,1358
680000720222,17630
680000720111,17630
680000265502,1359
680000265222,1354
680000265111,1349
680000265333,1352
680000016510,3126
680003003222,3956
680000088599,1364
680000265501,1359
680000017507,3119
680000016511,3224
680000016501,3223
680000016509,3224
680000129444,2719
680000129111,2847
680000129222,2847
680000351111,2840
680000145222,2890
680000145111,2890
680004004111,2895
680000129333,2720
680000719222,1362
680000719111,1362
680000763222,2890
680000763111,2890
680000717111,1350
680000717222,1350
680000265503,1353
680000265504,1353
680000642222,3992
680000650222,3993
680000650111,3993
680002542222,2709
680000640111,3990
680000163222,3986
680000163111,3986
680000642111,3992
680000651111,3983
680000643222,3992
680000643111,3992
680000640222,3990
680000164111,3986
680000163333,3986
680000163444,3986
680000651222,3983
680000016513,3144
680000016519,3121
680000016518,3165
680000016512,3143
680000016505,3121
680000016514,3121
680000016508,3121
680000016507,3143
680000016516,3224
680000016502,3121
680000016506,3121
680000016515,3121
680002541111,2709
680000016503,3121
680000016517,3224
680000016504,3224
680000512222,3591
680000513111,3593
680000513222,3593
680000769506,2986
680000207502,56047
680000631111,56106
680000631222,56106
680000512111,3590
680000128111,2704
680000207222,3603
680000207111,3602
680000207501,56047
680000136516,1011
680000136512,1010
680000136511,1010
680000128222,2704
680000891222,1628
680000893222,1628
680000893111,1628
680000894111,1621
680000892111,1628
680000892222,1628
680000294111,1629
680000891111,1628
680000002503,2961
680000769507,3116
680000774222,2924
680000774111,2924
680000002505,2961
680000002504,2961
680000002501,3111
680000002502,3111
680000156222,3474
680000688222,3469
680000688111,3469
680000136502,1011
680000014501,2927
680000014509,2928
680000014508,2928
680000156111,3474
680000014505,2927
680000759222,2930
680000759111,2930
680000014512,2930
680000014510,2926
680000014502,2927
680000014511,2927
680000014504,2927
680000136517,1010
680000136506,1010
680000136515,1011
680000136505,1010
680000136504,1011
680000136513,1013
680000136514,1013
680000136518,1010
680000136509,1010
680000136510,1010
680000136507,1011
680000136508,1011
680000136501,1011
680000136503,1011
680000136520,1010
680000136519,1010
680000779222,2893
680000779111,2893
680000780111,2872
680000780222,2872
680004033333,17629
680004022444,17629
680000027222,2882
680000027111,2882
680000843111,1360
680000843222,1360
680000284222,1361
680004033444,17629
680004027222,1366
680004027111,1366
680000284503,1364
680000284504,1364
680000589111,3456
680000014506,2930
680000014507,2927
680000014503,2926
680000819444,3456
680000246444,3457
680000246333,3457
680000589222,3456
680000033501,2514
680000792111,2513
680000792222,2513
680000819333,3456
680000033111,2657
680000033503,2514
680000033504,2514
680000033502,2514
680000712111,1019
680000712222,1019
680000284502,1361
680004023333,1361
680000137508,1018
680000137506,1018
680000137507,1018
680000137505,1018
680000137222,1018
680000137111,1018
680000137502,1011
680000137501,1011
680000137503,1014
680000137504,1014
680000713222,1007
680000713111,1007
680004028111,1361
680004028222,1361
680000840222,1277
680000840111,1277
680004029222,17629
680004029111,17629
680004035111,1361
680004035222,1361
680004032333,1361
680004022333,17629
680004030444,1361
680004030333,1361
680004036111,17629
680000284111,1361
680004036222,17629
680004032444,1361
680000271502,1529
680000878222,1535
680000878111,1535
680000291444,1277
680000130333,2741
680000130444,2741
680000877111,1533
680000877222,1533
680000364222,3947
680000214111,3489
680000636111,3489
680000636222,3489
680000364503,3973
680000364504,3973
680000364111,3973
680000364505,3945
680000873333,1405
680000898444,1447
680000898333,1447
680000848111,1394
680000091501,1441
680000872333,1445
680000872444,1445
680000873444,1408
680000677111,2861
680000091444,1406
680000091333,1406
680000091502,1441
680000291333,1277
680000255222,2862
680000255111,2862
680000677222,2861
680000153501,3942
680000153502,3942
680000153509,3956
680000153510,3956
680000108222,2836
680000108111,2836
680000360222,1237
680000360111,1237
680000700502,2959
680000179501,3649
680000107222,2836
680000107111,2836
680000220444,3993
680000700505,2958
680000700506,2959
6800700506,2959
680000153503,3935
680000153508,3935
680000364502,3963
680000364506,3945
680000153512,3951
680000153511,3951
680000153507,3954
680000153504,3935
680000153444,3942
680000153222,3942
680000153333,3942
680003006222,3935
680000153505,3975
680000153506,3975
680003004333,3935
680003005111,3935
680000025516,3245
680000025502,3246
680000025511,3245
680000025501,3245
680000025507,3245
680000025515,3249
680000025514,3249
680000025513,3244
680000216111,3489
680004011444,3246
680004014333,3245
680000025506,3245
680000591222,3489
680000215222,3489
680000215111,3489
680000216222,3489
680000045444,2435
680000956444,2437
680000956333,2437
680000220333,3985
680000025509,3244
680000025508,3245
680000025505,3245
680000045333,2435
680000025512,3244
680000025510,3245
680004011503,3245
680004010333,3245
680000025504,3245
680000025503,3246
680000025222,3257
680000025111,3257
680000659222,2836
680000546501,2845
680000546502,2845
680000569111,3236
680000546222,2835
680000096222,2839
680000096111,2839
680000659111,2836
680004026333,1625
680000570222,2828
680000570111,2828
680000546111,2835
680000894222,1621
680000294502,1629
680000294501,1629
680004026444,1625
680000505111,3716
680000236111,3690
680000236222,3690
680000591111,3489
680000224111,3894
680000648111,3796
680000648222,3796
680000505222,3716
680000218111,3988
680000641222,3988
680000641111,3988
680000224222,3894
680000569222,3236
680000658222,2828
680000658111,2828
680000218222,3988
680000237504,3711
680000805111,3810
680000805222,3810
680000154444,3796
680000237501,3694
680000506502,3752
680000506501,3752
680000237503,3711
680000237111,3696
680004041501,3858
680004041502,3860
680000237502,3694
680000854222,1277
680000852111,1361
680000853222,1361
680000237222,3696
680000815222,3805
680000238222,3851
680000238111,3852
680000238513,3856
680000238503,3844
680000238510,3850
680000238509,3849
680000815111,3805
680000154501,3796
680000238508,3848
680000238507,3854
680000238504,3844
680000154333,3796
680000154503,3796
680000154504,3796
680000154502,3796
680000646222,3989
680000646111,3989
680000644222,3979
680000644111,3979
680000656504,4047
680000656503,4047
680000221111,3993
680000221222,3993
680000656502,4506
680000656501,4506
680000656222,4054
680000656111,4054
680000299503,1663
680000299111,1663
680000855222,1277
680000295222,1277
680000188111,4041
680000600111,3883
680000600222,3883
680000293111,1361
680000189503,1237
680000602111,4041
680000602222,4041
680000188222,4041
680000189501,1233
680000189502,1233
680000607222,3883
680000607111,3883
680000603111,4041
680000603222,4041
680000601222,4041
680000601111,4041
680000093444,1879
680000921444,1862
680000921333,1862
680000930444,1932
680000922444,1869
680000093502,1879
680000093501,1879
680000093333,1879
680000131222,2741
680000928333,1928
680000928444,1928
680000922333,1869
680001008222,2495
680000132333,2723
680000132444,2723
680000131111,2741
680000299501,1663
680000880111,1661
680000880222,1661
680000299222,1663
680000935333,1918
680000923333,1876
680000923444,1876
680000299502,1663
680000927333,1870
680000929444,1926
680000929333,1925
680000935444,1918
680000930333,1932
680000924333,1873
680000924444,1873
680000927444,1870
680000761111,2923
680000766444,2908
680000766333,2908
680004005444,2908
680000760111,2923
680000762111,2914
680000762222,2914
680000761222,2923
680000141222,2922
680000144222,2908
680000141111,2922
680000760222,2923
680000848222,1394
680001012333,2266
680001012444,2266
680000144111,2908
680000069503,2344
680000069502,2356
680000069501,2356
680001008111,2495
680000017506,3121
680000017509,3121
680000017501,3226
680000069504,2344
680000017511,3121
680000017510,3121
680000017504,3143
680000017505,3122
680004005333,2908
680000017508,3144
680000017502,3144
680000017503,3144
680000053501,2977
680000053505,3089
680000553333,3326
680000553444,3326
680005007333,3131
680000818333,3227
680000818444,3227
680000053506,2977
680005007444,3131
680000551444,3160
680000551502,3154
680000552333,3130
680000133111,3018
680000551501,3154
680000552444,3130
680000551333,3159
680004009222,3279
680000053510,3089
680000053509,3089
680000053504,3089
680000124444,3042
680000797111,3033
680000070333,3037
680000070444,3037
680005009111,3288
680005009222,3288
680000657222,3277
680000657111,3277
680000001512,3220
680000001513,3209
680000769501,2972
680000123501,2965
680000770222,3107
680000770111,3107
680000772111,2981
680000771111,2967
680005010222,3084
680000756111,3288
680000756222,3084
680000771222,2967
680000175111,3032
680000767111,2983
680000767222,3106
680005010111,3084
680000257502,3109
680000257503,3106
680000257501,3109
680000001517,3166
680000134222,3117
680000134111,3117
680000001511,3101
680000001510,3101
680000769444,3098
680000769333,3098
680000700503,2959
680000700504,2959
680000023501,3154
680000023503,3225
680000142222,3154
680000023502,3225
680000772222,2981
680000012501,3288
680000266501,3139
680000142111,3278
680000157333,3327
680000012222,3084
680000001505,2997
680000001504,2996
680000707222,2845
680000098111,2831
680000098222,2831
680000012111,3084
680001027222,1890
680001026111,1890
680001026222,1890
680000707111,2845
680000063333,2224
680000994333,2220
680000994444,2220
680001027111,1890
680000267222,3029
680000267111,3029
680000550333,3152
680000550444,3151
680000798333,3098
680000798444,3098
680000799444,2965
680000018333,2959
680004007333,57818
680000010509,2969
680000010510,2969
680000799333,2965
680000001503,2996
680000001502,2996
680000001501,2996
680000001506,2997
680000238511,3856
680000238512,3856
680000580222,1098
680000580111,1098
680000238516,3852
680000238515,3852
680000804501,3838
680000238505,3845
680000804222,3814
680000804111,3814
680000238518,3846
680000238517,3846
680000238514,3856
680000238506,3854
680000238502,3843
680000238501,3843
680000874444,1400
680000090333,1373
680000090444,1377
680000063444,2224
680006006111,2836
680000110111,2836
680000110222,2836
680000874333,1400
680000581111,1108
680000111222,2836
680000111111,2836
680006006222,2836
680000702111,1090
680000702222,1092
680004040501,1098
680000581222,1108
680001034111,2147
680001034222,2147
680001035111,2172
680001035222,2172
680000521444,3397
680004002111,3395
680000353111,2165
680000353222,2165
680000527444,3396
680000522444,3390
680000522333,3390
680000521333,3397
680000170444,3398
680000526444,3390
680000526333,3390
680000527333,3396
680000113501,2481
680000082503,1176
680006002111,1229
680006002222,1229
680000113503,2481
680000113111,2481
680000665222,2479
680000665111,2479
680000897333,1542
680000897444,1542
680000868444,1546
680000868333,1546
680000303444,1551
680000303333,1551
680000896333,1618
680000896444,1618
680001036222,1952
680001019222,1982
680001019111,1982
680000077503,1962
680001018111,2171
680000077111,1961
680000077222,1962
680001036111,1952
680000289111,1372
680000289222,1372
680000077504,1961
680001018222,2171
680000288222,1369
680000288111,1369
680000847222,1400
680000847111,1400
680000026504,2916
680000026503,2905
680000211222,3375
680000170333,3398
680000026502,2912
680000026501,2899
680000775222,2917
680000775111,2917
680000776111,2915
680000776222,2915
680000812222,2897
680000812111,2897
680001021501,1951
680001021222,1951
680000077502,1979
680000077501,1979
680000436111,3632
680000436222,3632
680000176504,3782
680000106222,3239
680000437504,3676
680000437503,3676
680000433111,3782
680000439111,3778
680000434503,3782
680000434502,3784
680000437444,3663
680000437333,3663
680000438505,3791
680000438506,3791
680000438504,3641
680000434501,3784
680000821111,55706
680000820222,3624
680000820111,3624
680000248111,3626
680000535333,3619
680000822222,3626
680000822111,3626
680000821222,55706
680000568111,3277
680000248333,3649
680000248444,3649
680000535444,3619
680000106111,3239
680004016222,3281
680004016111,3281
680000568222,3294
680000271222,1611
680000271111,1611
680000343502,1766
680000343501,1766
680000336222,1767
680000037333,1762
680000037222,1762
680000037111,1762
680000908444,1595
680000908333,1595
680000330222,1774
680000330111,1774
680000332222,1777
680000333222,1723
680000331333,1762
680000331444,1762
680000437505,3663
680000437506,3663
680000438503,3663
680000438444,3641
680000336501,1762
680000327504,1776
680000435505,3791
680000435506,3791
680000909333,1725
680000909444,1725
680000857111,1721
680000857222,1721
680000876222,1597
680000876111,1597
680000907444,1587
680000907333,1587
680000385501,3497
680000613111,3565
680004014111,3565
680000613222,3565
680000510222,3575
680000510111,3574
680000383222,3511
680000383111,3511
680000157501,3567
680000157502,3558
680000561333,3492
680000561444,3492
680000389501,3558
680000387333,3537
680000394333,3565
680000386222,3565
680004019111,3004
680000022528,3114
680000022527,3114
680000021502,3004
680000807111,3565
680000807222,3565
680000383501,3511
680000383502,3511
680000157505,3565
680000387222,3571
680000564333,3535
680000564444,3535
680000384111,3565
680000157506,3565
680000157503,3565
680000157504,3565
680000562333,3495
680000509222,3537
680000509111,3537
680000508222,3573
680000563444,3496
680000563333,3496
680000396444,3571
680000562444,3494
680000704222,1070
680000699111,1062
680000699222,1062
680000397501,3580
680000614111,1065
680000698222,1063
680000698111,1063
680000704111,1070
680000391111,3558
680000391222,3558
680000392111,3565
680000388222,3565
680000615222,3765
680000393222,3565
680000560333,3488
680000560444,3488
680000612222,3575
680000612111,3575
680000507222,3547
680000507111,3547
680000508111,3573
680000389502,3558
680000394111,3565
680000394222,3565
680000341501,1772
680000911333,1758
680000911444,1758
680000338504,1772
680000329222,1770
680000328501,1777
680000328502,1777
680000341502,1772
680000910444,1778
680000337222,1770
680000335444,1772
680000335333,1772
680000339111,1783
680000338111,1772
680000338503,1767
680000910333,1778
680000138222,1069
680000705111,1068
680000705222,1068
680000614222,1065
680000230333,3586
680000511111,3588
680000511222,3589
680000138111,1069
680000055111,2836
680000662222,2836
680000662111,2836
680000230444,3586
680000328222,1777
680000365444,2594
680000055222,2836
680000365333,2594
680000082513,1180
680000082514,1180
680006001222,1230
680006001111,1230
680000082333,1176
680000082222,1176
680000082516,1148
680000082515,1148
680000082509,1176
680000082510,1176
680000082505,1214
680000082111,1176
680000082508,1176
680000082507,1176
680000082504,1176
680000082501,1176
680000863111,1487
680000501333,1770
680000501444,1770
680000339222,1783
680000865444,1486
680000864333,1487
680000864444,1487
680000863222,1487
680000082511,1176
680000302222,1489
680000302111,1489
680000865333,1486
680000082506,1176
680000082502,1176
680000082512,1176
680004013333,1176
680000840333,1277
680000840444,1277
680000851111,1361
680000841222,1277
680000021512,2957
680000021515,3028
680000842222,1348
680000842111,1360
680000021508,3238
680000021510,3050
680000021509,3238
680000021506,3232
680000021507,3232
680000021514,3004
680000021511,3087
680000021505,3232
680000013506,3141
680000013508,3124
680000008503,3124
680000008502,3124
680000068501,2144
680001013444,2135
680001013333,2135
680000013505,3141
680000287222,1277
680000068503,2133
680000068504,2133
680000068502,2144
680000841111,1277
680000838333,1277
680000838444,1277
680004034444,1277
680000024509,3300
680000024519,3245
680000024518,3245
680000024512,3295
680000620111,3244
680000620222,3244
680000619111,3249
680000024508,3300
680000024513,3295
680000619222,3244
680000621222,3295
680000621111,3295
680000024502,3245
680000024511,3296
680000024510,3296
680000024514,3295
680000748111,1304
680000825222,1280
680000825111,1280
680000021513,2957
680000276111,1304
680000824111,1304
680000824222,1304
680000748222,1304
680000746222,1304
680000276502,1304
680000276501,1304
680000276222,1304
680000024604,3245
680000024503,3245
680005000111,3245
680000746111,1304
680000559444,3426
680000559333,3426
680000183502,3412
680000183501,3412
680000557444,3413
680000557333,3413
680000183444,3420
680000183333,3420
680000593111,56091
680000593222,56091
680000555333,3406
680000555444,3406
680000022525,3050
680000183222,56073
680000592222,56088
680000592111,56088
680004012222,3296
680000024507,3290
680000024506,3290
680000024501,3245
680000024504,3246
680000024517,3301
680000024515,3295
680000024516,3295
680000960444,2790
680000989444,2796
680000989333,2796
680000024505,3246
680000556333,3403
680000556444,3403
680000054111,2795
680000960333,2790
680000021503,3238
680000021504,3238
680000022518,2959
680000022519,2959
680000022510,3238
680000022512,3238
680000022505,3294
680000022504,3293
680000022507,3291
680000022506,3292
680000022503,3233
680000022511,3238
680000022509,3232
680000022508,3232
680000022501,3294
680000022502,3292
680000022514,3114
680000022516,2959
680000022517,2959
680000022513,3050
68000038505,3233
680000022522,3291
680000022523,3232
680000022515,3050
680000038506,3277
680000038505,3277
680000022520,2959
680000022521,2959
680000021501,3004
680000022524,3238
680000022526,3050
68000038506,3233
680000370111,2062
680001055444,2070
680000375111,2054
680000369444,2054
680001056111,2061
680001053333,2070
680000371333,2070
680001054444,2070
680001047222,2054
680003001501,2061
680000051501,2059
680001052222,2070
680000373501,2058
680000373333,2064
680000986111,2073
680000986222,2096
680000900333,1504
680000900444,1504
680000092504,1510
680000092503,1510
680000092502,1514
680000092501,1514
680000092333,1514
680000092444,1514
680000906333,1585
680000906444,1585
680000905333,1523
680000905444,1523
680000375222,2054
680000051502,2103
680000376222,2077
680000376111,2053
680000044504,2687
680000970333,2678
680000970444,2678
680000044501,2670
680000967333,2666
680000044333,2687
680000044444,2687
680000044503,2687
680000298111,1692
680000879111,1667
680000879222,1667
680000967444,2666
680000862111,1681
680000862222,1681
680000298333,1679
680000298222,1692
680000993444,2040
680000372222,2075
680001050111,2058
680000373502,2058
680000992444,2057
680000991444,2103
680000991333,2061
680000993333,2040
680000991222,2080
680000375333,2054
680001048222,2053
680000992333,2057
680000044502,2670
680000710503,2103
680000462222,2074
680000462111,2074
680000251111,2868
680000251222,2868
680000574222,2868
680000574111,2869
680000097501,3304
680000097222,3304
680000706222,3295
680000706111,3297
680000239222,3846
680000239111,3846
680000097502,3304
680000097111,3304
680000292111,1297
680000292222,1297
680000240222,3834
680000240111,3834
680000666444,2641
680000666333,2641
680000664111,2625
680000664222,2625
680000058333,2579
680000058444,2579
680000112111,2620
680000112222,2620
680000223111,3917
680000223222,3917
680000225111,3909
680000225222,3909
680000242111,3895
680000242222,3895
680000803111,3887
680000803222,3887
680000653111,4035
680000217222,4013
680000217501,4017
680000217502,4010
680000586444,3980
680000638222,4001
680000638111,4001
680000653222,4035
680000013507,3142
680000654111,4036
680000654222,4036
680000586333,3980
680000013504,3139
680000013503,3139
680000013501,3139
680000013502,3139
680000639222,3996
680000639111,3996
680000378111,55697
680000378222,55697
680000379444,4027
680000379333,4027
680000380222,4005
680000380111,4005
680000637222,4008
680000637111,4008
680000595222,4036
680000595111,4036
680000377111,4018
680000382222,55697
680000382111,55697
680000217111,4015
9100WEMYSSB,29132
9100WDRNGTN,55604
9100WHINH,29444
9100WHIFLET,23394
9100WESTRTN,20407
9100WETHERL,55496
9100WHAILES,8271
9100WHHL,29487
9100WISHAW,24032
9100WKILBRD,18081
9100WKNTNTH,55470
9100WKNT,55470
9100WICK,51410
9100WIGTON,55487
9100WMWD,19657
9100THLB,19615
9100THURSO,51070
9100TULLOCH,55330
9100TWDBANK,4963
9100TYNDRML,30215
9100TROON,16952
9100TYNDRMU,30212
9100UDNGSTN,12765
9100UPHALL,11577
9100WCALDER,11056
9100WALLYFD,6057
9100STHGYLE,57747
9100STIRLNG,31256
9100STRNRR,1301
9100STRMFRY,52037
9100STVNSTN,18222
9100STOW,4821
9100SUMRSTN,21269
9100THAL,11820
9100TAIN,54225
9100TAYNULT,49386
9100SHWFAIR,7762
9100SHVN,45918
9100SHTT,25408
9100SHTLSTN,22001
9100SHWLNDS,57405
9100SHILDMR,24165
9100SINGER,29986
9100SLCT,17961
9100SLATEFD,8757
9100SPEANBD,55237
9100SPFD,33007
9100SPRNGBN,22261
9100STCN,52145
9100STEPPS,22929
9100STEWRTN,15254
9100STCKSFL,55562
9300FAI,18106
9300FEO,49728
9300FIO,55705
9300FIB,55705
9300EAS,49126
9300EAI,49126
9300FAG,52617
9300ERI,51481
9300GIL,51363
9300GCH,29427
9300GLE,51926
9300GLC1,51986
9300GLC,51986
9300GNQ,58001
9300GLW,20961
9300FWL,55117
9300GAL0,54861
9300GAL,54861
9300HEL,50185
9300HAN,50437
9300HLI,17953
9300GOV,20602
9300GUR,29218
9300GOV1,20602
9300GVN,17777
9300GVH,29303
9300ICM1,50366
9300ICM,50366
9300INP1,29958
9300INP,29958
9300INC,34749
9300ILN,53115
9300IOA,55705
9300INV,53848
9300HUN,50097
9300CBA0,51481
9300CBA,51481
9300CJU,49736
9300CLB,49755
9300CAN0,51635
9300CAN,51635
9300CAM,55132
9300COT,49955
9300CPB,49697
9300CRR,55039
9300CRN,54171
9300CSY0,49103
9300CSY,49103
9300CSL1,51481
9300CSL,51481
9300CLY1,29969
9300CLY,29969
9300CNU0,55705
9300CNU,55705
9300COL0,54806
9300COL,54806
9300DNU,50046
9300DRM,54816
9300DUR,50537
9300CUN,49081
9300CUM,18169
9300CYN,1356
9300CWR,50537
9300CYS1,1364
9300CYS,1364
9300CYN1,1356
9200PIK1,17262
9200OBN1,49278
9200TRE1,54806
9200SYY1,51688
9300ABA,47041
9200WIC1,51414
9200NCL1,55587
9300ARI,54850
9300ARG,55054
9300ARD0,17953
9300ARD,17953
9300ARM0,54881
9300ARM,54881
9300BAD,52198
9300AYR,16824
9300ADL,49630
9300ADG,49858
9300ACH,29720
9300ADT1,54865
9300ADT,54865
9300ALU,49632
9300ALT,52315
9300AHB,51481
9300ANS1,33714
9300ANS,33714
9300AMH,49717
9300BFD,51865
9300BEL1,5267
9300BHS,20226
9300BAL,29795
9300BCP,29800
9300BEL,5267
9300BRB0,18013
9300BRB,18013
9300BLM,50152
9300BLW,20962
9300BLV1,29728
9300BLV,29728
9300BNY,51503
9300BMH,29958
9100WYLAM,55570
9100YOKER,30168
9100WTCR,19568
9200ABZ1,46387
9100CMRNBDG,32839
9100LEVEN,32881
9200BEB1,51479
9100ZZTYLIN1,55534
9100ZZTYLIN,55534
9100ZZTYKKH1,55534
9100ZZTYKKH,55534
9100ZZTYSGY,55534
9200GLA1,56026
9200INV1,93093
9200ILY1,49666
9200BRR1,51481
9200COL1,54806
9200CAL1,49640
9200CSA1,49103
9200EDI1,90134
9200DND1,38504
9300WMB0,29132
9300WMB,29132
9300YOK,20383
9400ZZBKKIN,27133
9400ZZBKBON,27167
9400ZZBKBKH,27064
9400ZZBKMAN,27059
9300SQF,8235
9300SCR,51092
9300SEC1,21315
9300SEC,21315
9300TAB0,51672
9300TAB,51672
9300TAV,49784
9300TAR,49605
9300STL,49631
9300STF,55705
9300STO0,51678
9300STO,51678
9300STL1,49631
9300STR,1289
9300TLN,54946
9300TOB,54807
9300TPR,34224
9300TIG,49967
9300TKN1,55543
9300TKN,55543
9300TYL,49685
9300UIG0,51595
9300UIG,51595
9300UFU1,54805
9300UFU,54805
9300ULV1,54805
9300ULV,54805
9300ULL0,52315
9300ULL,52316
9300TRE,54806
9300TPR1,34224
9300TRO1,30290
9300TRO,30290
9300TRN,16964
9300TRE0,54806
9300TSC,50441
9300ONP,49205
9300OKF,49198
9300OBA0,49182
9300OBA,49182
9300NBW1,6786
9300NBW,6786
9300NGG,54171
9300PLQ1,58001
9300PLQ,58001
9300PLN0,49658
9300PLN,49658
9300PAV,49967
9300PAP,49294
9300PAK0,49728
9300PAK,49728
9300PRE,51724
9300PRA,49294
9300PTM0,54840
9300PTM,54840
9300RAY0,17864
9300RAY,17864
9300RAA,51816
9300ROY,34296
9300ROW,50334
9300RVM1,21233
9300RVM,21233
9300SCO,51816
9300SCG,52198
9300RFW,29113
9300RHU,49955
9300KGN,50171
9300KLH,54877
9300KLB,54826
9300IPB1,29966
9300IPB,29966
9300IVU,49628
9300IVS,49628
9300IVE,54878
9300IVB,50330
9300JOG,51469
9300IVY,49439
9300KER,49197
9300KEN0,49760
9300KEN,49760
9300LBS0,51478
9300LBS,51478
9300LEV,51630
9300LCT,49830
9300LCS,37146
9300LCR,49755
9300LHL,54803
9300LGS,18178
9300LGH,49541
9300KRS,37145
9300KOL,51923
9300KLH0,54877
9300KSM1,51481
9300KSM,51481
9300LAG,54819
9300KYL,51926
9300LAM,17953
9300LUS,50401
9300LUI,49081
9300LMA0,51479
9300LMA,51479
9300LNH,9856
9300LMR,49273
9300LPL1,5267
9300LPL,5267
9300MLG,54878
9300MLG0,54878
9300MPT,18097
9300MCP,29206
9300MGK,54879
9400ZZEDAIR,90134
9400ZZEDBAL1,80010
9400ZZEDBAL,80010
9400ZZEDAIR2,90134
9400ZZEDAIR1,90134
9400ZZEDBAN2,57744
9400ZZEDBAN1,57744
9400ZZEDBAN,57744
9400ZZEDBAL2,80010
9400ZZEDMUR1,80009
9400ZZEDMUR,80009
9400ZZEDING2,90144
9400ZZEDING1,90144
9400ZZEDPKC2,57767
9400ZZEDPKC1,57767
9400ZZEDPKC,57767
9400ZZEDMUR2,80009
9400ZZEDPRS,9686
9400ZZEDPKS2,57767
9400ZZEDPKS1,57767
9400ZZEDPKS,57767
9400ZZEDSAU1,80011
9400ZZEDSAU,80011
9400ZZEDPRS2,9686
9400ZZEDPRS1,9686
9400ZZEDGAT,8358
9400ZZEDDEP2,80016
9400ZZEDDEP1,80016
9400ZZEDDEP,80016
9400ZZEDGOG1,8527
9400ZZEDGOG,8527
9400ZZEDGAT2,8358
9400ZZEDGAT1,8358
9400ZZEDGYL2,57779
9400ZZEDGYL1,57779
9400ZZEDGYL,57779
9400ZZEDGOG2,8527
9400ZZEDING,90144
9400ZZEDHAY2,8972
9400ZZEDHAY1,8972
9400ZZEDHAY,8972
9400ZZEDSHA2,80007
9400ZZEDSHA1,80007
9400ZZEDSHA,80007
9400ZZEDSAU2,80011
9400ZZEDYOR,57479
9400ZZEDSTA2,80002
9400ZZEDSTA1,80002
9400ZZEDSTA,80002
9400ZZEDYOR2,57479
9400ZZEDYOR1,57479
9400ZZGLHIL,21643
9400ZZGLGOV2,20602
9400ZZGLGOV1,20602
9400ZZGLGOV,20602
9400ZZGLIBX1,20602
9400ZZGLIBX,20602
9400ZZGLHIL2,21644
9400ZZGLHIL1,21643
9400ZZGLKEB2,21577
9400ZZGLKEB1,21672
9400ZZGLKEB,21577
9400ZZGLIBX2,20602
9400ZZGLKIN,21135
9400ZZGLKEL2,57147
9400ZZGLKEL1,57147
9400ZZGLKEL,57147
9400ZZGLBUC,97012
9400ZZGLBRI2,21031
9400ZZGLBRI1,21031
9400ZZGLBRI,21031
9400ZZGLCES1,20938
9400ZZGLCES,20938
9400ZZGLBUC2,97012
9400ZZGLBUC1,97012
9400ZZGLCOW2,21432
9400ZZGLCOW1,21432
9400ZZGLCOW,21432
9400ZZGLCES2,20938
9400ZZCABOD,40791
9400ZZCABCH,40652
9100CHHL,55584
9100CDRS,50267
9100CDNL,56236
9100CDND,35117
9100CFFT,12332
9100CHTLRT,12951
9100CKHL,57434
9100CHRNGXG,21357
9100CLRKSTN,19676
9100CLYBANK,30023
9100CMBSLNG,12350
9100CMBRNLD,25011
9100CLELAND,25254
9100CLDRCRX,25369
9100CONONBR,53037
9100CONNELF,49252
9100CNST,40232
9100COATBDC,23577
9100CNTY,97017
9100COATDYK,23425
9100COATBDS,23600
9100BRNCHTN,29264
9100BRORA,50875
9100BRRYLNK,40060
9100BRRHL,17801
9100BRMPTNC,55518
9100BSHB,27601
9100BSDN,27307
9100BRSDE,12273
9100BRWCKUT,55554
9100BRUSTAN,10018
9100BUSBY,19624
9100BTHGATE,10707
9100CCRT,20784
9100CAMELON,26077
9100CARFIN,24318
9100CARRBDG,54396
9100CARMYLE,21971
9100CARLILE,55495
9100BLAIRHL,23440
9100BLARATH,93292
9100BLANTYR,12719
9100BISLND,35045
9100BISHPTN,28340
9100BNHL,22259
9100BLGRVE,21883
9100BLKRDGE,10333
9100BLSHL,23138
9100BOWLING,29867
9100BOGSTON,29472
9100BOORCHY,49587
9100BRGDDIE,23387
9100BRFRY,39173
9100BRIDGTN,21784
9100BRHD,19231
9100BREICH,10465
9100BRDNML,55541
9100ATADALE,52131
9100ASPTRIA,55475
9100ARISAIG,54856
9100ARGYLST,20961
9100ARDRSTN,17905
9100ARMTHWT,55497
9100ARMDALE,10369
9100ASFIELD,21640
9100BALMOSS,39166
9100BALLOCH,29728
9100BALISTN,22610
9100BANAVIE,55204
9100BARASIE,16999
9100AVIEMRE,93241
9100AYRR,16762
9100BGOALAN,31395
9100BEAULY,52937
9100BEASDAL,54846
9100GLNEGLS,36178
9100GLGQLL,97012
9100GLNRTHS,35505
9100GLNFNNN,54962
9100GIFNOCK,19602
9100GIRVAN,17784
9100GLGC,21043
9100GLGQHL,97012
9100GLGN,18933
9100GLGHST,21536
9100GLGCLL,21043
9100GRENCKC,29439
9100GRGMASJ,51188
9100GRETGRN,3955
9100GRENCKW,29381
9100GRLCHHD,50167
9100GOLSPIE,54359
9100GOLFSTR,40215
9100GOREBRG,7445
9100GOUROCK,29211
9100GRNFLDS,25019
9100GRTCSH,22968
9100GSCD,97031
9100HARMYRS,11909
9100HAMLTNC,12981
9100HAMLTNW,13002
9100EXHIBTC,21304
9100FALKRKG,26318
9100FAIRLIE,18110
9100FALKRKH,25931
9100ESHS,55837
9100ESKBANK,7871
9100FLIMBY,55475
9100FLSCRHN,49466
9100FAULDHS,10240
9100FEARN,54210
9100FORSNRD,50840
9100FORRES,47725
9100GARROWH,22598
9100GARVE,52668
9100FRTWLM,55166
9100FRTMTLD,29396
9100GALASLS,4783
9100DREMJ,6578
9100DNFRMLE,34060
9100DMBRTNE,29877
9100DMBRTNC,29644
9100DNROBIN,50797
9100DNLP,15310
9100DNFRMQM,34503
9100DUMFRES,3189
9100DUMBRCK,56527
9100DUNDETB,38740
9100DUNCRAG,52031
9100DUNBAR,7008
9100DUNANE,30588
9100DUNKELD,36698
9100DYCE,46393
9100DRMGLCH,24651
9100DRMFCHR,29275
9100DRMCHPL,20407
9100DRUMRY,30175
9100DUKEST,57269
9100DUIRNSH,51926
9100EDINPRK,57767
9100EDINGWY,8355
9100EDINBUR,9578
9100ELGIN,48096
9100EKILBRD,11987
9100CRBG,55555
9100CRGDRN,50300
9100CRMLNGT,55606
9100CRLK,13746
9100CORROUR,55329
9100CORPACH,55156
9100CRTSDYK,29325
9100CRSTRS,14349
9100CROKSTN,19916
9100CRNLRCH,30241
9100CROSSHL,57321
9100CROY,23865
9100CRSMYLF,20742
9100DALSTON,55487
9100DALWHIN,55382
9100CURRIEH,8259
9100CUPAR,33033
9100CULRAIN,53209
9100CWDNBTH,34810
9100DALRY,18386
9100DALMUIR,30088
9100DALGETY,34392
9100DINGWAL,53175
9100DLMRNOK,21754
9100DLMALLY,49526
9100DLREOCH,29646
9100DLMY,8231
9100DAWSHLM,21270
9100LOCHAWE,49500
9100LRNCKRK,45467
9100LNGNDRY,6436
9100LNSD,20905
9100LNLTHGW,11313
9100LVNSTNS,11374
9100LVNSTNN,11293
9100MAXWLPK,56130
9100MAYBOLE,16425
9100MILKNPK,28036
9100MKIN,32570
9100MLAIG,54879
9100KRKWOOD,23548
9100LADYBNK,32746
9100KYLELSH,51923
9100LAIRG,50628
9100KRKC,1013
9100KRKNWTN,11760
9100KRKH,12164
9100LCHALRT,54944
9100LCEILOB,55143
9100LCHLCHR,52592
9100LCHGLLY,34903
9100LCHESDE,55010
9100LCKRBIE,3565
9100LCHWNCH,27909
9100LANARK,13951
9100LAMBH,21269
9100LARKHAL,13414
9100LARGS,18150
9100LARBERT,26209
9100LGBK,28016
9100LENZIE,27755
9100LEUCHRS,33517
9100HRTW,25309
9100INVERKP,29147
9100INSCH,41767
9100INVURIE,42859
9100INVRSHN,53212
9100INVGWRE,38382
9100IRVN,18569
9100IVRNESS,53645
9100IVRKTHG,34338
9100IVRGRD,53848
9100HYDB,55541
9100HWKHEAD,28558
9100HYNDLND,21255
9100IBMM,29168
9100KGHN,35233
9100KGUSSIE,54065
9100KGPK,20808
9100KCLD,35327
9100JORDANH,20321
9100JOHNSTN,28058
9100KEITH,48788
9100KENISHD,19804
9100KLMAURS,15166
9100KLPTRCK,30112
9100KNGW,8744
9100KILDONN,50900
9100KINBRAC,50831
9100KILWNNG,18287
9100KILMRNK,14946
9100KINTORE,42687
9100HELMSDL,50991
9100HAYMRKT,8972
9100HEXHAM,55548
9100HNGT,55474
9100HNTL,41306
9100HOLYTWN,24332
9100HLFT,27406
9100HLNGTNE,19980
9100HLTWHST,55541
9100HLNSBRU,50226
9100HLNSBRC,50191
9100HLNGTNW,19924
9100HOWOOD,27976
9100ROGART,50756
9100ROYBDGE,55299
9100ROSYTH,34330
9100RIDNGML,55562
9100RTHGLEN,60011
9100SCTSTNH,97031
9100SCSCLDR,51175
9100SANQHAR,1037
9100POLMONT,26591
9100POSILPK,21567
9100PPAN,6178
9100PSLYGST,28539
9100PSLYCAN,28641
9100PSLYSTJ,28704
9100PTCK,21235
9100PTLCHRY,36348
9100PTGLSGW,29515
9100PRUDHOE,55562
9100QUNPARK,57364
9100RANNOCH,55287
9100PWCKAPT,17238
9100PWCK,17249
9100RENTON,29650
9100RBRYSTN,22413
9100NWCMNCK,16190
9100NWTGRNG,7484
9100NWTOA,16815
9100NWTM,93275
9100NWTL,12576
9100OBAN,49181
9100PATERTN,19443
9100PEGSWD,55572
9100PLKSHWE,21203
9100PLKLHDW,20771
9100PLKLHDE,56124
9100PLOCKTN,51942
9100PLKSHWW,20507
9100PLTH,46026
9100PERTH,37372
9100PHLD,19803
9100MNTVRNN,22462
9100MONTRSE,40826
9100MONIFTH,39739
9100MORAR,54870
9100MLGV,27475
9100MRRYTON,13448
9100MRYHILL,21277
9100MSELBGH,6003
9100MSSPARK,19977
9100MOTHRWL,24085
9100MPRT,55475
9100MRPTHRP,55583
9100NBERWCK,6786
9100NCRAGHA,10011
9100NEILSTN,19211
9100MTFL,57344
9100MUROORD,52984
9100MUIREND,20434
9100NAIRN,54452
9100NQNSFRY,34401
9100NITSH,19813
9400ZZGLWES2,56010
9400ZZGLPRT1,21235
9400ZZGLPRT,21235
9400ZZGLKIN2,21135
9400ZZGLKIN1,21135
9400ZZGLSHL2,56007
9400ZZGLSHL1,56007
9400ZZGLSHL,56007
9400ZZGLPRT2,21235
9400ZZGLSTG,21576
9400ZZGLSTE2,20961
9400ZZGLSTE1,20961
9400ZZGLSTE,20961
9400ZZGLWES1,56010
9400ZZGLWES,56010
9400ZZGLSTG2,21576
9400ZZGLSTG1,21576
9400ZZKDDUF,48486
9400ZZKDDRM,48598
9400ZZKDKTN,48775
9400ZZLWLEA1,13800
9400ZZLWLEA,13800
9400ZZLWGLE1,1114
9400ZZLWGLE,1114
9400ZZSPBOG,54520
9400ZZSPBML,54620
9400ZZSPAVM,93241
9400ZZTWWJR2,9928
9400ZZTWWJR1,9928
9400ZZTWWJR,9928
9400ZZTWWJQ2,9961
9400ZZTWWJT,9697
9400ZZTWWJS2,9890
9400ZZTWWJS1,9890
9400ZZTWWJS,9905
9400ZZTWWJU1,9621
9400ZZTWWJU,9621
9400ZZTWWJT2,9718
9400ZZTWWJT1,9718
9400ZZTWWJU2,9621
9400ZZTWWJN2,9861
9400ZZTWWJN1,9861
9400ZZTWWJN,9861
9400ZZTWWJP,9965
9400ZZTWWJO2,9956
9400ZZTWWJO1,9956
9400ZZTWWJO,9956
9400ZZTWWJQ1,9961
9400ZZTWWJQ,9960
9400ZZTWWJP2,9965
9400ZZTWWJP1,9965
9400ZZTYKKH,55534
9400ZZTYSGY,55534
9400ZZTYLIN1,55534
9400ZZTYLIN,55534
9400ZZTYKKH1,55534
9400ZZTYSGY1,55534
9400ZZTWCTP2,55587
9400ZZTWCTP1,55587
9400ZZTWCTP,55587
9400ZZTWAPT1,55587
9400ZZTWAPT,55587
9400ZZTWAPT2,55587
9400ZZTWBKF1,55587
9400ZZTWBKF,55587
090002232989,55475
090002232226,55475
090002232111,55475
090002232056,55475
090002251754,55475
090002251503,55475
090002240069,55478
090002252112,55475
090002252066,55475
090002252018,55475
090002251808,55475
090002252814,55475
090002252542,55475
090002252402,55475
090002252348,55475
090002220416,55478
090002220415,55478
090002220414,55478
090002220413,55478
090002221153,55478
090002220419,55478
090002220418,55478
090002220417,55478
090002231629,55475
090002231628,55475
090002231517,55475
090002221154,55478
090002231876,55475
090002231807,55475
090002231777,55475
090002231689,55475
090002300374,55476
090002300372,55476
090002300371,55476
090002300368,55476
090002321686,55487
090002312128,55475
090002301342,55476
090002300375,55476
090002322241,55487
090002321908,55487
090002321850,55487
090002321687,55487
090002342775,55475
090002341805,55475
090002341303,55475
090002322701,55487
090002261455,55487
090002252979,55475
090002252817,55475
090002290049,55476
090002282768,55475
090002290355,55476
090002290354,55476
090002290346,55476
090002290345,55476
090002352227,55475
090002351879,55475
090002351401,55475
090002351318,55475
090002361252,55487
090002361250,55487
090002430331,55475
090002430330,55475
090002430328,55475
090002430326,55475
090002430341,55475
090002430339,55475
090002430335,55475
090002430334,55475
090002430352,55475
090002430350,55475
090002430347,55475
090002430344,55475
090002590270,55471
090002590269,55471
090002590268,55471
090002430353,55475
090002391693,55487
090002391474,55487
090002382254,55487
090002400366,55476
090002400361,55476
090002400360,55476
090002400053,55476
090002430313,55475
090002430299,55470
090002430325,55475
090002430321,55475
090002430320,55475
090002430314,55475
090002042792,55475
090002042615,55475
090002042500,55475
090002060546,55478
090002022886,55487
090002041386,55475
090002042022,55475
090002041992,55475
090002041626,55475
090002041611,55475
090002042284,55475
090002042177,55475
090002042119,55475
090002042088,55475
090002121424,55475
090002121423,55475
090002071245,55487
090002060549,55478
090002060548,55478
090002060547,55478
090002101352,55487
090002101351,55487
090002072301,55475
090002071968,55475
090002102600,55487
090002102084,55487
090002101617,55487
090002150392,55477
090002150391,55477
090002150390,55477
090002150389,55477
090002161763,55475
090002161762,55475
090002161706,55487
090002161441,55487
090002170378,55477
090002170377,55477
090002170376,55477
090002170373,55477
090002170383,55477
090002170382,55477
090002170381,55477
090002170380,55477
090002131502,3780
090002121847,55475
090002121426,55475
090002121425,55475
090002141150,55477
090002132723,3780
090002132700,3796
090002131507,3780
090002150379,55477
090002150065,55477
090002150064,55477
090002150062,55477
090002150388,55477
090002150387,55477
090002150386,55477
090002150385,55477
090002220400,55478
090002220399,55478
090002220398,55478
090002220397,55478
090002220404,55478
090002220403,55478
090002220402,55478
090002220401,55478
090002220408,55478
090002220407,55478
090002220406,55478
090002220405,55478
090002220412,55478
090002220411,55478
090002220410,55478
090002220409,55478
090002180362,55475
090002171149,55477
090002171148,55477
090002170384,55477
090002180367,55476
090002180365,55475
090002180364,55475
090002180363,55475
090002181147,55475
090002180370,55475
090002180369,55475
090002220396,55478
090002220395,55478
090002211146,55476
090033442994,55496
090033151574,55487
0900MPRT0,55475
090002590031,55470
090002433661,55475
090033101667,55495
090033061431,55518
0900ASPTRIA0,55475
0900WIGTON0,55487
090002564715,55487
0900HNGT0,55474
0900FLIMBY0,55475
0900WIGTON1,55487
0900DALSTON1,55487
090074291308,55497
0900ARMTHWT1,55497
0900BRMPTNC1,55518
090002031692,55475
090002032651,55475
090002031836,55475
0900WETHERL1,55496
0900ASPTRIA1,55475
0900WKNT0,55470
0900BRMPTNC0,55518
0900DALSTON0,55487
0900CARLILE0,55495
090074021600,55534
0900ARMTHWT0,55497
0900WETHERL0,55496
090033221589,55511
090033061870,55518
090033061863,55518
090033061797,55518
090033061590,55518
090033062132,55518
090033062032,55511
090033061917,55518
090033061905,55518
090033062425,55511
090033062343,55518
090033062323,55518
090033062251,55518
090033062570,55511
090033062549,55518
090033062480,55511
090033062474,55511
090033012302,55492
090033011915,55492
090033011788,55492
090033063913,55518
090033022333,55494
090033021544,55494
090002562743,55487
090002562729,55487
090002562628,55487
090002562332,55487
090002590026,55474
090002581789,55487
090002562922,55487
090002562816,55487
090002590033,55470
090002590032,55474
090002590028,55474
090002590027,55470
090002590040,55471
090002590039,55471
090002590036,55471
090002590034,55470
090002532851,55487
090002531732,55487
090002561725,55487
090002561582,55487
090002561445,55487
090002561760,55487
090002561751,55487
090002561731,55487
090002561730,55487
090002590202,55474
090002590201,55471
090002590200,55471
090002590199,55471
090002590207,55474
090002590206,55471
090002590204,55470
090002590203,55471
090002590211,55471
090002590210,55471
090002590209,55474
090002590208,55474
090002590216,55471
090002590214,55471
090002590213,55471
090002590212,55471
090002590181,55471
090002590180,55474
090002590179,55474
090002590178,55474
090002590186,55471
090002590185,55471
090002590184,55470
090002590182,55474
090002590191,55471
090002590190,55474
090002590189,55474
090002590188,55471
090002590196,55471
090002590195,55471
090002590194,55474
090002590192,55471
090002590240,55470
090002590238,55471
090002590237,55470
090002590236,55471
090002590250,55471
090002590248,55471
090002590245,55470
090002590242,55471
090002590255,55470
090002590254,55471
090002590252,55470
090002590251,55471
090002590263,55471
090002590260,55471
090002590259,55470
090002590258,55471
090002590222,55471
090002590221,55471
090002590220,55470
090002590218,55471
090002590227,55471
090002590226,55471
090002590225,55471
090002590223,55471
090002590231,55470
090002590230,55470
090002590229,55471
090002590228,55471
090002590235,55470
090002590234,55471
090002590233,55471
090002590232,55471
090002590294,55471
090002590284,55471
090002590266,55471
090002590265,55471
090002590303,55471
090002590302,55471
090002590298,55471
090002590297,55471
090002591242,55470
090002591241,55470
090002590318,55471
090002590275,55471
090002590274,55471
090002590273,55471
090002590271,55471
090002590282,55471
090002590278,55471
090002590277,55471
090002590276,55471
090002590283,55471
090002441771,55475
090002441320,55475
090002432834,55475
090002432794,55475
090002442833,55475
090002442812,55475
090002442095,55475
090002442074,55475
090002470287,55471
090002470261,55470
090002461468,55475
090002450394,55477
090002470296,55470
090002470293,55470
090002470292,55471
090002470291,55470
090033011374,55492
090033011369,55492
090002430358,55475
090002430357,55475
090002430356,55475
090033011378,55492
090002432026,55475
090002431988,55475
090002431939,55475
090002431471,55475
090002432671,55475
090002432404,55475
090002432261,55475
090002432053,55475
090002492103,55475
090002492083,55475
090002492079,55475
090002491886,55475
090002492728,55475
090002492685,55475
090002492392,55475
090002470306,55470
090002470305,55470
090002470304,55470
090002470300,55470
090002470312,55470
090002470311,55470
090002470310,55470
090002470308,55470
090002470327,55470
090002470319,55470
090002470317,55471
090002470315,55471
090002491791,3649
090002491737,3649
090002481456,55487
090002471244,55470
090002512117,55487
090002511945,55487
090002511940,55487
090002511666,55487
090002512956,55487
090002512955,55487
090002512954,55487
090002512393,55487
090002512965,55487
090002512964,55487
090002512963,55487
090002512957,55487
090002512966,55487
090002511465,55487
090002511457,55487
090002511408,55487
090002511407,55487
090002511665,55487
090002511650,55487
090002511649,55487
090002511549,55487
090033501823,55520
090033443550,55497
090033442842,55496
090033442803,55497
090033502052,55520
090074012746,55511
090074012406,55518
090074011766,55497
090074132936,55497
090074132758,55497
090074291393,55497
090074291392,55497
090074291387,55497
090033171326,55520
090033170987,55520
090033152860,55497
090033152790,55487
090033171768,55520
090033171452,55518
090033171430,55520
090033171354,55518
090033191408,55511
090033191407,55511
090033191331,55511
090033172702,55520
090033191409,55520
090033151372,55487
090033151371,55487
090033151363,55497
090033151358,55497
090033152135,55497
090033152068,55497
090033151576,55487
090033151518,55497
090033152264,55487
090033152209,55487
090033152206,55487
090033152179,55487
090033152650,55487
090033152649,55487
090033152308,55487
090033152287,55497
090033191761,55511
090033192203,55511
090033191969,55511
090033191865,55511
090033191764,55511
090033280991,55520
090033271391,55492
090033271386,55492
090033271305,55492
090033301404,3992
090033301365,3984
090033292893,55520
090033281799,55520
090033311406,55487
090033311389,55487
090033302798,3986
090033302724,3986
090033322113,55494
090033312786,55487
090033311838,55487
090033311537,55495
090033192285,55511
090033192272,55511
090033192237,55518
090033221929,55520
090033221845,55520
090033221352,55511
090033211695,55520
090033232163,55494
090033222873,55511
090033222408,55511
090033222317,55520
090033252921,55466
090033251633,55466
090033242409,55520
090033232214,55494
090033441580,55497
090033441394,55496
090033422704,55494
090033421891,55492
090033442062,55496
090033441924,55496
090033441696,55511
090033441694,55496
090033442321,55511
090033442166,55497
090033442146,55497
090033442075,55497
090033442773,55497
090033442516,55496
090033442367,55497
090033442331,55496
090033331396,55492
090033331395,55492
090033322747,55494
090033322311,55494
090033361829,55497
090033361625,55497
090033361390,55497
090033361385,55497
090033372076,55496
090033362832,55495
090033362706,55497
090033361839,55497
090033402232,55520
090033391364,55520
090033382820,55520
090033372295,55496
090002590197,55474
090002590193,55471
090002590187,55471
090002590183,55471
090002590217,55471
090002590215,55471
090002590205,55471
090002590198,55474
090002590295,55471
090002590257,55470
090002590224,55471
090002590219,55471
090002551685,55487
090002551632,55487
090002551620,55487
090002551435,55487
090002552753,55487
090002552741,55487
090002552708,55487
090002552193,55487
090002552855,55487
090002552853,55487
090002552810,55487
090002552757,55487
090002590030,55474
090002582394,55487
090002562997,55487
090002561354,55487
090033012221,3983
090033012047,55492
090033011787,55492
090033011383,3983
090033022267,55494
090033012652,3983
090033031790,3984
090033031699,55520
090033031697,55520
090033031330,55520
090033062403,55520
090033062369,55511
090033061904,55520
090033061300,55520
090033011382,3983
090033102627,55495
090033102612,55497
090033102590,55496
090033102587,55495
090033121821,55495
090033102864,55495
090033102690,55495
090033102639,55495
090033141584,55497
090033141406,55497
090033141405,55511
090033132265,55518
090033151314,55487
090033142952,55497
090033142328,55497
090033142204,55511
090033101519,55495
090033101325,55495
090033101324,55495
090033071630,55487
090033102040,55496
090033101916,55494
090033101816,55495
090033101744,55495
090033102396,55494
090033102233,55494
090033102168,55495
090033102107,55496
090033102559,55496
090033102526,55495
090033102452,55496
090033102420,55496
090002161348,55475
090002161316,55487
090002142303,55477
090002142201,55475
090002162361,55487
090002162259,55487
090002161534,55487
090002222376,55478
090002221323,55478
090002221322,55478
090002221321,55478
090002131540,3780
090002131491,3885
090002132991,3649
090002132366,3780
090002132338,3796
090002132049,55487
090002322355,55487
090002322354,55487
090002322292,55475
090002321541,55475
090002341343,55475
090002332712,55487
090002332400,55487
090002332347,55487
090002342131,55487
090002341421,55487
090002341347,55487
090002341346,55475
090002351391,55475
090002342881,55487
090002342711,55475
090002342169,55475
090002222662,55478
090002262879,55487
090002261530,55487
090002240393,55478
090002281342,55475
090002351392,55475
090002391366,3780
090002382811,55487
090002382405,55487
090002381362,55487
090002392356,55487
090002590279,55471
090002481370,55487
090002471243,55470
090002470332,55470
090002470322,55470
090002492992,55475
090002492777,55475
090002492537,55475
090002491345,55475
090002512258,55487
090002510669,55487
090002551368,55487
090002551317,55487
090002541837,55475
090033011373,55492
090033011370,55492
090033011359,3983
090002432240,55475
090002431671,55475
090002431655,55475
090002431591,55475
090002441315,55475
090002432764,55475
090002432603,55475
090002432427,55475
090002462871,55475
090002461341,55475
090002451152,55477
090002451151,55477
090002513245,55487
090002513244,55487
090002493242,3649
090002443251,55475
090033313255,55487
090002553254,55487
090002023253,55487
090002023252,55475
090033443552,55497
090033443551,55497
090074293548,55497
090002553256,55487
090033323226,55494
090033063225,55518
090033063224,55518
090033443229,55497
090002263241,55487
090002263240,55487
090002563239,55487
090002563238,55487
090002463258,55475
090002313257,55475
090002013262,55487
090002073261,55475
090002123260,55475
090002463259,55475
090002393270,3780
090002583269,55487
090033151539,55495
090002333273,55487
090002133368,3780
090002133271,3780
090002363343,55487
090002103342,55487
090002553341,55487
090002553340,55487
090033103323,55495
090033153322,55495
090033323173,55494
090033193167,55520
090033193166,55520
090033193165,55520
090033103180,55495
090033363176,55496
090002223039,55478
090002223038,55478
090002223037,55478
090002143069,55477
090002143068,55477
090033103062,55494
090002223075,55478
090002223074,55478
090002433005,55475
090002433004,55475
090002563124,55487
090002223036,55478
090002223035,55478
090002593121,55471
090002593120,55471
090002223079,55478
090002223078,55478
090002223077,55478
090002223076,55478
090002223083,55478
090002223082,55478
090002223081,55478
090002223080,55478
090002593093,55474
090002593092,55474
090002223085,55478
090002223084,55478
090002493104,55475
090074592239,55497
090074591848,55497
090074591388,55497
090074292152,55497
090074292726,55497
090074381698,55497
090074294002,55497
090033373917,55494
090074293945,55497
090074293944,55497
090033061338,55518
090033174031,55518
090033104013,55495
090033104024,55495
090033104023,55495
090033104022,55495
090033104109,55497
090033104102,55495
090033104101,55495
090033104132,55494
090033124138,55495
090033124137,55495
090033124136,55495
090033104134,55495
090033154153,55487
090033104143,55496
090033374140,55496
090033104091,55494
090033104100,55495
090033104094,55495
090033104093,55495
090033104092,55494
090033364162,55497
090033364161,55497
090002094168,55475
090002124167,55475
090002124165,55475
090033104164,55497
090002494180,55475
090002394175,3779
090002564171,55487
090002104169,55487
090033014197,55466
090033104186,55495
090033104185,55495
090002494181,55475
090002283794,55475
090002143793,55477
090002463796,55475
090002463795,55475
090002473762,55470
090002593759,55471
090074013768,55497
090002103809,55487
090002103808,55487
090033063817,55518
090033063816,55518
090002393812,55487
090002393811,55487
090002223857,55477
090002223856,55477
090002513855,55487
090002513854,55487
090002483862,55487
090002223861,55477
090002223860,55477
090002223858,55477
090002483866,55487
090002483865,55487
090002483863,55487
090033373916,55494
090002013915,55487
090074013875,55497
090074013874,55497
090002293522,55476
090002293521,55476
090002293520,55476
090002293519,55476
090002293523,55476
090002293514,55476
090002293512,55476
090002293518,55476
090002293517,55476
090002293516,55476
090002293515,55476
090033103592,55495
090033253605,3981
090033413604,55520
090033083603,55520
090033223607,55488
090033013606,3983
090033103588,55495
090033103586,55495
090033103585,55494
090033103584,55494
090074293638,55497
090074293637,55497
090033313644,55487
090033313643,55487
090033313642,55495
090033313641,55495
090033023651,55494
090033253650,55494
090074293646,55497
090074293645,55497
090033413623,55520
090033063630,55520
090033393628,55520
090002433758,55470
090002132369,3780
090002133272,3885
090033073370,55487
090002553347,55487
090002553346,55487
090002553345,55487
090002483344,55487
090033103352,55497
090033103350,55496
090033193356,55518
090033173355,55518
090033133354,55518
090033443359,55496
090074013358,55511
090074013357,55518
090002453383,55477
090002453382,55477
090002453384,55477
090002103446,55487
090002483452,55487
090002013451,55487
090033173457,55520
090033173456,55520
090002363455,55487
090002363453,55487
090033283464,55520
090033223462,55511
090033373460,55496
090033223458,55511
090002223428,55478
090002183426,55475
090033153431,55497
090002223430,55478
090002223429,55478
090002223440,55478
090002243438,55478
090002563487,55487
090002563486,55487
090002563485,55487
090002563484,55487
090002563489,55487
090002563488,55487
090002403498,55476
090002403497,55476
090002073476,55475
090002563483,55487
090002563482,55487
090002563481,55487
090033104871,55495
090033104870,55495
090033104867,55495
090033104878,55495
090033104872,55495
090074024890,55534
090033104880,55495
090074294842,55497
090074294841,55497
090033194838,55511
090033104847,55495
090033104846,55495
090033104845,55495
090033374844,55494
090033104852,55495
090033104851,55495
090033104849,55495
090033104848,55495
090033324857,55494
090033104856,55495
090002514936,55487
090033154935,55487
090033314934,55487
090033014891,55492
090033104900,55494
090033234899,55494
090033234898,55494
090033224973,55520
090033224976,55520
090033224974,55520
090002564983,55487
090002564982,55487
090002564981,55487
090002514937,55487
090033024945,55494
090033024944,55495
090033024942,55495
090033444950,55496
090002134948,3796
090002134947,3796
090033444951,55496
090002564986,55487
090033415015,55520
090033415014,55520
090033295013,55520
090033295012,55520
090033025026,3986
090033025025,3986
090033395016,55520
090002165031,55487
090002595029,55474
090002595027,55474
090002224988,55478
090002044987,55475
090002564985,55487
090002564984,55487
090002224993,55478
090002224992,55478
090002224990,55478
090002224989,55478
090002224995,55478
090002044994,55475
090002334689,3780
090002334688,3780
090002134687,3885
090002134686,3885
090002354663,55475
090002354662,55475
090002354660,55475
090002574659,55474
090002354668,55475
090002354666,55475
090002354665,55475
090002354664,55475
090002164670,55475
090002564669,55487
090002014674,55487
090002014673,55487
090033105150,55497
090033445159,55496
090033234912,55494
090033175164,55520
090033175163,55520
090033445162,55496
090033445161,55496
090002384783,55487
090002434780,55475
090033104778,55496
090033274788,55492
090033074787,55488
090033254785,55491
090002104784,55487
090033374790,55496
090033105197,55495
090033155196,55495
090033105201,55495
090033105200,55495
090033105199,55495
090033105198,55495
090074295181,55497
090074295180,55497
090033365182,55497
090033104809,55495
090002494808,55475
090033444822,55496
090033444821,55496
090002564817,55487
090033194827,55511
090033194826,55511
090033194824,55511
090033444823,55511
090033315207,55487
090033315206,55487
090033105204,55495
090033105203,55495
090033155212,55487
090033155211,55487
090033315210,55487
090033315208,55487
090033105218,55495
090033105215,55495
090033194793,55511
090033194792,55511
090002434505,55475
090033104501,55495
090002254500,55475
090033324510,55494
090002134509,55487
090002434508,55475
090002434506,55475
090002594516,55470
090002594515,55471
090033444511,55496
090033444520,55496
090033404485,55520
090002564484,55487
090002564483,55487
090002434499,55475
090002434498,55475
090033374542,55496
090033374541,55496
090033104553,55495
090033104552,55495
090033104551,55495
090002574526,55474
090033364524,55497
090002594523,55471
090033324522,55494
090033444529,55496
090033374528,55496
090002574527,55474
090033374536,55494
090033374535,55494
090033374534,55494
090033374540,55496
090033374539,55496
090033374538,55496
090033374537,55494
090033104572,55495
090033104573,55495
090033154585,55487
090002594653,55471
090002574658,55474
090002404657,55476
090002404656,55476
090002134619,3649
090033394636,55520
090002594342,55473
090033104340,55494
090033104339,55494
090002104355,55487
090002434353,55475
090002434351,55475
090002254348,55475
090002104356,55487
090033364695,55497
090002564431,55487
090002564430,55487
090002254443,55475
090002434441,55475
090002434440,55475
090002594401,55471
090033404400,55497
090033104419,55495
090002134468,3796
090002134466,3796
090033444465,55496
090033444464,55496
090033324472,55494
090033324471,55494
090033174470,55518
090002574481,55474
090002574480,55474
090002434447,55475
090002434446,55475
090002164444,55477
090033074456,55487
090002334460,55487
090002334459,55487
090033074458,55487
090033221803,55520
090033221691,55520
090033221376,55488
090033252096,3981
090033232164,55494
090033222077,55520
090033221930,55520
090033321531,55494
090033291920,55520
090033291888,55520
090033271397,55492
090033360790,55497
090033360789,55497
090033360788,55497
090033322129,55494
090033191927,55511
090033191690,55511
090033192118,55496
090033192102,55511
090033192055,55511
090033191974,55511
090033192888,55496
090033192341,55511
090033192165,55511
090033192133,55496
090033371906,55494
090033371769,55496
090033371635,55496
090033362841,55497
090033372057,55496
090033372005,55494
090033371973,55496
090033371926,55494
090033372414,55496
090033372413,55494
090033372294,55496
090033372101,55494
090033372533,55494
090033372524,55494
090033372496,55494
090033372417,55494
090033361804,55497
090033361389,55497
090033360792,55497
090033360791,55497
090033362100,55497
090033362048,55496
090033362012,55497
090033361866,55495
090033362269,55495
090033362216,55497
090033362141,55497
090033362134,55497
090033362739,55497
090033362703,55496
090033362502,55495
090033362488,55497
090033442336,55496
090033442330,55496
090033442296,55496
090033442286,55496
090033442751,55496
090033442740,55496
090033442620,55496
090033442373,55496
090033442850,55496
090033442846,55496
090033442824,55496
090033442766,55496
090033442951,55496
090033442896,55496
090033442878,55496
090033442872,55496
090033421794,55494
090033411556,55520
090033401812,55520
090033372715,55494
090033441784,55496
090033441700,55496
090033441417,55496
090033422791,55494
090033442061,55496
090033442060,55496
090033441901,55496
090033441813,55496
090033442224,55496
090033442178,55496
090033442136,55496
090033442078,55496
090033102667,55495
090033102665,55495
090033102664,55495
090033102659,55495
090033102681,55495
090033102679,55495
090033102676,55495
090033102670,55495
090033102691,55495
090033102689,55495
090033102688,55495
090033102682,55495
090033102717,55495
090033102697,55495
090033102695,55495
090033102693,55495
090033102629,55495
090033102623,55495
090033102622,55495
090033102617,55497
090033102635,55495
090033102634,55495
090033102632,55495
090033102631,55497
090033102642,55495
090033102641,55495
090033102638,55495
090033102636,55495
090033102657,55495
090033102654,55495
090033102648,55495
090033102647,55495
090033103003,55495
090033103002,55495
090033102891,55495
090033102861,55495
090033110773,55495
090033110772,55495
090033110770,55495
090033110769,55495
090033110779,55495
090033110778,55495
090033110777,55495
090033110776,55495
090033110783,55496
090033110782,55496
090033110781,55496
090033110780,55496
090033102755,55496
090033102736,55494
090033102725,55495
090033102718,55495
090033102779,55495
090033102776,55497
090033102760,55496
090033102756,55495
090033102813,55495
090033102804,55495
090033102784,55495
090033102781,55495
090033102856,55496
090033102831,55495
090033102822,55494
090033102821,55495
090033151903,55487
090033151897,55487
090033151881,55487
090033151871,55487
090033152207,55487
090033152205,55487
090033152050,55487
090033152037,55487
090033152645,55487
090033152643,55487
090033152213,55487
090033152208,55487
090033171849,55518
090033152797,55487
090033152796,55487
090033152707,55487
090033110787,55497
090033110786,55497
090033110785,55497
090033110784,55497
090033121597,55495
090033121596,55495
090033112737,55518
090033112359,55518
090033151450,55487
090033122953,55495
090033121644,55495
090033121643,55495
090033151660,55487
090033151659,55487
090033151575,55487
090033151514,55487
090033102424,55495
090033102423,55494
090033102416,55497
090033102415,55495
090033102430,55497
090033102429,55495
090033102428,55495
090033102426,55495
090033102435,55495
090033102434,55495
090033102433,55495
090033102431,55497
090033102439,55495
090033102438,55496
090033102437,55495
090033102436,55495
090033102282,55495
090033102280,55495
090033102263,55495
090033102262,55495
090033102345,55495
090033102337,55495
090033102313,55496
090033102293,55496
090033102383,55495
090033102381,55495
090033102380,55495
090033102379,55495
090033102412,55495
090033102397,55495
090033102386,55495
090033102385,55496
090033102466,55496
090033102465,55495
090033102464,55495
090033102463,55496
090033102476,55494
090033102470,55494
090033102469,55496
090033102468,55495
090033102481,55494
090033102479,55495
090033102478,55497
090033102477,55495
090033102486,55495
090033102485,55496
090033102484,55497
090033102483,55495
090033102443,55495
090033102442,55495
090033102441,55494
090033102440,55497
090033102450,55495
090033102449,55495
090033102447,55496
090033102446,55495
090033102456,55494
090033102455,55496
090033102453,55495
090033102451,55497
090033102461,55495
090033102459,55497
090033102458,55494
090033102457,55495
090033102525,55496
090033102521,55495
090033102518,55495
090033102517,55495
090033102534,55495
090033102532,55496
090033102531,55495
090033102528,55495
090033102539,55495
090033102538,55495
090033102536,55495
090033102535,55494
090033102545,55495
090033102543,55495
090033102541,55496
090033102540,55495
090033102493,55495
090033102490,55494
090033102489,55496
090033102487,55495
090033102501,55495
090033102497,55496
090033102495,55495
090033102494,55495
090033102506,55496
090033102505,55495
090033102504,55495
090033102503,55495
090033102513,55495
090033102512,55496
090033102511,55495
090033102507,55495
090033102588,55495
090033102586,55495
090033102584,55495
090033102582,55496
090033102597,55495
090033102596,55495
090033102593,55495
090033102592,55497
090033102605,55495
090033102602,55496
090033102601,55495
090033102598,55497
090033102616,55495
090033102611,55495
090033102610,55495
090033102607,55495
090033102553,55495
090033102550,55495
090033102547,55496
090033102546,55496
090033102558,55495
090033102556,55495
090033102555,55495
090033102554,55497
090033102571,55496
090033102569,55495
090033102565,55494
090033102562,55496
090033102580,55496
090033102577,55496
090033102575,55496
090033102574,55497
090033101420,55495
090033101372,55495
090033101368,55495
090033101367,55495
090033101505,55495
090033101487,55495
090033101447,55495
090033101444,55495
090033101545,55496
090033101524,55495
090033101516,55495
090033101513,55495
090033101562,55495
090033101561,55495
090033101560,55495
090033101559,55495
090033062849,55518
090033062699,55518
090033062637,55518
090033062613,55511
090033072130,55494
090033071776,55494
090033071538,55487
090033062895,55518
090033072276,55494
090033072199,55494
090033072167,55494
090033072158,55494
090033082823,55520
090033072390,55494
090033072310,55494
090033072277,55488
090033101830,55495
090033101817,55495
090033101806,55495
090033101782,55495
090033101854,55495
090033101853,55495
090033101852,55494
090033101834,55496
090033101882,55495
090033101877,55495
090033101857,55496
090033101856,55495
090033101907,55495
090033101892,55495
090033101887,55495
090033101884,55495
090033101566,55495
090033101565,55495
090033101564,55495
090033101563,55495
090033101711,55495
090033101709,55495
090033101634,55495
090033101587,55495
090033101743,55495
090033101723,55495
090033101722,55495
090033101721,55495
090033101781,55495
090033101775,55495
090033101773,55495
090033101745,55495
090033102008,55494
090033102004,55495
090033102003,55495
090033102000,55495
090033102016,55495
090033102014,55495
090033102013,55496
090033102009,55496
090033102024,55494
090033102023,55495
090033102021,55496
090033102017,55495
090033102035,55494
090033102033,55495
090033102030,55495
090033102027,55495
090033101937,55495
090033101935,55494
090033101932,55494
090033101931,55495
090033101978,55495
090033101971,55496
090033101967,55494
090033101938,55495
090033101987,55496
090033101983,55496
090033101980,55495
090033101979,55495
090033101997,55497
090033101994,55494
090033101993,55497
090033101990,55495
090033102180,55494
090033102171,55496
090033102161,55496
090033102156,55494
090033102215,55495
090033102190,55496
090033102189,55495
090033102187,55496
090033102236,55495
090033102234,55495
090033102231,55495
090033102230,55495
090033102255,55495
090033102253,55495
090033102252,55495
090033102246,55494
090033102080,55496
090033102054,55496
090033102045,55495
090033102036,55495
090033102098,55495
090033102097,55495
090033102092,55496
090033102087,55495
090033102140,55495
090033102139,55497
090033102137,55495
090033102104,55495
090033102149,55495
090033102148,55495
090033102145,55495
090033102144,55495
090050570288,55473
090002570044,55474
090002590043,55471
090002590037,55471
090002590035,55471
090002590244,55471
090002590243,55471
090002590241,55474
090002590239,55474
090002590253,55474
090002590249,55471
090002590247,55471
090002590246,55471
090002590285,55471
090002590267,55474
090002590264,55471
090002590256,55474
090074021398,55534
090074011319,55497
090002590286,55471
090074292058,55497
090074291985,55497
090074291895,55497
090074292401,55497
090074292274,55497
090074131716,55497
090033103246,55495
090074293554,55497
090033103553,55495
090033442866,55497
090074293549,55497
090033101996,55495
090074293555,55497
090033233147,55494
090033233146,55494
090033233145,55494
090033233144,55494
090002433207,55475
090002513237,55487
090033443230,55497
090033443228,55497
090002433303,55475
090002133371,3796
090033103351,55496
090002593561,55474
090033373571,55494
090033103570,55495
090033103569,55495
090002593562,55471
090033173463,55518
090033373593,55494
090033103589,55495
090033103583,55495
090033103434,55495
090033373461,55496
090033373459,55496
090002363454,55487
090002433757,55475
090002223859,55477
090033103610,55495
090033103609,55495
090033103608,55495
090033103647,55495
090033443631,55496
090033293629,55520
090033413622,55520
090033073654,3891
090033073653,3891
090033443649,55496
090002403499,55476
090002223031,55478
090002563030,55487
090002563029,55487
090002153040,55477
090002223034,55478
090002223033,55478
090002223032,55478
090002573044,55474
090002573043,55474
090002153041,55477
090002593048,55471
090002593047,55471
090002593046,55471
090002573045,55474
090002433012,55475
090002433011,55475
090002433010,55475
090002463125,55475
090002433016,55475
090002433015,55475
090002433014,55475
090002433013,55475
090002433018,55475
090002433017,55475
090002593091,55474
090002593090,55474
090002593089,55474
090002593088,55471
090002493103,55475
090002593049,55471
090002213063,55476
090050573059,55473
090002593087,55471
090002593086,55471
090002223073,55477
090033103072,55495
090033233139,55494
090033233138,55494
090033103137,55494
090033233143,55494
090033233142,55494
090033233141,55494
090033233140,55494
090002593119,55471
090002593118,55471
090033103185,55495
090033103184,55495
090033103183,55495
090033103177,55495
090033363175,55496
090033323174,55494
090033103182,55495
090033103181,55495
090033103179,55495
090033103178,55495
090002225056,55477
090002035051,55475
090002225100,55478
090033375085,55494
090033375083,55494
090002535106,55487
090002515102,55487
090033224975,55520
090002255018,55475
090002235024,55475
090002235023,55475
090002255020,55475
090033105241,55494
090033105245,55494
090033105244,55494
090033105243,55494
090033105242,55494
090033105249,55494
090033105248,55494
090033105247,55494
090033105246,55494
090002495285,2879
090033105091,55495
090074295231,55497
090002145136,55475
090033255388,55491
090033255387,55491
090002185412,55475
090002045438,55477
090002435433,55475
090033105301,55494
090033365335,55497
090002165329,55487
090002385383,55487
090002021910,55487
090002021350,55475
090002012299,55487
090002011800,55487
090002041827,55475
090002092372,55477
090002091682,55477
090002102837,55487
090002100600,55487
090002092375,55475
090002031404,55475
090002011361,55487
090002011529,55487
090002011459,55487
090002011442,55487
090002011394,55487
090002594346,55471
090002184345,55475
090002594343,55471
090002254350,55475
090002254349,55475
090002594347,55471
090002574362,55474
090002574361,55474
090033144358,55511
090033064373,55518
090002564556,55487
090002564555,55487
090002534571,55487
090002534570,55487
090033104575,55496
090033104574,55496
090002594429,55474
090002594428,55470
090002594426,55470
090002574497,55474
090002184442,55475
090002434439,55475
090002594504,55471
090002574525,55474
090002354661,55475
090033104779,55496
090002145137,55475
090033174791,55518
090033214789,55520
090033254786,55491
090033104602,55495
090033154593,55487
090002574610,55474
090002574609,55474
090002574608,55474
090002574607,55474
090033234620,55494
090033374861,55496
090033104855,55495
090033104881,55495
090033104879,55495
090033104875,55495
090033104874,55495
090033124907,55495
090033124906,55495
090033104892,55496
090033235157,55494
090033104794,55495
090033105156,55495
090002044805,55475
090033234820,55494
090033234819,55494
090033104818,55494
090033104853,55495
090033104850,55495
090033444840,55497
090033444839,55511
090033234200,55494
090033014196,55466
090033234205,55494
090033104209,55494
090033104208,55494
090033104207,55494
090033234206,55494
090002104170,55487
090002124166,55475
090002564178,55487
090002394177,3780
090002394176,3780
090002224174,55478
090033074184,55487
090033074183,55494
090033074182,55494
090002564179,55487
090033064235,55520
090033104233,55495
090033104239,55497
090033444238,55496
090033444237,55496
090033064236,55520
090033104241,55496
090033104240,55495
090033414221,55520
090033414220,55520
090033104272,55495
090002444248,55475
090002234250,55475
090002234249,55475
090002454330,55477
090002254329,55475
090033103981,55494
090033103980,55494
090033103979,55494
090033103978,55494
090033103982,55494
090002153914,55477
090002593899,55470
090033103973,55494
090033103971,55494
090033103970,55494
090033103968,55497
090033103977,55494
090033103976,55494
090033103975,55494
090033103974,55494
090033104059,55495
090033104057,55495
090033104056,55497
090033104055,55495
090033104063,55495
090033104062,55495
090033104061,55495
090033104060,55495
090033104067,55495
090033104066,55495
090033104065,55495
090033104064,55495
090033104071,55495
090033104070,55495
090033104069,55495
090033104068,55495
090033104021,55495
090033104032,55494
090033104047,55495
090033104046,55495
090033104054,55495
090033104053,55495
090033104095,55495
090033104090,55497
090033104089,55495
090033104088,55495
090033104099,55495
090033104098,55495
090033104097,55495
090033104096,55495
090033104106,55495
090033104105,55495
090033104104,55495
090033104103,55495
090033104111,55496
090033104110,55496
090033104108,55495
090033104107,55495
090033104075,55495
090033104074,55495
090033104073,55495
090033104072,55495
090033104079,55495
090033104078,55495
090033104077,55495
090033104076,55495
090033104083,55495
090033104082,55495
090033104081,55495
090033104080,55495
090033104087,55496
090033104086,55496
090033104085,55495
090033104084,55495
090033104144,55496
090033104142,55496
090033104141,55494
090033374139,55496
090033014148,55492
090033444147,55497
090033444146,55497
090033104145,55496
090033154154,55487
090033234152,55494
090033014151,55492
090033014149,55492
090033104163,55497
090074294160,55497
090074294159,55497
090033104115,55495
090033104114,55497
090033104113,55496
090033104112,55496
090033104119,55495
090033104118,55495
090033104117,55495
090033104116,55495
090033104128,55494
090033104127,55496
090033104126,55495
090033104125,55495
090033194135,55511
60709450,17864
090033104133,55494
60707450,17864
090033104131,55494
60707831,17864
090033104130,55494
60709831,17864
60709010,17864
60709009,17864
60709007,17864
60709008,17864
60709014,17864
60709013,17864
60709011,17864
60709012,17864
60709017,17864
60709018,17864
60709016,17864
60709015,17864
60709043,17864
60709042,17864
60709044,17864
60709536,17864
60707480,17864
60709480,17864
60707830,17864
60709830,17864
60707003,17864
60709003,17864
60707479,17864
60709479,17864
60709006,17864
60707006,17864
60709005,17864
60709004,17864
60709038,18116
60709037,18116
60709040,18116
60709039,18116
60709033,18116
60709034,18116
60709036,18116
60709035,18116
60707865,49955
60709865,49955
60709031,18116
60709032,18116
60709883,17864
60707883,17864
60709882,17864
60709881,17864
60709024,17856
60709023,17856
60709022,17864
60709021,17864
60709089,17854
60707089,17854
60707025,17856
60709025,17856
60709027,17851
60707027,17851
60707026,17854
60709026,17854
60709030,18169
60709029,18169
60707833,17855
60709833,17855
60707404,49957
60709404,49957
60707552,49955
60709552,49955
60709576,49970
60707576,49970
60707549,49958
60709549,49958
60707574,49967
60709574,49967
60709239,49967
60707239,49967
60707573,49967
60709573,49967
60707405,49967
60709405,49967
60709852,17864
60707852,17864
60709047,17864
60707047,17864
60709687,49269
6070135,49270
6070132,49581
6070131,49581
6070171,54806
6070172,54806
6070619,50350
6070618,50350
6070175,54805
6070176,54805
6070173,54806
6070174,54806
60709482,49963
60707482,49963
60709564,49994
60707564,49994
60709232,50009
60707232,50009
60709825,49963
60709824,49963
60709458,49520
60709649,49520
60707527,49521
60709527,49521
60709392,49541
60707392,49541
60709547,49514
60707547,49514
60707559,49967
60709559,49967
60709406,49967
60707406,49967
60709407,49967
60707407,49967
60707403,49967
60709403,49967
60707550,49935
60709550,49935
60709561,49967
60707561,49967
60707554,49988
60709554,49988
60707553,49980
60709553,49980
6070597,50171
6070614,50171
6070595,50171
6070594,50171
6070480,50341
6070477,50342
6070478,50342
6070616,50171
6070484,50339
6070481,50340
6070482,50340
6070479,50341
6070487,50273
6070486,50265
6070485,50269
6070483,50339
6070585,50171
6070579,50171
6070578,50171
6070576,50171
6070589,50171
6070587,50171
6070610,50171
6070586,50171
6070613,50171
6070612,50171
6070591,50171
6070590,50171
6070627,50171
6070605,50171
6070593,50171
6070592,50171
60707616,49603
60709618,49570
60707618,49570
6070504,50315
60709642,49609
60709636,49611
60709641,49611
60709616,49619
6070472,50400
60709615,50331
60709614,50331
60709617,49609
60709611,49601
6070474,50400
6070475,50400
6070473,50400
6070491,50272
6070489,50266
6070490,50266
6070488,50273
6070495,50256
6070494,50258
6070493,50258
6070492,50264
6070499,50261
6070497,50257
6070498,50260
6070496,50256
6070503,50315
6070501,50277
6070502,50277
6070500,50263
60709079,49955
60709809,49955
60709808,49955
6070671,50171
60709081,49955
60707078,49955
60709078,49955
60709080,49955
60709084,49955
60709082,49955
60707082,49955
60707081,49955
60709087,49955
60709085,49955
60709086,49955
60709083,49955
60709731,49569
60709612,49573
60707612,49573
60707611,49601
6070675,50171
60709529,49633
60707529,49633
60707731,49569
6070676,50171
6070611,50171
6070588,50171
6070584,50171
6070670,50171
6070673,50171
6070672,50171
6070596,50171
60707060,17864
60709060,17864
60707061,17864
60709061,17864
60707057,17864
60709057,17864
60709054,17864
60709053,17864
60709052,17864
60707052,17864
60707058,17864
60709058,17864
60707048,17864
60709048,17864
60707051,17864
60709051,17864
60709075,49955
60709077,49955
60709461,49955
60709088,49955
60709070,17864
60709074,49955
60709073,49955
60709076,49955
60709067,17864
60709381,17864
60707381,17864
60709069,17864
60709066,17864
60707066,17864
60709448,17864
60709068,17864
6010990,51481
601099,51672
6010989,51481
6010988,51481
6010994,51481
6010993,51481
6010992,51481
6010991,51481
6010998,51481
6010997,51481
6010996,51481
6010995,51481
6010BNY0,51503
6010BEB0,51479
6010AHB0,51481
6010999,51481
6010976,51478
6010975,51478
6010974,51478
6010973,51478
601098,51672
6010979,51481
6010978,51478
6010977,51478
6010983,51481
6010982,51481
6010981,51481
6010980,51481
6010987,51481
6010986,51481
6010985,51481
6010984,51481
6020710871,51367
6020710879,51367
6020710878,51367
6020710876,51367
60709270,49181
60709269,49181
6020710873,51367
6020710872,51367
60709303,49890
60709273,49174
60709272,49174
60709271,49181
60709001,17864
60709323,49695
60709324,49695
60709304,49890
6010ERI0,51481
6010CSL0,51481
6010CBA0,51481
6010BRR0,51481
6010LMA0,51479
6010LEV0,51630
6010LBS0,51478
6010KSM0,51481
6020710875,51367
6010TAB0,51672
6010SYY0,51688
6010STO0,51678
6020710877,51367
6020710881,51367
6020710880,51367
6020710874,51367
6070691,50185
6070690,50185
6070524,50188
6070526,50191
6070536,50213
6070535,50213
6070532,50219
6070531,50211
6070542,50232
6070541,50232
6070539,50209
6070540,50209
6070547,50206
6070546,50206
6070545,50208
6070544,50201
60709109,50046
60709108,50045
60709107,50045
60709002,17864
60709308,49902
60709309,49902
60709398,49440
60709399,49440
6070608,50294
6070509,50289
6070508,50285
6070507,50285
6070515,50283
6070514,50283
6070511,50294
6070510,50289
6070565,50159
6070566,50159
6070563,50159
6070564,50159
6070570,50171
6070569,50171
6070567,50171
6070568,50171
6070574,50171
6070572,50171
6070573,50171
6070571,50171
6070577,50171
6070609,50171
6070581,50171
6070575,50171
6070549,50236
6070550,50207
6070548,50197
6070628,50193
6070553,50249
6070554,50242
6070551,50241
6070552,50252
6070557,50243
6070558,50244
6070555,50243
6070556,50243
6070561,50158
6070562,50158
6070559,50247
6070560,50247
6010878,51479
6010877,51479
6010876,51479
6010875,51479
6010881,51479
6010880,51479
601088,51672
6010879,51479
6010885,51479
6010884,51479
6010883,51479
6010882,51479
6010889,51479
6010888,51479
6010887,51479
6010886,51479
6010863,51479
6010862,51479
6010861,51479
6010860,51479
6010867,51479
6010866,51479
6010865,51479
6010864,51479
6010870,51479
601087,51672
6010869,51479
6010868,51479
6010874,51479
6010873,51479
6010872,51479
6010871,51479
6010903,51479
6010902,51479
6010901,51479
60109003,51688
6010907,51479
6010906,51479
6010905,51479
6010904,51479
6010910,51479
601091,51672
6010909,51479
6010908,51479
6010914,51479
6010913,51479
6010912,51479
6010911,51479
6010892,51479
6010891,51479
6010890,51478
601089,51672
6010896,51479
6010895,51479
6010894,51479
6010893,51479
60109,51678
6010899,51479
6010898,51479
6010897,51479
60109002,51678
60109001,51678
6010900,51479
601090,51672
6010932,51478
6010931,51478
6010930,51478
601093,51672
6010936,51478
6010935,51478
6010934,51478
6010933,51478
601094,51672
6010939,51478
6010938,51478
6010937,51478
6010943,51478
6010942,51478
6010941,51479
6010940,51479
6010918,51479
6010917,51478
6010916,51478
6010915,51479
6010921,51478
6010920,51479
601092,51672
6010919,51479
6010925,51478
6010924,51478
6010923,51478
6010922,51478
6010929,51478
6010928,51478
6010927,51478
6010926,51478
6010961,51478
6010960,51478
601096,51672
6010959,51478
6010965,51478
6010964,51478
6010963,51478
6010962,51478
6010969,51478
6010968,51478
6010967,51478
6010966,51478
6010972,51478
6010971,51478
6010970,51478
601097,51672
6010947,51478
6010946,51478
6010945,51478
6010944,51478
6010950,51478
601095,51672
6010949,51478
6010948,51478
6010954,51478
6010953,51478
6010952,51478
6010951,51478
6010958,51478
6010957,51478
6010956,51478
6010955,51478
60707625,49534
60709664,49588
60709663,49588
60709769,49494
60709396,49527
60709378,49531
60709397,49532
60709625,49534
60707640,49525
60709394,49526
60709395,49526
60707396,49527
60709240,49498
60709514,49499
60707514,49499
60709640,49525
60709753,49468
60707629,49468
60709629,49468
60709755,49462
60709750,49390
60709751,49382
60709752,49382
60709754,49468
60709768,49489
60707631,49458
60709631,49458
60709749,49390
60709770,49494
60709838,49464
60707838,49464
60709767,49489
60709619,49261
60707621,49326
60709621,49326
60707241,49330
60707355,49299
60707626,49256
60709626,49256
60707619,49261
60709728,49362
60707245,49370
60709245,49370
60709355,49300
60707528,49290
60709532,49336
60709244,49336
60709729,49362
60707513,49466
60707512,49496
60709512,49496
60707240,49498
60709643,49386
60707623,49379
60709623,49379
60709513,49466
60707511,49326
60707531,49385
60709531,49386
60707643,49386
60709241,49330
60709620,49323
60707620,49323
60709511,49326
60709250,49233
60709253,49233
60709247,49233
60709238,49246
60709255,49222
60709785,49237
60709784,49237
60709249,49233
60707259,49237
60709257,49222
60709256,49222
60707255,49222
60707275,49222
60709260,49226
60707260,49226
60709259,49237
60709243,49269
60707657,49274
60709657,49274
60709528,49290
60709839,49264
60709688,49266
60707688,49266
60707243,49269
60707246,49254
60707818,49278
60709818,49278
60709840,49264
60709336,49246
60707624,49252
60709624,49251
60709246,49254
60707633,49198
60707473,49198
60709473,49198
60709651,49195
60709470,49198
60709472,49198
60709471,49198
60709633,49198
60709277,49162
60709453,49164
60709454,49196
60709469,49198
60707292,49163
60709296,49165
60707296,49165
60709288,49162
60709790,49166
60707632,49198
60709632,49198
60709275,49222
60709788,49184
60707789,49167
60709789,49167
60707790,49166
60709286,49170
60709280,49186
60709281,49186
60707788,49184
60709449,49195
60709287,49166
60707287,49166
60709285,49170
60709338,49688
60709335,49688
60707335,49688
60709325,49688
60709827,49686
60709340,49688
60709339,49688
60709337,49688
60709318,49703
60709440,49702
60709441,49702
60709434,49686
60709796,49699
60709439,49702
60709438,49702
60707318,49703
60707585,49776
60709586,49736
60707586,49736
60709821,49727
60709746,49688
60709847,49658
60707847,49658
60709585,49776
60709436,49705
60709745,49688
60709744,49688
60709747,49688
60709326,49688
60707351,49640
60709351,49640
60709435,49705
60707430,49680
60707356,49680
60709356,49680
60709466,49672
60707508,49643
60707600,49641
60709600,49641
60709430,49680
60709516,49646
60709316,49643
60707316,49644
60709508,49643
60709445,49660
60709476,49651
60707476,49651
60707516,49646
60707432,49697
60709592,49698
60707592,49698
60707796,49699
60709589,49701
60709354,49701
60707354,49701
60709432,49697
60709431,49655
60707610,49701
60709610,49701
60707589,49701
60707466,49672
60707609,49670
60709609,49670
60707431,49655
60707597,49760
60707310,49758
60709310,49758
60709492,49755
60707598,49745
60707518,49772
60709518,49771
60709597,49760
60709608,49765
60709587,49746
60707587,49746
60709598,49745
60707607,49821
60707459,49821
60709459,49821
60707608,49765
60707314,49669
60707315,49661
60709315,49661
60707445,49660
60707312,49721
60709313,49670
60709481,49670
60709314,49669
60709311,49748
60707517,49737
60709517,49737
60709312,49721
60707492,49755
60707484,49756
60709484,49756
60707311,49748
60709298,49131
60709652,49125
60707652,49125
60709817,49126
60709499,49154
60709502,49131
60707502,49131
60707298,49131
60707670,49459
60709759,49455
60709760,49455
60709656,49154
60709756,49462
60709757,49458
60709758,49458
60709670,49459
60707519,49837
60707603,49830
60709603,49830
60709607,49821
60707429,49758
60707520,49843
60709520,49843
60709519,49837
60707880,49707
60709872,49650
60707872,49650
60709429,49758
60707817,49126
60707317,49703
60709317,49703
60709880,49707
60709164,50053
60707162,50053
60709162,50053
60709161,50053
60709500,50045
60709165,50045
60707165,50045
60709163,50053
60709167,50045
60707166,50045
60709166,50045
60707500,50045
60709187,50045
60707168,50045
60709168,50045
60707167,50045
60709202,50058
60709203,50058
60709204,50063
60709205,50063
60709199,50110
60709198,50110
60709200,50062
60709201,50062
60707157,50053
60709156,50053
60709155,50053
60709154,50046
60709160,50053
60709158,50053
60709159,50053
60709157,50053
60709180,29137
60707179,29140
60709179,29140
60707178,29142
60709186,29129
60707170,29129
60709170,29129
60707180,29137
60707182,29129
60709365,29129
60709181,29129
60707186,29129
60707383,17880
60707183,29129
60709183,29129
60709182,29129
60709172,50045
60707171,50045
60709171,50045
60707187,50045
60709174,50045
60707173,50045
60709173,50045
60707172,50045
60709176,29143
60707175,29143
60709175,29143
60707174,50045
60709178,29142
60707177,29139
60709177,29139
60707176,29143
60709367,49658
60709368,49658
60707368,49658
60709409,49658
60709411,49666
60707402,49658
60709402,49658
60709410,49658
60707738,49683
60709737,49675
60707737,49675
60709412,49666
60709359,49683
60709414,49683
60709413,49683
60709738,49683
60709885,50031
60707382,17880
60709382,17880
60709383,17880
6070624,50171
6070621,50285
6070620,50293
60707885,50031
60709468,49628
60709530,49576
60707530,49576
6070625,50171
60707409,49658
60709408,49666
60707408,49666
60707468,49628
60709360,49727
60707369,49683
60709369,49683
60709419,49683
60709578,49727
60709424,49727
60709423,49727
60707360,49727
60707426,49727
60709361,49727
60709425,49727
60707578,49727
60709820,49727
60709427,49728
60707427,49728
60709426,49727
60709357,49658
60709416,49721
60709417,49721
60709415,49683
60707739,49666
60709421,49658
60707421,49658
60707357,49658
60707358,49675
60707467,49675
60709467,49675
60709739,49666
60709418,49683
60707420,49675
60709420,49675
60709358,49675
60709236,50152
60707236,50152
60709237,50135
60707237,50135
60707498,50133
60709498,50133
60707169,50155
60709169,50155
60709797,50145
60707797,50145
60707562,50147
60709562,50147
60707563,50141
60709563,50141
60707385,50018
60709385,50018
60707571,49476
60709571,49476
60709730,49541
60707730,49541
60707390,49420
60709390,49420
60709572,49404
60707572,49404
60707556,50022
60709556,50022
60709389,49409
60707389,49409
60707548,50022
60709548,50022
60709485,50022
60707485,50022
60709222,50113
60709223,50113
60707224,50113
60709224,50113
60709137,50117
60709138,50117
60709140,50120
60709139,50120
60709133,50138
60709134,50138
60709135,50118
60709136,50118
60709131,50096
60709132,50096
60709806,50087
60707806,50087
60709231,50008
60709230,50008
60709233,50014
60709106,50014
60707229,50114
60709229,50114
60709823,50111
60709822,50111
60707227,50140
60709227,50140
60709228,50140
60707228,50140
60707225,50154
60709225,50154
60707226,50154
60709226,50140
60709142,50119
60709141,50119
60709112,50083
60709111,50083
60707145,50089
60709145,50090
60709144,50090
60709143,50090
60709146,50044
60709147,50044
60709495,50091
60707495,50091
60709150,50110
60709151,50110
60709148,50049
60709149,50049
60709128,50104
60709127,50104
60709130,50096
60709129,50096
60709124,50099
60709123,50099
60709126,50102
60709125,50102
60709118,50063
60709117,50063
60709119,50064
60709120,50064
60709113,50056
60709114,50056
60709115,50062
60709116,50062
60707191,50095
60709191,50101
60709190,50101
60709189,50099
60709194,50049
60709195,50049
60709192,50095
60709193,50095
60707197,50049
60709197,50049
60707196,50059
60709196,50059
60709207,50064
60709206,50064
60709208,50109
60709209,50094
60709093,50052
60709094,50071
60707152,50047
60709152,50082
60709221,50097
60709220,50097
60707807,50096
60709807,50096
60709215,50098
60707215,50098
60709217,50104
60709216,50104
60709212,50102
60709213,50102
60709214,50098
60707214,50098
60709692,54807
60709072,49955
60709071,49955
6070580,50171
60709063,17864
60709062,17864
60709910,49773
60709689,49773
60709092,50068
60709748,49238
60709064,17864
60709065,17864
60709393,49206
60709329,49702
60709327,49715
60709091,50067
60709715,54805
6070660,50233
6070661,50223
6070505,50301
6070653,50289
6070652,50289
60709716,54805
6070626,50171
60709680,49796
60709712,54806
607000011,50171
6070649,50171
60709676,49869
60709675,49869
60709673,49905
60709679,49771
60709264,49225
60709263,49189
60709262,49229
60709841,49231
60709258,49237
60709261,49231
60709265,49225
60709028,17855
60709276,49183
60709266,49229
60709019,17864
60709020,17864
60709297,49126
60709267,49211
60709049,17864
60709050,17864
60709122,50100
60709121,50107
60709771,49583
60709772,49583
60709279,49190
60709278,49191
60709282,49168
60709283,49188
60709090,50072
6070TXR04,50054
60709110,50054
60709284,49190
60709291,49170
60709096,50052
60709095,50052
60709097,50082
60709242,49254
60709188,50070
60709184,29129
60709211,50099
60709218,50096
60709251,49233
60709248,49233
60709252,49233
60709100,50051
60709444,49643
60709443,49691
60709234,50115
60709105,50067
60709098,50047
60709101,50051
60709099,50052
60709321,49702
60709320,49704
60709046,49168
60709319,49706
60709045,17864
60709102,50050
60709041,50068
60709322,49695
60709328,49691
60709333,49708
60709332,49706
60709334,49708
60709210,50095
60709301,49913
60709331,49703
60709330,49705
6070698,50285
6070696,49541
60709917,49237
60709913,49198
6070153,50071
60709919,49955
60709918,49955
6070697,50285
6070161,50022
6070160,49890
6070157,49890
6070155,49967
6070165,49688
6070530,50189
60709569,50022
60707569,50022
60709437,49806
60709593,49640
60709103,50068
60709104,50069
6070123,49531
60709422,49658
60709447,49685
60709452,49187
60709909,49736
60709908,49736
60709907,49784
60709906,49784
60709911,49562
6070689,50189
60709433,49806
6070133,49854
60709604,49830
60709863,49644
6070170,49413
60709391,49413
60709870,55705
6070677,50318
6070678,50321
60709387,50133
60709879,18116
60709691,54807
60709876,54807
60709878,54807
60709904,17880
60709905,17880
60709388,50155
60709666,49098
60709856,49081
60709853,49184
60709697,54805
6070512,50283
60709854,49967
60707854,49967
60709855,49967
60707856,49081
60709859,49104
60709860,49104
60707857,49081
60709857,49081
60709386,50155
60709380,49541
60709861,49967
60709858,49081
60709595,49746
60709605,49817
60709606,49823
60709599,49688
60709594,49680
60709584,49736
60709501,49154
60709509,49386
60709627,49234
60709622,49393
60709590,49688
60709591,49697
60709581,49736
60709567,49967
60709566,49967
60709504,49967
607000009,49539
607000004,49577
607000003,49577
60709903,50066
60709533,17854
60709534,17864
60709506,49688
607000001,49541
60709630,49081
60709644,49582
60709537,17864
60709538,17864
60709628,49159
60709660,49867
60709634,49198
60709637,49169
60709557,29137
60709555,50045
60709558,49967
60709560,49967
6070617,50214
6070534,50214
60709787,49239
60709786,49239
6070685,50283
6070513,50283
6070650,50218
6070533,50218
6070522,50288
6070699,50286
6070523,50286
6070516,50313
60709059,17864
60709582,49728
60707184,29129
60707581,49736
6070684,50290
6070665,50292
6070623,50292
60709583,49784
60709579,49683
6070664,50290
6070663,50292
6070683,50290
60709551,49935
60707577,50027
60709577,50027
60709575,49967
60709814,49900
60709819,49233
60709798,49278
60709811,49085
6070606,50171
6070674,50171
6070604,50400
6070622,50283
6070657,50226
6070656,50226
6070658,50234
6070607,50171
6070662,50300
6070659,50234
6070654,50314
6070655,50314
60709791,49195
6070517,50313
6070518,50313
6070602,50288
60709792,49184
6070543,50198
6070537,50210
6070538,50210
6070506,50300
60709826,54806
60709829,49695
60709828,49703
60709804,50086
60709805,50086
60709803,50044
60709832,49967
60709685,54805
60707686,55705
60709686,55705
60709655,55705
60709362,55705
60709653,54805
60707653,54805
60707685,54805
60707683,54806
60707684,54806
60709684,54806
60707362,55705
60707474,54807
60707475,54807
60709475,54807
60709683,54806
60707703,55705
60709735,55705
60709736,55705
60707665,55705
60709734,55705
60707483,55705
60709483,55705
60709703,55705
60709701,55705
60709702,55705
60707702,55705
60709733,55705
60707655,55705
60707654,55705
60709654,55705
60707701,55705
60709690,54807
60707875,54807
60709875,54807
60707874,54807
60709708,54806
60707708,54806
60709717,54805
60707690,54807
60707710,54806
60709710,54806
60707709,54806
60709709,54806
60707713,54806
60709713,54806
60709711,54806
60707711,54806
60709694,54807
60709762,54807
60709761,54807
60709474,54807
60707696,54806
60709695,54806
60707695,54806
60707694,54807
60707871,55705
60709868,54807
60709869,54807
60709696,54806
60709874,54807
60709877,54807
60707877,54807
60709871,55705
6070970,49683
6070969,49683
60709887,54806
60709886,54806
60709915,49132
60709916,49132
60709914,49198
60709912,49198
6070476,50346
60709455,49224
60709366,55705
60709510,49366
60709219,50096
60707235,50129
60709235,50129
60709446,49683
60707718,54806
60709718,54806
60707714,54805
60709714,54805
60709721,54806
60707721,54806
60707720,54806
60709720,54806
60707724,54806
60709724,54806
60707722,54806
60709722,54806
60707727,54806
60709727,54806
60707726,54806
60709726,54806
60709377,49955
60707377,49955
60707848,50220
60709848,50220
6070TXR01,17864
6070TXR02,50106
6070TXR03,50070
60709850,50018
6070TXR07,49190
6070TXR08,49174
6070TXR09,49891
6070TXR05,49688
60709379,49541
60709732,50046
60709851,49758
6070TXR06,50191
60709345,49687
60709344,49687
60709343,49688
60709363,49167
60709352,49644
60709346,49688
60709341,49688
60709342,49688
60709348,49688
60709349,49688
60709347,49688
60709353,49688
60709849,50209
60709384,29137
60709376,49955
60709350,49705
60709800,49746
60707681,49774
60709681,49775
60709884,49503
60707667,49763
60709671,49762
60707671,49762
60707800,49746
60707799,49773
60709646,49773
60707646,49773
60709667,49763
60709505,49847
60709645,49773
60707645,49773
60709799,49773
60707290,49199
60709289,49167
60707289,49167
60709292,49163
60709294,49165
60707293,49165
60709293,49165
60709290,49199
60709862,49238
60707295,49200
60709295,49200
60707294,49165
60707884,49503
60709867,49528
60709866,49528
60707862,49238
60709682,49085
60709491,49092
60707491,49092
60709707,49126
60709299,49798
60709507,49084
60707507,49084
60707682,49085
60709524,49480
60709488,49913
60709300,49913
60709489,49798
60709764,49451
60709766,49454
60709765,49454
60707524,49480
60709740,49784
60709743,49850
60709742,49850
60707505,49847
60709451,49792
60707648,49784
60709648,49784
60709741,49784
60709302,49784
60709463,49785
60707463,49785
60707451,49792
60709706,49081
60707370,49116
60709370,49116
60707302,49784
60709813,49920
60709307,49922
60709462,49922
60709774,49939
60709478,49863
60707521,49917
60709521,49917
60709812,49920
60709779,49875
60709794,49869
60709795,49869
60707478,49863
60707486,49889
60709782,49891
60709781,49891
60709780,49875
60709371,49424
60709401,49430
60709400,49430
60709763,49451
60709306,49997
60707305,49372
60709305,49372
60709374,49424
60707364,49946
60707523,49948
60709523,49948
60707306,49997
60709773,49939
60709522,49951
60707522,49951
60709364,49944
60709843,49796
60709373,49867
60707373,49867
60709658,49902
60709864,49778
60707650,49082
60709650,49082
60707843,49796
6070692,50220
60709873,49375
60707873,49375
60707864,49778
60709665,55705
60707704,55705
60709704,55705
6070693,50220
60709777,49899
60707783,49897
60709783,49897
60709486,49889
60709775,49897
60707487,49907
60709487,49907
60709778,49899
60709372,49854
60709816,49858
60709815,49858
60709776,49897
60707658,49902
60709659,49858
60707659,49858
60707372,49854
6080432,29774
6080431,29774
6080430,29774
608043,30002
6080436,29775
6080435,29775
6080434,29775
6080433,29774
608044,30025
6080439,29776
6080438,29774
6080437,29775
6080443,29773
6080442,29787
6080441,29778
6080440,29776
6080418,29731
6080417,29754
6080416,29754
6080415,29754
6080421,29728
6080420,29767
608042,30003
6080419,29768
6080425,29734
6080424,29733
6080423,29795
6080422,29734
6080429,29734
6080428,29734
6080427,29748
6080426,29729
6080461,29703
6080460,29801
608046,29986
6080459,29801
6080465,29693
6080464,29701
6080463,29701
6080462,29702
6080469,29683
6080468,29684
6080467,29685
6080466,29686
6080473,29681
6080472,29681
6080471,29689
6080470,29689
6080447,29774
6080446,29774
6080445,29774
6080444,29773
6080450,29785
608045,29998
6080449,29772
6080448,29774
6080454,29705
6080453,29783
6080452,29801
6080451,29784
6080458,29708
6080457,29701
6080456,29713
6080455,29713
6080494,30070
6080493,29995
6080492,29814
6080491,29912
6080498,29799
6080497,29754
6080496,29642
6080495,30070
6080500,30105
608050,30024
60805,30035
6080499,30114
6080504,29972
6080503,30168
6080502,30168
6080501,30168
6080477,29719
6080476,29719
6080475,29688
6080474,29680
6080480,29656
608048,29978
6080479,29647
6080478,29647
6080484,29948
6080483,29632
6080482,29632
6080481,29656
6080490,30168
608049,29978
6080486,29954
6080485,29967
6080526,29909
6080525,29795
6080524,30078
6080523,29993
608053,30018
6080529,29619
6080528,30070
6080527,29977
6080534,30191
6080533,30191
6080531,30168
6080530,30168
6080538,29721
6080537,29994
6080536,29986
6080535,29903
6080511,30160
608051,30024
6080506,30031
6080505,30087
6080515,30076
6080514,30077
6080513,30007
6080512,30006
6080519,29774
6080518,29774
6080517,29775
6080516,29778
6080522,29974
6080521,29627
6080520,29633
608052,30018
6080316,29901
6080315,29905
6080314,29839
6080313,29840
608032,30094
6080319,29903
6080318,29896
6080317,29898
6080324,29893
6080322,29919
6080321,29918
6080320,29909
6080328,29642
6080327,29895
6080326,29890
6080325,29893
608030,30058
60803,30181
6080299,29619
6080298,29619
6080303,29622
6080302,29620
6080301,29619
6080300,29619
6080307,29901
6080306,29907
6080305,29853
6080304,29619
6080310,29821
608031,30041
6080309,29819
6080308,29896
6080346,29911
6080345,29938
6080344,29938
6080343,29903
608035,30013
6080349,29912
6080348,29911
6080347,29911
6080353,29938
6080352,29911
6080351,29912
6080350,29912
6080357,74052
6080356,74052
6080355,29942
6080354,29942
6080331,29642
6080330,29891
608033,30038
6080329,29891
6080335,29892
6080334,29939
6080333,29891
6080332,29642
6080339,29892
6080338,29939
6080337,29932
6080336,29931
6080342,29903
6080341,29903
6080340,29909
608034,30038
6080375,29670
6080374,29670
6080373,29697
6080372,29697
6080379,29660
6080378,29660
6080377,29677
6080376,29677
6080382,29670
6080381,29678
6080380,29663
608038,30031
6080386,29697
6080385,29697
6080384,29697
6080383,29670
6080360,29669
608036,30006
6080359,29917
6080358,29915
6080364,29660
6080363,29664
6080362,29664
6080361,29669
6080368,29698
6080367,29697
6080366,29670
6080365,29694
6080371,29697
6080370,29714
608037,30007
6080369,29698
6080403,29725
6080402,29794
6080401,29794
6080400,29723
6080407,29797
6080406,29735
6080405,29738
6080404,29725
6080410,29797
608041,30003
6080409,29750
6080408,29750
6080414,29797
6080413,29797
6080412,29797
6080411,29797
608039,30006
6080389,29699
6080388,29698
6080387,29698
6080393,29810
6080392,29723
6080391,29723
6080390,29699
6080397,29699
6080396,29794
6080395,29794
6080394,29810
608040,30049
60804,30040
6080399,29723
6080398,29699
6080182,30114
6080181,30114
6080180,30121
608018,30196
6080186,30009
6080185,30107
6080184,30108
6080183,30105
608019,30196
6080189,30150
6080188,30092
6080187,30009
6080195,29986
6080192,29979
6080191,29993
6080190,29980
6080167,29987
6080166,30064
6080165,30010
6080164,30009
6080170,29977
608017,30196
6080169,29988
6080168,30159
6080175,29970
6080173,29973
6080172,29977
6080171,29977
6080179,30110
6080178,30111
6080177,30123
6080176,29976
6080222,30074
6080221,29980
6080220,29980
608022,30196
6080226,29993
6080225,30003
6080224,30076
6080223,30074
608023,30195
6080229,30087
6080228,30159
6080227,30159
6080233,30070
6080232,29977
6080231,30003
6080230,30031
6080203,30025
6080201,30002
608020,30196
6080196,30191
6080207,30023
6080206,30023
6080205,30023
6080204,30023
6080210,30023
608021,30195
6080209,30023
6080208,30023
6080214,30075
6080213,30005
6080212,30173
6080211,30023
6080253,29826
6080252,29845
608025,30179
6080249,29816
6080258,29838
6080256,29823
6080255,29811
6080254,29827
6080261,29833
6080260,29818
608026,30185
6080259,29817
6080265,29878
6080264,29900
6080263,29900
6080262,29853
6080237,30090
6080236,30090
6080235,30168
6080234,30126
6080240,29865
608024,30179
6080239,29865
6080238,30102
6080244,29863
6080243,29863
6080242,29864
6080241,29864
6080248,29849
6080247,29849
6080246,29874
6080245,29862
6080283,29614
6080282,29620
6080281,29621
6080280,29633
6080287,29617
6080286,29612
6080285,29611
6080284,29614
6080290,29612
608029,30188
6080289,29612
6080288,29630
6080294,29619
6080293,29614
6080292,29611
6080291,29612
6080269,29637
6080268,29880
6080267,29875
6080266,29875
6080272,29615
6080271,29638
6080270,29637
608027,30185
6080276,29615
6080275,29615
6080274,29615
6080273,29615
608028,30188
6080279,29629
6080278,29629
6080277,29615
6070667,50171
6070666,50217
60709842,49188
6070180,50399
6070682,50285
6070681,50293
6070669,50171
6070668,50171
60709891,49955
60709890,49955
60709889,49955
60709888,49955
60709901,49295
6070686,50313
6070687,50299
6070688,50299
6070167,49812
6070168,49833
6070169,49833
6070164,49645
6070184,50389
60709457,54807
60709428,49728
6070166,49812
6070177,50397
6070187,50388
6070186,50388
6070185,50389
6070181,50399
6070182,50393
6070183,50393
6070178,50397
60709375,49819
60709490,49087
60709493,49376
60707837,50086
60709802,50394
60709801,50394
60709465,49784
60709464,49784
60709596,49760
60709254,49213
60709810,50097
60709274,49212
6080101,30194
6080100,30089
608010,30096
60801,30176
60709892,49955
60709893,49955
60709896,49309
60709902,49309
6070680,50283
60709900,49310
60709898,49310
60709899,49317
60709897,49294
60709895,49955
60709894,49955
6070679,50283
60709837,50086
60709693,54807
60709845,49233
60709846,49233
6080121,30093
6080120,30083
608012,30178
6080119,30083
6080125,30078
6080124,30074
6080123,30074
6080122,30073
6080130,30084
608013,30203
6080129,30084
6080127,30077
6080134,30027
6080133,30072
6080132,30080
6080131,30080
6080105,30194
6080104,30194
6080103,30194
6080102,30194
608011,30188
6080109,29986
6080108,30189
6080106,30194
6080114,29985
6080113,29985
6080111,29986
6080110,29986
6080118,30081
6080117,30093
6080116,29985
6080115,29985
6080152,30026
6080151,30048
6080150,30000
608015,30196
6080156,30160
6080155,30160
6080154,30160
6080153,30160
608016,30196
6080159,29993
6080158,30159
6080157,30159
6080163,30159
6080162,30009
6080161,30036
6080160,29993
6080138,29995
6080137,29996
6080136,30016
6080135,30016
6080141,29985
6080140,29985
608014,30179
6080139,29985
6080145,29997
6080144,29984
6080143,29984
6080142,29985
6080149,30029
6080148,30023
6080147,30023
6080146,30020
60101012,51481
60101011,51481
60101010,51481
6010101,51633
60101016,51481
60101015,51481
60101014,51481
60101013,51481
6010102,51633
60101019,51481
60101018,51481
60101017,51481
60101023,51478
60101022,51478
60101021,51481
60101020,51481
60101,52173
60101001,51481
60101000,51481
6010100,51672
601010,51678
60101005,51481
60101004,51481
60101003,51481
60101002,51481
60101009,51481
60101008,51481
60101007,51481
60101006,51481
60101041,51481
60101040,51481
6010104,51631
60101039,51481
60101045,51674
60101044,51674
60101043,51481
60101042,51481
60101049,51678
60101048,51678
60101047,51678
60101046,51674
60101052,51678
60101051,51678
60101050,51678
6010105,51630
60101027,51481
60101026,51481
60101025,51481
60101024,51478
60101030,51481
6010103,51631
60101029,51481
60101028,51481
60101034,51481
60101033,51481
60101032,51481
60101031,51481
60101038,51481
60101037,51481
60101036,51481
60101035,51481
090002135367,3779
090002165330,55487
090033155334,55487
090033155333,55487
090033365341,55497
090074295340,55497
090074295339,55497
090033325415,55494
090002185414,55475
090002285380,55475
090002285379,55475
090002235378,55475
090033255386,55491
090033255385,55491
090002385384,55487
090002433006,55475
090033973590,55495
090002433009,55475
090002433008,55475
090002433007,55475
090002434354,55475
090002434352,55475
090033973883,55511
090033973882,55511
090033365417,55495
090033325416,55494
090033445425,55497
090074295424,55497
090074295422,55497
090074295421,55497
090002435432,55475
090074295428,55497
090074295427,55497
090033445426,55497
090002515440,55487
090002045435,55477
090002435434,55475
090033025068,55494
090033025067,55494
090033375082,55494
090033105080,55497
090033105078,55497
090033105077,55497
090002165109,55487
090033395087,55520
090033195112,55518
090033195111,55518
090033125110,55495
090002225043,55478
090002185041,55477
090002225055,55477
090002035052,55475
090002445134,55475
090002445133,55475
090002025132,55477
090002545131,55475
090033075220,55487
090033025219,55494
090033225225,55511
090033105224,55495
090074295233,55497
090002125120,55477
090002165130,55487
090033445129,55496
090033105264,55495
090033155276,55487
090033085280,55520
090033085279,55520
090033015277,55492
090033105240,55495
090033445239,55497
090033445238,55497
090033105253,55495
090033105252,55495
090033105251,55495
090033105250,55495
090033105258,55495
090033105256,55495
090033105255,55495
090033105254,55495
090033105262,55497
090033105261,55495
090033105259,55495
090002495286,2879
090033405282,55520
090033405281,55520
6010206,50434
6010205,50434
090002445300,55475
6010204,50434
090002445299,55475
6010203,50434
601021,51678
6010209,50434
6010208,50434
6010207,50434
6010213,50434
6010212,50434
6010211,50434
6010210,50434
6010217,50434
6010216,50434
6010215,50434
6010214,50434
6010192,50434
6010191,50434
6010190,50434
601019,51688
6010196,50434
6010195,50434
6010194,50434
6010193,50434
60102,52173
6010199,50434
6010198,50434
6010197,50434
6010202,50434
6010201,50434
6010200,50434
601020,51688
6010235,51674
6010234,51674
6010233,51674
6010232,51674
6010239,51674
6010238,51674
6010237,51674
6010236,51674
6010242,51674
6010241,51674
6010240,51674
601024,52174
6010246,51674
6010245,51674
6010244,51674
6010243,51674
6010220,50434
601022,51678
6010219,50434
6010218,50434
6010224,50434
6010223,50434
6010222,50434
6010221,50434
6010228,51674
6010227,51674
6010226,50434
6010225,50434
6010231,51674
6010230,51674
601023,52173
6010229,51674
6010264,51678
6010263,51678
6010262,51678
6010261,51678
6010268,51678
6010267,51678
6010266,51678
6010265,51678
6010271,51678
6010270,51678
601027,52174
6010269,51678
6010275,51674
6010274,51678
6010273,51678
6010272,51678
601025,52174
6010249,51674
6010248,51674
6010247,51674
6010253,51674
6010252,51674
6010251,51674
6010250,51674
6010257,51674
6010256,51674
6010255,51674
6010254,51674
6010260,51678
601026,52174
6010259,51674
6010258,51674
6010293,51672
6010292,51672
6010291,51672
6010290,51678
6010297,51672
6010296,51672
6010295,51672
6010294,51672
601030,50434
60103,52173
6010299,51672
6010298,51672
6010303,51672
6010302,51672
6010301,51672
6010300,51672
6010279,51678
6010278,51674
6010277,51674
6010276,51674
6010282,51678
6010281,51678
6010280,51678
601028,52174
6010286,51678
6010285,51678
6010284,51678
6010283,51678
601029,51678
6010289,51678
6010288,51678
6010287,51678
60101323,51478
60101322,51479
60101321,51479
60101320,51479
60101327,51479
60101326,51479
60101325,51479
60101324,51479
60101330,51678
6010133,51672
60101329,51678
60101328,51479
60101334,51672
60101333,51672
60101332,50434
60101331,50434
60101287,51478
60101286,51478
60101285,51630
60101284,51630
601013,51678
6010129,51630
60101289,51479
60101288,51479
60101316,51672
60101315,51672
6010131,51672
6010130,51630
6010132,51672
60101319,51479
60101318,51479
60101317,51479
60101352,51678
60101351,51479
60101350,51479
6010135,51672
60101356,51674
60101355,51674
60101354,51674
60101353,51674
6010136,51672
60101359,51674
60101358,51674
60101357,51674
60101363,50434
60101362,50434
60101361,50434
60101360,51674
60101338,51672
60101337,51672
60101336,51672
60101335,51672
60101341,51672
60101340,51672
6010134,51672
60101339,51672
60101345,51479
60101344,51672
60101343,51672
60101342,51672
60101349,51479
60101348,51479
60101347,51479
60101346,51479
6010149,51672
6010148,51672
6010147,51672
6010146,51672
6010152,51672
6010151,51672
6010150,51672
601015,51678
6010156,51674
6010155,51631
6010154,51632
6010153,51633
601016,51678
6010159,51632
6010158,51632
6010157,51632
60101367,50434
60101366,50434
60101365,50434
60101364,50434
6010138,51672
6010137,51672
60101369,50434
60101368,50434
6010141,51672
6010140,51672
601014,51678
6010139,51672
6010145,51672
6010144,51672
6010143,51672
6010142,51672
6010178,51672
6010177,51672
6010176,51672
6010175,51672
6010181,51678
6010180,51678
601018,52173
6010179,51672
6010185,51678
6010184,51678
6010183,51678
6010182,51678
6010189,50434
6010188,50434
6010187,50434
6010186,51678
6010163,51631
6010162,51631
6010161,51631
6010160,51631
6010167,51630
6010166,51630
6010165,51631
6010164,51631
6010170,51630
601017,52173
6010169,51630
6010168,51630
6010174,51672
6010173,51672
6010172,51672
6010171,51672
60101186,51674
60101185,51674
60101184,51674
60101183,51674
6010119,51630
60101189,51674
60101188,51674
60101187,51674
60101193,51674
60101192,51674
60101191,51674
60101190,51674
60101197,51674
60101196,51674
60101195,51674
60101194,51674
60101171,51674
60101170,51674
6010117,51630
60101169,51674
60101175,51674
60101174,51674
60101173,51674
60101172,51674
60101179,51674
60101178,51674
60101177,51674
60101176,51674
60101182,51674
60101181,51674
60101180,51674
6010118,51630
60101214,51674
60101213,51674
60101212,51674
60101211,51674
60101218,51674
60101217,51674
60101216,51674
60101215,51674
60101221,51479
60101220,51479
6010122,51630
60101219,51479
60101225,51479
60101224,51479
60101223,51479
60101222,51479
6010120,51630
601012,51678
60101199,51674
60101198,51674
60101203,51674
60101202,51674
60101201,51674
60101200,51674
60101207,51674
60101206,51674
60101205,51674
60101204,51674
60101210,51674
6010121,51630
60101209,51674
60101208,51674
60101243,51672
60101242,51672
60101241,51633
60101240,51633
60101247,51672
60101246,51672
60101245,51672
60101244,51672
60101250,51672
6010125,51630
60101249,51672
60101248,51672
60101254,51672
60101253,51672
60101252,51672
60101251,51672
60101229,51479
60101228,51479
60101227,51479
60101226,51479
60101232,51479
60101231,51479
60101230,51479
6010123,51630
60101236,51479
60101235,51479
60101234,51479
60101233,51479
6010124,51630
60101239,51479
60101238,51479
60101237,51479
60101272,50434
60101271,50434
60101270,50434
6010127,51630
60101276,50434
60101275,50434
60101274,50434
60101273,50434
6010128,51630
60101279,50434
60101278,50434
60101277,50434
60101283,50434
60101282,50434
60101281,50434
60101280,50434
60101258,51672
60101257,51672
60101256,51672
60101255,51672
60101261,50434
60101260,50434
6010126,51630
60101259,51672
60101265,50434
60101264,50434
60101263,50434
60101262,50434
60101269,50434
60101268,50434
60101267,50434
60101266,50434
60101070,51678
6010107,51630
60101069,51678
60101068,51678
60101074,51678
60101073,51678
60101072,51678
60101071,51678
60101078,51678
60101077,51678
60101076,51678
60101075,51678
60101081,51678
60101080,51678
6010108,51630
60101079,51678
60101056,51678
60101055,51678
60101054,51678
60101053,51678
6010106,51630
60101059,51678
60101058,51678
60101057,51678
60101063,51678
60101062,51678
60101061,51678
60101060,51678
60101067,51678
60101066,51678
60101065,51678
60101064,51678
601011,51678
60101099,51478
60101098,51479
60101097,51479
60101102,51478
60101101,51478
60101100,51479
6010110,51630
60101106,51479
60101105,51479
60101104,51481
60101103,51481
6010111,51630
60101109,51481
60101108,51481
60101107,51481
60101085,51678
60101084,51678
60101083,51678
60101082,51678
60101089,51678
60101088,51678
60101087,51678
60101086,51678
60101092,51678
60101091,51678
60101090,51678
6010109,51630
60101096,51479
60101095,51479
60101094,51479
60101093,51678
60101128,51672
60101127,51672
60101126,51481
60101125,51479
60101131,52173
60101130,52173
6010113,51630
60101129,51672
60101135,52173
60101134,52173
60101133,52173
60101132,52173
60101139,52173
60101138,52173
60101137,52173
60101136,52173
60101113,51630
60101112,51481
60101111,51481
60101110,51481
60101117,51672
60101116,51672
60101115,51672
60101114,51678
60101120,51672
6010112,51630
60101119,51672
60101118,51672
60101124,51479
60101123,51672
60101122,51672
60101121,51672
60101157,51674
60101156,51674
60101155,51674
60101154,51633
60101160,51674
6010116,51630
60101159,51674
60101158,51674
60101164,51674
60101163,51674
60101162,51674
60101161,51674
60101168,51674
60101167,51674
60101166,51674
60101165,51674
60101142,51678
60101141,51630
60101140,51630
6010114,51630
60101146,51632
60101145,51678
60101144,51678
60101143,51678
6010115,51630
60101149,51632
60101148,51481
60101147,51632
60101153,51633
60101152,51632
60101151,51632
60101150,51632
6010668,51503
6010667,51503
6010666,51503
6010665,51503
6010671,51503
6010670,51503
601067,51678
6010669,51503
6010675,51503
6010674,51503
6010673,51503
6010672,51503
6010679,51479
6010678,51503
6010677,51503
6010676,51503
6010653,52173
6010652,52173
6010651,52173
6010650,52173
6010657,51630
6010656,51630
6010655,51630
6010654,52173
6010660,51478
601066,51678
6010659,52173
6010658,52173
6010664,51503
6010663,51479
6010662,51479
6010661,51478
6010697,51479
6010696,51479
6010695,51479
6010694,51479
601070,51678
60107,51678
6010699,51479
6010698,51479
6010703,51479
6010702,51479
6010701,51479
6010700,51479
6010707,51479
6010706,51479
6010705,51479
6010704,51479
6010682,51479
6010681,51479
6010680,51479
601068,51678
6010686,51479
6010685,51479
6010684,51479
6010683,51479
601069,51678
6010689,51479
6010688,51479
6010687,51479
6010693,51479
6010692,51479
6010691,51479
6010690,51479
6010725,51479
6010724,51479
6010723,51479
6010722,51479
6010729,51479
6010728,51479
6010727,51479
6010726,51479
6010731500,51678
6010731,51479
6010730,51479
601073,51678
6010731504,50434
6010731503,52174
6010731502,52173
6010731501,51479
6010710,51479
601071,51678
6010709,51479
6010708,51479
6010714,51479
6010713,51479
6010712,51479
6010711,51479
6010718,51479
6010717,51479
6010716,51479
6010715,51479
6010721,51479
6010720,51479
601072,51678
6010719,51479
6010731524,52173
6010731523,52173
6010731522,52173
6010731521,52173
6010731528,51479
6010731527,51479
6010731526,51674
6010731525,51674
6010731532,51479
6010731531,51479
6010731530,51479
6010731529,51479
6010731536,50434
6010731535,51479
6010731534,51479
6010731533,51479
6010731508,51672
6010731507,51481
6010731506,51672
6010731505,51672
6010731512,51481
6010731511,51481
6010731510,51479
6010731509,51672
6010731516,51672
6010731515,51632
6010731514,51633
6010731513,51481
6010731520,51478
6010731519,51478
6010731518,51678
6010731517,51672
6010552,51688
6010551,51688
6010550,51688
601055,51481
6010556,52173
6010555,52173
6010554,52173
6010553,51688
601056,51481
6010559,52173
6010558,52173
6010557,51688
6010563,51688
6010562,51688
6010561,51688
6010560,51688
6010538,52173
6010537,52173
6010536,52173
6010535,52173
6010541,51688
6010540,51688
601054,51481
6010539,52173
6010545,52173
6010544,52173
6010543,51679
6010542,51679
6010549,51688
6010548,51688
6010547,51688
6010546,52173
6010581,51678
6010580,51678
601058,51481
6010579,51678
6010585,51688
6010584,51688
6010583,51678
6010582,51678
6010589,51678
6010588,51678
6010587,51678
6010586,51688
6010592,51678
6010591,51678
6010590,51678
601059,51678
6010567,51678
6010566,51678
6010565,51678
6010564,51688
6010570,51678
601057,51481
6010569,51678
6010568,51678
6010574,51678
6010573,51678
6010572,51678
6010571,51678
6010578,51678
6010577,51678
6010576,51678
6010575,51678
601061,51678
6010609,51678
6010608,51678
6010607,51688
6010613,51678
6010612,51678
6010611,51678
6010610,51678
6010617,51678
6010616,51678
6010615,51678
6010614,51678
6010620,51678
601062,51678
6010619,51678
6010618,51678
6010596,51678
6010595,51678
6010594,51678
6010593,51678
60106,51678
6010599,51678
6010598,51678
6010597,51678
6010602,51688
6010601,51678
6010600,51678
601060,51678
6010606,51688
6010605,51688
6010604,51688
6010603,51688
6010639,52174
6010638,52174
6010637,52174
6010636,52174
6010642,52174
6010641,52173
6010640,52173
601064,51678
6010646,52173
6010645,52173
6010644,52173
6010643,52174
601065,51678
6010649,52173
6010648,52173
6010647,52173
6010624,51678
6010623,51678
6010622,51678
6010621,51678
6010628,51678
6010627,51678
6010626,51678
6010625,51678
6010631,51678
6010630,51678
601063,51678
6010629,51678
6010635,52174
6010634,51678
6010633,51678
6010632,51678
6010437,52173
6010436,52173
6010435,52173
6010434,52173
6010440,52173
601044,51481
6010439,52173
6010438,52173
6010444,52173
6010443,52173
6010442,52173
6010441,52173
6010448,52173
6010447,52173
6010446,52173
6010445,52173
6010422,52173
6010421,52173
6010420,52173
601042,51481
6010426,52173
6010425,52173
6010424,52173
6010423,52173
601043,51481
6010429,52173
6010428,52173
6010427,52173
6010433,52173
6010432,52173
6010431,52173
6010430,52173
6010466,52173
6010465,52173
6010464,52173
6010463,52173
601047,51481
6010469,52173
6010468,52173
6010467,52173
6010473,50432
6010472,50434
6010471,52173
6010470,52173
6010477,50434
6010476,50434
6010475,50434
6010474,50432
6010451,52173
6010450,52173
601045,51481
6010449,52173
6010455,52173
6010454,52173
6010453,52173
6010452,52173
6010459,52173
6010458,52173
6010457,52173
6010456,52173
6010462,52173
6010461,52173
6010460,52173
601046,51481
6010495,50434
6010494,50434
6010493,50434
6010492,50434
6010499,50434
6010498,50434
6010497,50434
6010496,50434
6010501,50434
6010500,50434
601050,51481
60105,51678
6010505,50434
6010504,50434
6010503,50434
6010502,50434
6010480,50434
601048,51481
6010479,50434
6010478,50434
6010484,50434
6010483,50434
6010482,50434
6010481,50434
6010488,50434
6010487,50434
6010486,50434
6010485,50434
6010491,50434
6010490,50434
601049,51481
6010489,50434
6010523,52173
6010522,52173
6010521,51688
6010520,51688
6010527,52173
6010526,52173
6010525,52173
6010524,52173
6010530,52173
601053,51481
6010529,52173
6010528,52173
6010534,52173
6010533,52173
6010532,52173
6010531,52173
6010509,52173
6010508,52173
6010507,52173
6010506,50434
6010512,52173
6010511,52173
6010510,52173
601051,51481
6010516,51688
6010515,51688
6010514,51688
6010513,52173
601052,51481
6010519,51688
6010518,51688
6010517,51688
6010321,51678
6010320,51678
601032,51678
6010319,51672
6010325,51678
6010324,51678
6010323,51678
6010322,51678
6010329,51678
6010328,51678
6010327,51678
6010326,51678
6010332,51678
6010331,51678
6010330,51678
601033,51678
6010307,51672
6010306,51672
6010305,51672
6010304,51672
6010310,51672
601031,51678
6010309,51672
6010308,51672
6010314,51672
6010313,51672
6010312,51672
6010311,51672
6010318,51672
6010317,51672
6010316,51672
6010315,51672
6010350,51678
601035,51481
6010349,51678
6010348,51678
6010354,51678
6010353,51678
6010352,51678
6010351,51678
6010358,51674
6010357,51674
6010356,51674
6010355,51674
6010361,51674
6010360,51674
601036,51481
6010359,51674
6010336,51678
6010335,51678
6010334,51678
6010333,51678
601034,51678
6010339,51678
6010338,51678
6010337,51678
6010343,51678
6010342,51678
6010341,51678
6010340,51678
6010347,51678
6010346,51678
6010345,51678
6010344,51678
601038,51481
6010379,51688
6010378,51678
6010377,51678
6010383,51688
6010382,51688
6010381,51688
6010380,51688
6010387,51688
6010386,51688
6010385,51688
6010384,51688
6010390,51688
601039,51481
6010389,51688
6010388,51688
6010365,51678
6010364,51678
6010363,51674
6010362,51674
6010369,51678
6010368,51678
6010367,51678
6010366,51678
6010372,51678
6010371,51678
6010370,51678
601037,51481
6010376,51678
6010375,51678
6010374,51678
6010373,51678
6010408,52173
6010407,52173
6010406,52173
6010405,52173
6010411,52173
6010410,52173
601041,51481
6010409,52173
6010415,52173
6010414,52173
6010413,51688
6010412,52173
6010419,52173
6010418,52173
6010417,52173
6010416,52173
6010394,51688
6010393,51688
6010392,51688
6010391,51688
6010398,51688
6010397,51688
6010396,51688
6010395,51688
6010400,51688
601040,51481
60104,51688
6010399,51688
6010404,52173
6010403,52173
6010402,51688
6010401,51688
6010767,51479
6010766,51479
6010765,51479
6010764,51479
6010770,51479
601077,51672
6010769,51479
6010768,51479
6010774,51479
6010773,51479
6010772,51479
6010771,51479
6010778,51479
6010777,51479
6010776,51479
6010775,51479
6010752,51479
6010751,51479
6010750,51479
601075,51674
6010756,51479
6010755,51479
6010754,51479
6010753,51479
601076,51672
6010759,51479
6010758,51479
6010757,51479
6010763,51479
6010762,51479
6010761,51479
6010760,51479
6010796,51479
6010795,51479
6010794,51479
6010793,51479
60108,51678
6010799,51479
6010798,51479
6010797,51479
60108002,51678
60108001,51678
6010800,51479
601080,51672
6010801,51479
60108005,51688
60108004,51678
60108003,51678
6010781,51479
6010780,51479
601078,51672
6010779,51479
6010785,51479
6010784,51479
6010783,51479
6010782,51479
6010789,51479
6010788,51479
6010787,51479
6010786,51479
6010792,51479
6010791,51479
6010790,51479
601079,51672
601082,51672
6010819,51479
6010818,51479
6010817,51479
6010823,51479
6010822,51479
6010821,51479
6010820,51479
6010827,51479
6010826,51479
6010825,51479
6010824,51479
6010830,51479
601083,51672
6010829,51479
6010828,51479
6010805,51479
6010804,51479
6010803,51479
6010802,51479
6010809,51479
6010808,51479
6010807,51479
6010806,51479
6010812,51479
6010811,51479
6010810,51479
601081,51672
6010816,51479
6010815,51479
6010814,51479
6010813,51479
6010849,51479
6010848,51479
6010847,51479
6010846,51479
6010852,51479
6010851,51479
6010850,51479
601085,51672
6010856,51479
6010855,51479
6010854,51479
6010853,51479
601086,51672
6010859,51479
6010858,51479
6010857,51479
6010834,51479
6010833,51479
6010832,51479
6010831,51479
6010838,51479
6010837,51479
6010836,51479
6010835,51479
6010841,51479
6010840,51479
601084,51672
6010839,51479
6010845,51479
6010844,51479
6010843,51479
6010842,51479
6010731812,50434
6010731811,51479
6010731810,52173
6010731809,52173
6010731816,51479
6010731815,51479
6010731814,51478
6010731813,50434
6010731820,50434
6010731819,50434
6010731818,50434
6010731817,51478
6010731824,51631
6010731823,51479
6010731822,51478
6010731821,51478
6010731796,51672
6010731795,51672
6010731794,51672
6010731793,51672
6010731800,51631
6010731799,51479
6010731798,51630
6010731797,51630
6010731804,51674
6010731803,51674
6010731802,50434
6010731801,50434
6010731808,51674
6010731807,51674
6010731806,51674
6010731805,51674
6010731839,51688
6010731838,51678
6010731837,51678
6010731836,51678
6010731843,51688
6010731842,51678
6010731841,51678
6010731840,51678
6010731847,50434
6010731846,51479
6010731845,51630
6010731844,51478
6010731851,51672
6010731850,51672
6010731849,51481
6010731848,52173
6010731828,51678
6010731827,51688
6010731826,51479
6010731825,51479
6010731828D,51678
6010731828C,51678
6010731828B,51678
6010731828A,51678
6010731831,51678
6010731830,51678
6010731829,51678
6010731828E,51678
6010731835,51688
6010731834,51678
6010731833,51678
6010731832,51678
6010731871,51678
6010731870,51479
6010731869,51672
6010731868,51672
6010731875,51672
6010731874,51672
6010731873,50434
6010731872,52173
6010731879,51481
6010731878,51478
6010731877,51479
6010731876,51481
6010731885,51672
6010731883,51678
6010731881,51678
6010731880,51481
6010731855,50434
6010731854,51672
6010731853,51479
6010731852,51672
6010731859,51674
6010731858,50434
6010731857,50434
6010731856,50434
6010731863,51479
6010731862,51688
6010731861,51688
6010731860,51674
6010731867,51481
6010731866,51479
6010731865,51479
6010731864,51479
6010738,51479
6010737,51479
6010736,51479
6010735,51479
6010741,51479
6010740,51479
601074,51678
6010739,51479
6010745,51479
6010744,51479
6010743,51479
6010742,51479
6010749,51479
6010748,51479
6010747,51479
6010746,51479
6010731890,51481
6010731888,51481
6010731887,51481
6010731886,51672
6010731901,52173
6010731893,52173
6010731892,51481
6010731891,51481
6010731905,51678
6010731904,51678
6010731903,51678
6010731902,52173
6010734,51479
6010733,51479
6010732,51479
6010731906,51678
6010731684,50434
6010731683,51678
6010731682,51633
6010731681,51479
6010731688,51479
6010731687,51674
6010731686,50434
6010731685,50434
6010731692,51479
6010731691,51479
6010731690,51479
6010731689,51631
6010731696,51479
6010731695,51479
6010731694,51479
6010731693,51672
6010731668,51479
6010731667,51481
6010731666,51481
6010731665,51678
6010731672,51479
6010731671,51479
6010731670,51479
6010731669,52173
6010731676,51479
6010731675,51479
6010731674,51479
6010731673,51479
6010731680,51678
6010731679,51678
6010731678,51678
6010731677,51479
6010731716,51678
6010731715,51678
6010731714,51678
6010731713,51481
6010731720,51630
6010731719,51630
6010731718,51630
6010731717,51678
6010731724,51479
6010731723,51479
6010731722,51630
6010731721,51631
6010731728,51479
6010731727,50434
6010731726,50434
6010731725,50434
6010731700,51678
6010731699,51678
6010731698,51678
6010731697,51672
6010731704,51479
6010731703,51479
6010731702,51479
6010731701,51678
6010731708,51632
6010731707,51672
6010731706,52173
6010731705,51478
6010731712,51678
6010731711,51674
6010731710,51478
6010731709,51479
6010731748,51678
6010731747,51678
6010731746,51630
6010731745,51672
6010731752,51672
6010731751,51672
6010731750,51672
6010731749,51678
6010731756,51672
6010731755,50434
6010731754,50434
6010731753,51679
6010731760,51481
6010731759,51479
6010731758,51479
6010731757,51478
6010731732,51478
6010731731,51479
6010731730,51479
6010731729,51478
6010731736,51479
6010731735,51479
6010731734,51674
6010731733,51478
6010731740,51672
6010731739,51478
6010731738,51479
6010731737,51479
6010731744,51672
6010731743,51672
6010731742,51672
6010731741,51633
6010731780,50434
6010731779,51672
6010731778,51479
6010731777,51688
6010731784,51630
6010731783,52174
6010731782,52174
6010731781,52174
6010731788,51479
6010731787,51672
6010731786,51672
6010731785,51678
6010731792,51672
6010731791,51688
6010731790,51688
6010731789,51630
6010731764,51479
6010731763,51678
6010731762,51678
6010731761,51678
6010731768,51481
6010731767,50434
6010731766,50434
6010731765,51478
6010731772,51479
6010731771,51630
6010731770,51630
6010731769,51481
6010731776,51479
6010731775,51503
6010731774,51479
6010731773,51678
6010731556,51672
6010731555,51672
6010731554,51672
6010731553,51672
6010731560,51479
6010731559,51503
6010731558,51672
6010731557,51672
6010731564,51481
6010731563,51630
6010731562,51479
6010731561,51479
6010731568,51678
6010731567,50434
6010731566,51630
6010731565,51481
6010731540,51479
6010731539,51481
6010731538,51479
6010731537,50434
6010731544,51678
6010731543,51678
6010731542,51678
6010731541,51481
6010731548,51479
6010731547,52173
6010731546,52173
6010731545,52173
6010731552,51672
6010731551,51672
6010731550,51479
6010731549,51479
6010731588,51674
6010731587,51674
6010731586,51672
6010731585,51479
6010731592,51674
6010731591,51674
6010731590,51674
6010731589,51674
6010731596,51479
6010731595,51630
6010731594,51674
6010731593,51674
6010731600,51481
6010731599,51481
6010731598,51672
6010731597,51672
6010731572,51674
6010731571,51674
6010731570,51678
6010731569,51678
6010731576,51678
6010731575,51678
6010731574,51481
6010731573,51672
6010731580,51674
6010731579,51678
6010731578,51672
6010731577,51481
6010731584,51479
6010731583,51481
6010731582,51674
6010731581,51674
6010731620,50434
6010731619,51678
6010731618,51479
6010731617,51479
6010731624,50434
6010731623,50434
6010731622,50434
6010731621,50434
6010731628,51674
6010731627,51672
6010731626,51672
6010731625,51678
6010731632,51674
6010731631,51478
6010731630,51478
6010731629,51478
6010731604,51678
6010731603,51678
6010731602,51481
6010731601,51481
6010731608,51479
6010731607,51479
6010731606,51479
6010731605,51479
6010731612,51672
6010731611,51481
6010731610,51481
6010731609,51479
6010731616,51481
6010731615,52173
6010731614,51632
6010731613,51672
6010731652,51630
6010731651,52174
6010731650,50434
6010731649,51630
6010731656,51478
6010731655,52173
6010731654,52173
6010731653,51478
6010731660,51631
6010731659,51678
6010731658,51674
6010731657,51478
6010731664,51479
6010731663,51672
6010731662,51672
6010731661,51672
6010731636,51479
6010731635,51672
6010731634,51479
6010731633,51672
6010731640,51479
6010731639,51672
6010731638,51481
6010731637,52173
6010731644,50434
6010731643,51481
6010731642,51672
6010731641,51478
6010731648,51678
6010731647,51481
6010731646,50434
6010731645,50434
6090347,20319
60903469,20407
60903468,20407
60903467,20845
60903474,22175
60903473,22175
60903472,21619
60903471,19803
60903479,22018
60903478,22323
60903476,22353
60903475,22353
60903482,20929
60903481,19832
60903480,21902
6090348,20245
60903447,20407
60903445,19908
60903444,19908
60903443,19609
60903454,20407
60903451,20407
60903450,20407
6090345,20317
60903460,20407
6090346,20295
60903459,20407
60903458,20407
60903466,20681
60903463,20407
60903462,20407
60903461,20407
60903505,22391
60903503,97013
60903502,97013
60903501,97013
60903518,20242
60903516,57277
6090351,20360
60903508,22311
60903521,20964
60903520,20959
6090352,21607
60903519,97006
60903525,97031
60903524,57123
60903523,21040
60903522,21040
60903486,21595
60903485,21560
60903484,20446
60903483,20929
6090349,20245
60903489,20494
60903488,20830
60903487,21046
60903494,19817
60903493,21590
60903491,21075
60903490,21158
6090350,20360
609035,20961
60903496,19820
60903495,19823
60903547,56034
60903546,56034
60903545,56124
60903544,56138
60903550,20920
6090355,21552
60903549,20903
60903548,20737
60903554,21889
60903553,21212
60903552,21212
60903551,20920
6090356,21552
60903559,21590
60903556,20407
60903555,20407
60903529,22678
60903528,22678
60903527,20407
60903526,20407
60903533,21219
60903532,29002
60903530,57338
6090353,21607
60903539,20961
60903536,20961
60903535,20961
60903534,21591
60903543,20961
60903541,20961
60903540,20961
6090354,21552
6090358,21555
60903578,20489
60903577,20768
60903576,20766
6090359,21549
60903588,55783
60903587,55783
60903583,57323
60903594,20602
60903593,20602
60903592,20767
60903591,20770
60903598,21478
60903597,20059
60903596,20602
60903595,20602
60903564,55708
60903562,55707
60903561,21634
60903560,21590
60903568,21623
60903567,20407
60903566,21623
60903565,22704
60903571,22704
60903570,55827
6090357,21555
60903569,55827
60903575,20266
60903574,58001
60903573,58001
60903572,21569
60903303,20103
60903302,20015
60903301,20047
60903300,19991
60903307,19993
60903306,19995
60903305,20016
60903304,20016
60903312,19980
60903310,20059
6090331,20291
60903309,20056
60903316,19980
60903315,19945
60903314,19947
60903313,19979
6090329,57177
60903289,19832
60903288,19832
60903287,19832
60903293,19870
60903292,19870
60903291,19870
60903290,19870
60903297,19869
60903296,19869
60903295,19870
60903294,19870
6090330,57176
609033,20961
60903299,19990
60903298,20043
60903343,19979
60903342,19979
60903341,19920
60903340,19920
60903347,19920
60903346,19920
60903345,19972
60903344,19935
60903350,19945
6090335,57158
60903349,19921
60903348,19919
60903354,20119
60903353,19924
60903352,19926
60903351,19923
60903323,19973
60903322,19952
60903321,19952
6090332,20291
6090333,57158
60903326,19957
60903325,19957
60903324,19957
60903336,19980
60903335,19947
60903334,19925
60903333,19925
6090334,57158
60903339,19976
60903338,19976
60903337,19979
60903373,20168
60903372,19923
60903371,19924
60903370,19924
60903388,20905
60903387,20905
6090338,57160
60903374,20602
60903391,56034
60903390,20672
6090339,20242
60903389,20672
60903395,21911
60903394,19750
60903393,19743
60903392,56034
60903359,19923
60903358,19923
60903357,19944
60903356,19944
60903362,28999
60903361,29001
60903360,29001
6090336,57159
60903366,19924
60903365,19923
60903364,19923
60903363,28999
6090337,57160
60903369,19924
60903368,19924
60903367,19924
60903417,20436
60903416,20436
60903415,20464
60903414,20745
60903424,21872
60903423,21872
60903420,22546
6090342,20242
60903438,20466
6090343,20317
60903426,21869
60903425,22022
60903442,19455
60903441,19462
6090344,20317
60903439,19804
60903399,57286
60903398,57286
60903397,21891
60903396,21911
60903401,21909
60903400,21943
6090340,20242
609034,20961
6090341,20242
60903409,20905
60903404,27527
60903402,22258
60903413,20781
60903412,20781
60903411,20745
60903410,20905
60903183,20556
60903182,20556
60903181,20556
60903180,20551
60903187,57455
60903186,57455
60903185,20075
60903184,20556
60903190,57458
6090319,57161
60903189,57458
60903188,57455
60903197,57449
60903196,57449
60903195,57457
60903194,57457
60903169,20602
60903168,20602
60903167,20602
60903166,20602
60903172,20602
60903171,20602
60903170,20602
6090317,57159
60903176,55999
60903175,20602
60903174,20602
60903173,20602
6090318,57160
60903179,20551
60903178,20077
60903177,56000
60903214,57427
60903213,57421
60903212,57421
60903211,57457
60903218,57448
60903217,57426
60903216,57424
60903215,57425
60903221,19969
60903220,19969
6090322,57829
60903219,57448
60903226,19975
60903224,19932
60903223,19967
60903222,19967
6090320,20242
609032,20961
60903199,57435
60903198,57435
60903203,57435
60903202,57434
60903201,57434
60903200,57435
60903207,57454
60903206,20556
60903205,20556
60903204,20556
60903210,57456
6090321,20261
60903209,57456
60903208,57454
60903244,57418
60903243,57418
60903242,19827
60903241,19827
60903248,57422
60903247,57423
60903246,57452
60903245,57451
60903251,57433
60903250,57433
6090325,57162
60903249,57433
60903255,19832
60903254,57433
60903253,57433
60903252,57433
6090323,57162
60903229,19834
60903228,19922
60903227,19927
60903233,19831
60903232,19832
60903231,19850
60903230,19856
60903237,19845
60903236,19829
60903235,19829
60903234,19831
60903240,19811
6090324,57161
60903239,19811
60903238,19812
60903274,19832
60903273,19832
60903272,19832
60903271,19832
60903279,19832
60903278,19832
60903277,19832
60903275,19832
60903282,19832
60903281,19832
60903280,19832
6090328,57177
60903286,19832
60903285,19832
60903284,19832
60903283,19832
60903259,19832
60903258,19832
60903257,19832
60903256,19832
60903262,19832
60903261,19832
60903260,19832
6090326,57177
60903267,19832
60903266,19832
60903264,57446
60903263,57445
60903270,19832
6090327,57177
60903269,19832
60903268,19832
60903058,58001
60903057,21120
60903056,21120
60903055,21120
60903061,58005
60903060,58003
6090306,21287
60903059,58004
60903065,20602
60903064,20602
60903063,20938
60903062,20938
60903069,20602
60903068,20602
60903067,20602
60903066,20602
60903043,19987
60903042,20105
60903041,19986
60903040,19989
60903047,19954
60903046,19958
60903045,19964
60903044,19968
60903050,19934
6090305,57151
60903049,19978
60903048,19976
60903054,21120
60903053,21119
60903052,20985
60903051,19933
60903089,20602
60903088,20602
60903087,21287
60903085,20602
60903092,20602
60903091,20602
60903090,20602
6090309,21287
60903098,20602
60903096,20602
60903095,20602
60903093,20602
60903102,20602
60903100,20602
6090310,21287
609031,20961
60903072,20602
60903071,20602
60903070,20602
6090307,21253
60903077,20602
60903076,20602
60903075,20602
60903073,20602
60903080,20606
6090308,21287
60903079,20612
60903078,20602
60903084,20602
60903083,20602
60903082,20602
60903081,20602
60903120,20151
6090312,21287
60903119,20151
60903118,20151
60903127,20130
60903126,20130
60903125,20133
60903121,20151
60903130,20177
6090313,21287
60903129,20161
60903128,20163
60903134,20006
60903133,20032
60903132,20035
60903131,20031
60903106,20602
60903105,20602
60903104,20602
60903103,20602
6090311,21287
60903109,20602
60903108,20602
60903107,20602
60903113,20168
60903112,20168
60903111,20168
60903110,20168
60903117,20151
60903116,20151
60903115,20168
60903114,20168
60903152,20602
60903151,20602
60903150,20602
6090315,21287
60903156,20602
60903155,20602
60903154,20602
60903153,20602
60903161,20602
6090316,57159
60903159,20602
60903158,20602
60903165,20602
60903164,20168
60903163,20168
60903162,20602
60903138,20080
60903137,20041
60903136,20009
60903135,20055
60903141,20589
60903140,20602
6090314,21287
60903139,20012
60903145,20602
60903144,20602
60903143,20602
60903142,20602
60903149,20602
60903148,20602
60903147,20602
60903146,20602
60904020,21998
6090402,20376
60904019,21997
60904018,21997
60904024,22614
60904023,22614
60904022,21988
60904021,21998
60904029,20979
60904027,21562
60904026,22542
60904025,61028
60904032,22595
60904031,21637
60904030,20407
6090403,20398
60904004,20961
60904003,20961
60904002,21820
60904001,21079
60904008,57372
60904007,20961
60904006,20961
60904005,20961
60904012,21449
60904011,20206
6090401,20405
60904009,57372
60904016,21999
60904015,21998
60904014,21998
60904013,57352
60904051,20407
60904050,20407
6090405,20404
60904049,20407
60904055,20602
60904054,56167
60904053,21776
60904052,21776
60904059,97016
60904058,21162
60904057,97016
60904056,97016
60904062,57451
60904061,57451
60904060,97016
6090406,20393
60904036,20605
60904035,57352
60904034,58001
60904033,58001
6090404,20398
60904039,20904
60904038,20904
60904037,21783
60904043,21219
60904042,21219
60904041,20251
60904040,21234
60904048,20407
60904047,20407
60904046,55888
60904044,97012
60904087,12302
60904086,22761
60904085,20732
60904084,20732
60904091,22339
60904090,22339
60904089,56117
60904088,56117
60904095,21541
60904094,21541
60904093,22754
60904092,22754
60904099,20602
60904098,20602
60904097,21556
60904096,21556
60904066,27559
60904065,27559
60904064,22291
60904063,55836
60904076,90211
60904075,20764
60904074,20764
60904067,75000
6090408,20395
60904079,22268
60904078,20602
60904077,90211
60904083,20732
60904082,20748
60904081,20848
60904080,12222
6090413,57184
6090412,57183
60904118,21287
60904117,21253
60904145,21224
60904144,97012
60904143,21269
6090414,57185
6090415,57185
60904149,22280
60904147,21233
60904146,21224
60904155,97006
60904152,97007
60904151,21911
60904150,57969
60904102,21807
60904101,20602
60904100,20602
6090410,57178
60904106,21757
60904105,21754
60904104,21754
60904103,90222
60904112,21558
60904111,20427
6090411,57178
60904107,21757
60904116,22521
60904115,20110
60904114,55867
60904113,21558
60903860,20168
6090386,20269
60903859,57313
60903858,57329
60903864,55783
60903863,19747
60903862,20772
60903861,20168
60903868,27528
60903867,21783
60903866,21784
60903865,55783
60903872,19790
60903871,19790
6090387,20350
60903869,27528
60903845,97013
60903844,20981
60903843,20771
60903842,20770
6090385,20267
60903849,97013
60903848,19745
60903847,97013
60903853,22719
60903852,22719
60903851,21782
60903850,19745
60903857,21255
60903856,19823
60903855,57157
60903854,20315
60903891,57299
60903890,22191
6090389,20353
60903888,22465
60903895,57969
60903894,90208
60903893,90207
60903892,22191
6090390,20349
609039,21351
60903899,22001
60903898,97012
60903903,20602
60903902,20602
60903901,56010
60903900,56013
60903876,20168
60903875,20765
60903874,20094
60903873,57431
6090388,20366
60903879,22266
60903878,22287
60903877,20168
60903883,97017
60903882,21373
60903881,21342
60903880,21585
60903887,58004
60903886,20168
60903885,21263
60903884,21263
60903923,21341
60903922,97013
60903921,97013
60903920,21991
60903927,57969
60903926,57969
60903925,22754
60903924,21341
60903930,19882
6090393,20370
60903929,21209
60903928,21208
6090395,20369
6090394,20375
60903932,19911
60903931,22761
60903908,20407
60903906,55708
60903905,56007
60903904,56007
60903911,20407
60903910,20407
6090391,20347
60903909,20407
60903916,20315
60903914,21341
60903913,21787
60903912,20407
6090392,20344
60903919,21991
60903918,22168
60903917,22168
60903990,20315
6090399,20400
60903988,22428
60903987,22428
60903994,20670
60903993,22062
60903992,22030
60903991,20315
60903998,20468
60903997,20505
60903996,20505
60903995,20670
60904000,21058
6090400,20374
60904,21043
60903999,20468
60903975,55941
60903974,55941
6090397,20401
6090396,20402
60903979,20059
60903978,20059
60903977,20159
60903976,20159
60903982,20133
60903981,90008
60903980,90008
6090398,20411
60903986,22271
60903985,22271
60903984,27524
60903983,20757
60903738,97013
60903737,97013
60903736,97013
60903735,97013
60903741,97013
60903740,97013
6090374,21263
60903739,97013
60903745,97013
60903744,97013
60903743,97013
60903742,97013
60903749,97013
60903748,97013
60903747,97013
60903746,97013
60903723,97013
60903722,97013
60903721,97013
60903720,97013
60903727,97013
60903726,97013
60903725,97013
60903724,97013
60903730,97013
6090373,21260
60903729,97013
60903728,97013
60903734,97013
60903733,97013
60903732,97013
60903731,97013
60903767,97013
60903766,97013
60903765,97013
60903764,97013
60903770,97013
6090377,21262
60903769,97013
60903768,97013
60903774,22611
60903773,97013
60903772,97013
60903771,97013
60903778,57355
60903777,20407
60903776,22612
60903775,22611
60903752,97013
60903751,97013
60903750,97013
6090375,21258
60903756,97013
60903755,97013
60903754,97013
60903753,97013
6090376,21254
60903759,97013
60903758,97013
60903757,97013
60903763,97013
60903762,97013
60903761,97013
60903760,97013
60903796,20769
60903795,57278
60903794,20449
60903793,21595
609038,21350
60903799,55927
60903798,55927
60903797,20772
60903802,22463
60903801,22463
60903800,55920
6090380,20305
60903808,22694
60903805,55709
60903804,97016
60903803,97016
60903781,21980
60903780,57177
6090378,20301
60903779,97031
60903785,20506
60903784,12332
60903783,12332
60903782,20315
60903789,12222
60903788,12222
60903787,56168
60903786,56168
60903792,21560
60903791,22004
60903790,20695
6090379,20302
6090383,20308
60903829,58001
60903828,20168
60903826,97013
60903834,22240
60903833,22249
60903831,21891
60903830,21569
60903838,12042
60903837,22695
60903836,22761
60903835,22402
60903841,21608
60903840,20407
6090384,20270
60903839,20436
60903812,57347
60903811,57335
6090381,20305
60903809,22249
60903818,21871
60903817,90214
60903816,90213
60903815,22761
60903821,55786
60903820,21609
6090382,20300
60903819,21590
60903825,57385
60903824,22285
60903823,21871
60903822,55786
60903615,19862
60903614,57457
60903613,22464
60903612,22464
60903619,22287
60903618,22342
60903617,21036
60903616,57407
60903622,22287
60903621,22287
60903620,22287
6090362,21550
60903626,22191
60903625,22287
60903624,22287
60903623,22287
60903600,20585
6090360,21667
609036,20961
60903599,97008
60903604,19817
60903603,22551
60903602,22310
60903601,20584
60903608,57408
60903607,20315
60903606,20315
60903605,19817
60903611,22005
60903610,19873
6090361,21550
60903609,57407
60903647,21560
60903646,21588
60903644,57177
60903642,57161
60903650,57980
6090365,21585
60903649,55775
60903648,21559
60903654,21991
60903653,21988
60903652,22005
60903651,57980
60903658,97017
60903657,22611
60903656,22503
60903655,21989
6090363,21574
60903629,20407
60903628,20407
60903627,22192
60903633,56035
60903632,20407
60903631,20407
60903630,20407
60903638,20242
60903637,55819
60903635,12272
60903634,56116
60903641,57162
60903640,20260
6090364,21574
60903639,20261
60903677,19731
60903676,19735
60903675,21184
60903674,20505
60903680,20462
6090368,21287
60903679,19585
60903678,19585
60903685,20556
60903684,20602
60903682,19756
60903681,19785
60903689,20847
60903688,20781
60903687,21176
60903686,21891
60903661,55836
60903660,22583
6090366,21291
60903659,97017
60903665,20918
60903664,20919
60903663,21762
60903662,12308
60903669,20505
60903668,20505
60903667,20670
60903666,12332
60903673,20505
60903671,20533
60903670,20480
6090367,21291
60903709,57407
60903708,57408
60903707,21569
60903706,20407
60903712,21746
60903711,20961
60903710,20961
6090371,21252
60903716,19743
60903715,22309
60903714,20377
60903713,21170
6090372,21252
60903719,97013
60903718,97013
60903717,97013
60903695,19463
60903693,19453
60903691,20436
6090369,21287
60903699,20407
60903698,20407
60903697,20407
60903696,19612
60903701,20407
60903700,20407
6090370,21287
609037,20961
60903705,20407
60903704,20407
60903703,20407
60903702,19803
6090638,20407
6090637,20407
6090636,20407
6090635,20407
6090641,20407
6090640,20407
609064,20961
6090639,20407
6090645,20407
6090644,20407
6090643,20407
6090642,20407
6090649,20407
6090648,20407
6090647,20407
6090646,20407
6090623,20407
6090622,20407
6090621,20407
6090620,20407
6090627,20407
6090626,20407
6090625,20407
6090624,20407
6090630,20407
609063,20961
6090629,20407
6090628,20407
6090634,20407
6090633,20407
6090632,20407
6090631,20407
6090672,20407
6090671,20407
6090670,20407
609067,97012
6090676,20407
6090675,20407
6090674,20407
6090673,20407
609068,97012
6090679,20407
6090678,20407
6090677,20407
6090686,20315
6090682,20407
6090681,20407
6090680,20407
6090652,20407
6090651,20407
6090650,20407
609065,97012
6090658,20407
6090655,20407
6090654,20407
6090653,20407
6090663,20407
6090662,20407
6090661,20407
6090660,20407
6090669,20407
6090668,20407
6090665,20407
6090664,20407
6090705,20315
6090704,20315
6090703,20315
6090702,20315
6090709,20315
6090708,20315
6090707,20315
6090706,20315
6090714,20315
6090713,20315
6090712,20315
609071,97012
6090718,20315
6090717,20315
6090716,20315
6090715,20315
6090690,20315
6090689,20315
6090688,20315
6090687,20402
6090694,20315
6090693,20315
6090692,20315
6090691,20315
6090698,20315
6090697,20315
6090696,20315
6090695,20315
6090701,20315
6090700,20315
60907,97006
6090699,20315
609074,97012
6090739,20315
6090738,20315
6090735,20315
6090743,20279
6090742,20276
6090741,20315
6090740,20315
6090747,21294
6090746,21274
6090745,20315
6090744,20315
6090750,20407
609075,97012
6090749,20407
6090748,21273
6090721,20315
6090720,20315
609072,97012
6090719,20315
6090725,20315
6090724,20315
6090723,20315
6090722,20315
6090729,20315
6090728,20315
6090727,20315
6090726,20315
6090734,20315
6090731,20315
6090730,20315
609073,97012
6090504,97031
6090503,97031
6090502,97031
6090501,97031
6090508,97031
6090507,97031
6090506,97031
6090505,97031
6090511,97031
6090510,97031
609051,20961
6090509,97031
6090515,97031
6090514,97031
6090513,97031
6090512,97031
6090492,97031
6090491,97031
6090490,97031
609049,20961
6090496,97031
6090495,97031
6090494,97031
6090493,97031
60905,97006
6090499,97031
6090498,97031
6090497,97031
60905001,20514
60905000,20514
6090500,97031
609050,20961
6090538,97031
6090537,97031
6090535,97031
6090534,97031
6090542,97031
6090541,97031
6090540,97031
6090539,97031
6090546,97031
6090545,97031
6090544,97031
6090543,97031
6090550,97031
6090549,97031
6090548,97031
6090547,97031
6090519,97031
6090518,97031
6090517,97031
6090516,97031
6090522,97031
6090521,97031
6090520,97031
609052,20961
609053,20961
6090529,97031
6090528,97031
6090523,97031
6090533,97031
6090532,97031
6090531,97031
6090530,97031
6090571,97031
6090570,97031
6090569,97031
6090568,97031
6090575,97031
6090574,97031
6090573,97031
6090572,97031
6090581,97031
6090580,97031
6090579,97031
6090576,97031
6090585,97031
6090584,97031
6090583,97031
6090582,97031
6090554,97031
6090553,97031
6090552,97031
6090551,97031
6090558,97031
6090557,97031
6090556,97031
6090555,97031
6090563,97031
6090561,97031
6090560,97031
6090559,97031
6090567,97031
6090566,97031
6090565,97031
6090564,97031
6090607,20407
6090606,20407
6090605,20407
6090604,20407
6090611,20407
6090610,20407
6090609,20407
6090608,20407
6090616,20407
6090615,20407
6090614,20407
6090613,20407
609062,20961
6090619,20407
6090618,20407
6090617,20407
6090589,97031
6090588,97031
6090587,97031
6090586,97031
6090593,20407
6090592,20407
6090591,20407
6090590,97031
6090599,20407
6090596,20407
6090595,20407
6090594,20407
6090603,20407
6090602,20407
6090601,20407
6090600,20407
609043,21473
60904299,97013
60904298,20732
60904297,21544
60904302,97031
60904301,22428
60904300,21204
6090430,20201
60904306,19817
60904305,55818
60904304,55818
60904303,20909
6090431,20191
60904309,57380
60904308,21773
60904307,19817
60904281,21562
60904280,21592
6090428,20215
60904279,20407
60904289,58001
60904288,21559
60904287,20665
60904286,20665
60904292,58001
60904291,58001
60904290,58001
6090429,20216
60904296,20168
60904295,20745
60904294,21577
60904293,21577
60904328,19882
60904327,19882
60904326,19882
60904325,19882
60904331,19882
60904330,19882
6090433,20193
60904329,19882
60904335,97016
60904334,22233
60904333,57154
60904332,19882
60904339,22512
60904338,97016
60904337,97016
60904336,97016
60904313,27554
60904312,61024
60904311,61022
60904310,56452
60904317,21610
60904316,22515
60904315,57157
60904314,27554
60904320,20602
6090432,20191
60904319,20602
60904318,20602
60904324,20602
60904323,20602
60904322,20602
60904321,20602
60904360,22395
6090436,20230
60904359,21473
60904355,21552
60904364,57315
60904363,20626
60904362,20565
60904361,58001
6090439,20220
6090438,20227
6090437,20227
60904365,90226
6090442,20203
6090441,20204
6090440,20220
609044,21473
60904342,57338
60904341,19804
60904340,22512
6090434,20190
60904346,22586
60904345,22984
60904344,22542
60904343,56452
6090435,20230
60904349,19924
60904348,97013
60904347,22571
60904354,21552
60904353,20905
60904351,19769
60904350,21313
6090462,97031
60904615,27524
60904614,20407
6090461,97031
6090466,97031
6090465,97031
6090464,97031
6090463,97031
6090470,97031
6090469,97031
6090468,97031
6090467,97031
6090489,20365
6090488,20365
6090474,97031
6090471,97031
6090449,97031
6090448,97031
6090447,97031
6090443,20389
6090452,97031
6090451,97031
6090450,97031
609045,21043
6090456,97031
6090455,97031
6090454,97031
6090453,97031
6090460,97031
6090459,97031
6090458,97031
6090457,97031
60904174,20280
60904173,20280
60904172,20384
60904171,97031
60904178,20690
60904177,20690
60904176,20690
60904175,20690
60904181,20602
60904180,27528
6090418,57195
60904179,20690
60904185,20407
60904184,20407
60904183,20407
60904182,22318
60904159,57422
60904158,57451
60904157,57451
60904156,57154
60904162,20556
60904161,20556
60904160,57422
6090416,57192
60904167,97031
60904166,97031
60904165,20279
60904163,20556
60904170,97031
6090417,57191
60904169,97031
60904168,97031
60904203,20457
60904201,55940
60904200,55941
6090420,20280
60904207,97031
60904206,57340
60904205,22754
60904204,20457
60904210,22611
6090421,20222
60904209,97031
60904208,97031
60904214,97017
60904213,22191
60904212,97017
60904211,22049
60904189,20407
60904188,20407
60904187,20407
60904186,20407
60904192,20407
60904191,20407
60904190,20407
6090419,57195
60904196,20407
60904195,20407
60904194,20407
60904193,20407
609042,21473
60904199,20407
60904198,20407
60904197,20407
60904236,57341
60904235,57273
60904234,90012
60904233,21743
60904240,75004
60904239,75004
60904238,20602
60904237,97013
60904244,22277
60904243,22306
60904242,57433
60904241,57433
60904248,90007
60904247,90007
60904246,90216
60904245,90216
60904221,20468
60904220,20468
6090422,20221
60904217,20105
60904225,22238
60904224,20689
60904223,21594
60904222,57134
60904229,55803
60904228,97017
60904227,97017
60904226,22041
60904232,58001
60904231,58001
60904230,55800
6090423,20207
60904266,21021
60904265,20602
60904264,20602
60904263,20602
6090427,20198
60904269,21041
60904268,20962
60904267,21021
60904273,22611
60904272,22611
60904271,22611
60904270,22611
60904278,20407
60904277,22255
60904275,19837
60904274,20602
60904251,20931
60904250,20942
6090425,20209
60904249,21967
60904255,21269
60904254,21269
60904253,21269
60904252,21269
60904259,20168
60904258,20168
60904257,20468
60904256,20468
60904262,20602
60904261,20168
60904260,20168
6090426,20210
6110270,27742
611027,27309
6110269,27739
6110268,27738
6110274,27740
6110273,27740
6110272,27757
6110271,27755
6110278,27743
6110277,27743
6110276,27753
6110275,27752
6110281,27799
6110280,27745
611028,27234
6110279,27746
6110252,27802
6110251,27803
6110250,27802
611025,27230
6110256,27823
6110255,27822
6110254,27802
6110253,27802
611026,27232
6110259,27823
6110258,27823
6110257,27823
6110267,27747
6110266,27747
6110265,27736
6110260,90236
6110302,27806
6110301,27805
6110300,27799
611030,27240
6110306,27808
6110305,27808
6110304,27801
6110303,27800
611031,27281
6110309,27772
6110308,27776
6110307,27767
6110316,27772
6110315,27770
6110314,27780
6110311,27768
6110285,27743
6110284,27745
6110283,27745
6110282,27799
6110289,27615
6110288,27754
6110287,27754
6110286,27743
6110296,27754
6110293,27615
6110290,27615
611029,27278
61103,20407
6110299,27799
6110298,27743
6110297,27754
6110335,27812
6110334,27812
6110332,27845
6110331,27809
611034,27407
6110338,27814
6110337,27814
6110336,27813
6110348,27846
6110347,27846
6110346,27846
6110345,27846
6110351,27846
6110350,27846
611035,27271
6110349,27846
611032,27281
6110319,27774
6110318,27772
6110317,27772
6110323,27809
6110322,27809
6110321,27779
6110320,27775
6110327,27812
6110326,27812
6110325,27811
6110324,27811
6110330,27809
611033,27406
6110329,27797
6110328,27794
611037,27411
6110369,27810
6110368,27810
6110367,27822
6110373,27833
6110372,27833
6110371,27833
6110370,27833
6110380,27647
611038,27417
6110375,27812
6110374,27812
6110384,27642
6110383,27643
6110382,27646
6110381,27659
6110355,27814
6110354,27815
6110353,27815
6110352,27815
6110359,27838
6110358,27838
6110357,27836
6110356,27836
6110362,27828
6110361,27838
6110360,27838
611036,27271
6110366,27809
6110365,27809
6110364,27809
6110363,27822
6110148,27324
6110147,27241
6110144,27224
6110143,27224
6110151,27242
6110150,27372
611015,20407
6110149,27326
6110155,27445
6110154,27357
6110153,27357
6110152,27356
6110159,27492
6110158,27490
6110157,27358
6110156,20407
6110130,27318
611013,20407
6110129,27317
6110127,27283
6110134,27224
6110133,27223
6110132,27225
6110131,27318
6110139,27353
6110137,27243
6110136,27243
6110135,27226
6110142,27324
6110141,27325
6110140,27353
611014,20407
6110177,27717
6110176,27721
6110175,27716
6110174,27711
6110180,27684
611018,20407
6110179,27679
6110178,27679
6110184,27725
6110183,27682
6110182,27692
6110181,27684
6110189,27671
6110188,27728
6110187,27730
6110185,27672
6110162,27503
6110161,27494
6110160,27492
611016,20407
6110166,27636
6110165,27636
6110164,27503
6110163,27503
611017,20407
6110169,27626
6110168,27631
6110167,27637
6110173,27705
6110172,27705
6110171,27632
6110170,27638
6110207,27875
6110206,27875
6110205,27847
6110204,27847
6110212,27868
611021,20407
6110209,27864
6110208,27865
6110216,27868
6110215,27868
6110214,27868
6110213,27868
611022,20407
6110219,27868
6110218,27868
6110217,27868
6110192,27710
6110191,27703
6110190,27671
611019,20407
6110196,27849
6110195,27708
6110194,27707
6110193,27710
611020,20407
61102,20407
6110199,27855
6110197,27850
6110203,27870
6110202,27870
6110201,27853
6110200,27858
6110238,27818
6110237,27818
6110236,27818
6110235,27827
6110241,27837
6110240,27837
611024,27250
6110239,27836
6110245,27824
6110244,27826
6110243,27826
6110242,27837
6110249,27822
6110248,27828
6110247,27823
6110246,27824
6110223,27868
6110222,27868
6110221,27868
6110220,27868
6110227,27842
6110226,27868
6110225,27868
6110224,27868
6110230,27878
611023,27227
6110229,27878
6110228,27842
6110234,27827
6110233,27827
6110232,27836
6110231,27842
6090906,21269
6090905,21269
6090904,21269
6090903,21269
609091,21537
6090909,21269
6090908,21269
6090907,21269
6090913,21269
6090912,21269
6090911,21269
6090910,21269
6090917,21269
6090916,21269
6090915,21269
6090914,21269
6090887,21269
6090886,21269
6090885,21269
6090884,21269
6090890,21269
609089,97012
6090889,21269
6090888,21269
6090895,21269
6090893,21269
6090892,21269
6090891,21269
6090902,21269
6090901,21269
6090900,21269
60909,97006
6090945,21623
6090944,21623
6090943,21623
609094,21536
6090949,21615
6090948,21588
6090947,21634
6090946,21623
6090953,21608
6090951,21588
6090950,21615
609095,21536
6090962,21620
6090961,21619
609096,21530
6090954,21558
6090923,21269
6090921,21269
609092,21537
6090918,21269
6090930,21269
609093,21537
6090929,21269
6090928,21269
6090934,21269
6090933,21269
6090932,21269
6090931,21269
6090938,21557
6090937,21557
6090936,21269
6090935,21269
6090983,21563
6090982,21564
6090981,21597
6090980,21597
6090988,21716
6090987,21556
6090986,21580
6090985,21580
6090992,21596
6090991,21717
6090990,21717
6090989,21716
6090998,21670
6090995,21564
6090994,21563
6090993,21596
6090966,21710
6090965,21711
6090964,21636
6090963,21620
609097,21530
6090969,21637
6090968,21637
6090967,21639
6090974,21619
6090973,21619
6090972,21594
6090971,21594
609098,21154
6090979,21559
6090978,21560
6090977,21637
6110115,27371
6110114,27371
6110113,27371
6110112,27371
6110119,27330
6110118,27330
6110117,27331
6110116,27331
6110122,27284
6110121,27330
6110120,27330
611012,20407
6110126,27295
6110125,27275
6110124,27276
6110123,27284
6110100,27352
611010,20407
61101,20407
6090999,21598
6110104,27464
6110103,27464
6110102,27355
6110101,27354
6110108,27358
6110107,27358
6110106,27359
6110105,27359
6110111,27371
6110110,27355
611011,20407
6110109,27355
6090770,21287
609077,97008
6090769,21287
6090768,21287
6090775,21543
6090774,21287
6090773,21252
6090771,21252
6090782,21609
6090781,21544
6090780,21544
609078,97008
6090786,21590
6090785,21589
6090784,21614
6090783,21609
6090754,21286
6090753,21286
6090752,21286
6090751,20242
6090758,21262
6090757,21286
6090756,21286
6090755,21286
6090763,21261
6090762,21261
609076,97008
6090759,21262
6090767,21252
6090766,21252
6090765,21272
6090764,21272
6090804,20224
6090802,21654
6090801,21621
6090800,21674
6090811,21576
609081,97008
6090806,20384
6090805,20211
6090815,21668
6090814,21668
6090813,57960
6090812,21576
6090819,21553
6090818,21516
6090817,21517
6090816,21668
609079,97008
6090789,21588
6090788,21588
6090787,21590
6090793,21616
6090792,21616
6090791,21557
6090790,21588
6090797,21616
6090796,21688
6090795,21688
6090794,21616
609080,97008
60908,97006
6090799,21632
6090798,21633
6090838,21592
6090837,57956
6090836,21595
6090835,57956
6090841,21562
6090840,21561
609084,97008
6090839,21591
6090845,21557
6090844,21687
6090843,21557
6090842,21687
609085,97012
6090849,21590
6090847,21588
6090846,21558
6090823,21582
6090822,21581
6090821,21554
6090820,21554
6090827,21560
6090826,21669
6090825,21583
6090824,21579
6090830,57960
609083,97008
6090829,21576
6090828,21560
6090834,57956
6090833,57958
6090832,57963
6090831,57963
6090871,21269
609087,97012
6090869,21731
6090868,21726
6090875,21269
6090874,21269
6090873,21269
6090872,21269
6090879,21269
6090878,21269
6090877,21269
6090876,21269
6090882,21269
6090881,21269
6090880,21269
609088,97012
6090854,21543
6090853,21543
6090852,21610
6090851,21610
6090859,21268
6090858,21267
6090857,21612
6090856,21544
6090863,21720
6090862,21704
6090861,21704
609086,97012
6090867,21724
6090866,21721
6090865,21719
6090864,21718
60901278,56414
60901276,22311
60901275,22342
6090127,22049
609013,97008
6090129,22088
6090128,22049
60901279,56414
60901302,22342
60901301,56414
60901300,56414
6090130,22088
60901306,22342
60901305,22342
60901304,22342
60901303,22342
60901257,22309
60901256,22309
60901255,27528
60901254,27533
60901260,22395
6090126,22048
60901259,22291
60901258,22291
60901265,22394
60901264,56414
60901263,56414
60901262,22394
60901269,22394
60901268,22394
60901267,22394
60901266,22342
60901326,55770
60901325,55770
60901324,56397
60901323,22173
60901330,55786
60901329,55786
60901328,55785
60901327,55784
60901335,55783
60901334,55783
60901332,55789
60901331,55789
60901345,55799
60901344,56414
60901343,55783
6090134,22047
60901310,55772
6090131,22091
60901308,55768
60901307,22342
60901314,55777
60901313,55776
60901312,55774
60901311,55772
60901318,55778
60901317,55778
60901316,55764
60901315,55780
60901322,55773
60901321,55773
6090132,22090
60901319,55775
60901364,22345
60901363,22355
60901362,22343
60901361,22365
60901368,22388
60901367,22388
60901366,22388
60901365,22388
60901377,22361
60901376,55804
60901375,55804
60901369,55708
60901386,22326
60901380,22335
60901379,22346
60901378,22361
60901349,22347
60901348,22392
60901347,22391
60901346,55799
60901352,56169
60901351,56174
60901350,22347
6090135,22046
60901356,22351
60901355,56416
60901354,56168
60901353,56168
60901360,22342
6090136,22046
60901359,22342
60901357,22351
60901403,22107
60901402,22228
60901401,22247
60901400,22216
60901407,22069
60901406,22083
60901405,22084
60901404,22142
60901410,22067
6090141,21532
60901409,22066
60901408,22069
60901414,22072
60901413,22064
60901412,22065
60901411,22097
6090139,21534
60901389,22317
60901388,22317
60901387,22318
60901393,22316
60901392,22316
60901391,22319
60901390,22339
60901397,22224
60901396,22238
60901395,22436
60901394,22436
6090140,21534
609014,97008
60901399,22232
60901398,22221
60901142,22255
60901141,22077
60901140,22074
6090114,97012
60901146,22260
60901145,22257
60901144,22257
60901143,22256
6090115,97012
60901149,22269
60901148,22270
60901147,22267
60901153,22273
60901152,22273
60901151,22270
60901150,22271
60901128,22255
60901127,22255
60901126,22255
6090112,97012
60901131,21500
60901130,21500
6090113,97012
60901129,22255
60901135,22180
60901134,21540
60901133,21539
60901132,21500
60901139,22040
60901138,22121
60901137,22149
60901136,22073
60901172,22277
60901171,22260
60901170,22308
6090117,97013
60901176,22308
60901175,22308
60901174,22277
60901173,22277
6090118,97013
60901179,22308
60901178,22308
60901177,22308
60901183,22259
60901182,22259
60901181,22259
60901180,22277
60901157,22272
60901156,22302
60901155,22281
60901154,22281
60901161,22271
60901160,22429
6090116,97011
60901159,22429
60901165,22265
60901164,22268
60901163,22269
60901162,22270
60901169,22287
60901168,57881
60901167,22287
60901166,22266
60901212,22287
60901211,22287
60901210,22287
6090121,97014
60901216,22259
60901215,22259
60901214,22308
60901213,22287
6090122,97014
60901219,56414
60901218,22259
60901217,22259
60901223,22287
60901222,22287
60901221,22287
60901220,55783
60901187,55785
60901186,55784
60901185,55784
60901184,22259
60901194,55783
60901193,55783
60901189,55792
60901188,55785
60901201,22308
6090120,97014
609012,97008
60901195,55783
60901205,22287
60901204,22308
60901203,22308
60901202,22308
60901242,22395
60901241,22395
60901240,22290
6090124,97014
60901246,22310
60901245,22356
60901244,22356
60901243,22395
6090125,97014
60901249,22310
60901248,22310
60901247,22310
60901253,22284
60901252,22290
60901251,22291
60901250,22285
60901227,22287
60901226,22287
60901225,22287
60901224,22287
60901231,27534
6090123,97014
60901229,27528
60901228,27528
60901235,22395
60901234,22284
60901233,22284
60901232,27533
60901239,22284
60901238,22284
60901237,22287
60901236,22287
608098,30025
608097,30190
608096,30190
608095,30194
60901000,21565
609010,97008
60901,21043
608099,30089
60901004,21571
60901003,21566
60901002,21713
60901001,21601
60901008,21548
60901007,21569
60901006,21572
60901005,21571
608083,30176
608082,30176
608081,30175
608080,30175
608087,30191
608086,30190
608085,30190
608084,30175
608090,30191
60809,30096
608089,30191
608088,30191
608094,30194
608093,30193
608092,30191
608091,30191
60901026,22270
60901025,21653
60901024,21653
60901023,21571
6090103,21170
60901029,22272
60901028,22271
60901027,22270
60901033,27525
60901032,27523
60901031,22281
60901030,22272
60901037,27541
60901036,27541
60901035,27541
60901034,27527
60901011,21570
60901010,21547
6090101,21151
60901009,21548
60901015,21738
60901014,21738
60901013,21736
60901012,21734
60901019,21603
60901018,21603
60901017,21568
60901016,21739
60901022,21571
60901021,21571
60901020,21571
6090102,21151
60901059,21640
60901058,21641
60901057,21641
60901056,21568
60901062,21640
60901061,21640
60901060,21640
6090106,20961
60901066,21627
60901065,21627
60901064,21626
60901063,21626
6090107,97012
60901069,21641
60901068,21640
60901067,21640
60901040,27541
6090104,21170
60901039,27541
60901038,27541
60901047,21569
60901046,21569
60901045,21569
60901041,21548
60901050,22281
6090105,20961
60901049,22281
60901048,21569
60901055,21569
60901053,22281
60901052,22281
60901051,27523
60901108,21716
60901107,21640
60901106,21640
60901105,21640
60901111,21716
60901110,21716
6090111,97012
60901109,21716
60901115,22258
60901114,22258
60901113,21716
60901112,21716
60901119,22258
60901118,22258
60901117,22258
60901116,22258
60901073,22303
60901072,21677
60901071,21677
60901070,21641
60901078,22304
60901077,22288
60901076,22295
60901075,22295
6090110,97012
609011,97008
6090109,97012
6090108,97012
60901104,21564
60901103,21564
60901102,21564
60901101,21563
6080556,29947
6080555,29778
6080554,29643
6080553,29697
608056,30171
6080559,30094
6080558,29875
6080557,29629
6080564,29774
6080562,29969
6080561,29969
6080560,29774
6080568,29698
6080567,29617
6080566,30204
6080565,29978
6080541,30054
6080540,29990
608054,29969
6080539,29721
6080545,30192
6080544,30178
6080543,29987
6080542,29931
6080549,30089
6080548,29738
6080547,29730
6080546,30010
6080552,30194
6080551,29775
6080550,30194
608055,29969
6080586,29979
6080585,30012
6080584,30013
6080583,30013
608059,30169
6080589,30039
6080588,30039
6080587,29734
6080597,30074
6080596,29980
6080595,30077
6080594,30031
608060,30168
60806,30015
6080599,74052
6080598,30076
6080571,29979
6080570,29979
608057,30165
6080569,29734
6080575,30158
6080574,30158
6080573,30041
6080572,29625
6080579,30039
6080578,30094
6080577,30158
6080576,30158
6080582,30039
6080581,30037
6080580,30039
608058,30165
6080622,30161
6080621,29901
6080620,29878
608062,30172
6080626,30023
6080625,30023
6080624,29767
6080623,29901
608063,30168
6080629,29773
6080628,29772
6080627,30023
6080633,29801
6080632,29948
6080631,29900
6080630,29615
6080607,29985
6080606,30096
6080601,29853
6080600,74052
6080611,29903
608061,30167
6080609,30190
6080608,30190
6080615,29767
6080614,29911
6080613,29942
6080612,29942
6080619,29890
6080618,29938
6080617,29938
6080616,29747
608068,30168
608067,30168
608066,30168
608065,30168
608071,30168
608070,30168
60807,30096
608069,30168
608076,29978
608075,29978
608073,30168
608072,30168
60808,30096
608079,30204
608078,30180
608077,29978
6080638,29957
6080636,29959
6080635,29612
6080634,29615
6080641,29669
6080640,29694
608064,30168
6080639,29956
6080645,30018
6080644,30126
6080643,29698
6080642,29797
6080649,30075
6080648,30019
6080647,30018
6080646,29969
60901816,22610
60901815,22610
60901814,22610
60901813,22611
6090182,97012
60901819,22570
60901818,22610
60901817,22610
60901823,22463
60901822,22463
60901821,22463
60901820,22570
60901827,22556
60901826,22555
60901825,22673
60901824,22463
60901800,22541
6090180,97008
609018,97009
60901799,22569
60901804,22555
60901803,22555
60901802,22556
60901801,22540
60901808,22503
60901807,22552
60901806,22566
60901805,22673
60901811,22611
60901810,22612
6090181,97012
60901809,22465
60901851,22720
60901850,22609
6090185,21473
60901849,22609
60901861,22524
60901860,22678
60901859,22678
60901852,22720
60901865,22707
60901864,22528
60901863,22527
60901862,22524
60901869,97017
60901868,97017
60901867,22696
60901866,22696
60901833,22593
60901830,22611
6090183,97008
60901828,22541
60901837,22594
60901836,22598
60901835,22597
60901834,22593
60901844,22609
6090184,21473
60901839,22595
60901838,22599
60901848,22609
60901847,22609
60901846,22609
60901845,22583
60901888,97017
60901887,97017
60901886,97017
60901885,97017
60901891,97017
60901890,97017
6090189,21461
60901889,97017
60901895,97017
60901894,97017
60901893,97017
60901892,97017
60901899,97017
60901898,97017
60901897,97017
60901896,97017
60901873,97017
60901872,97017
60901871,22001
60901870,22001
60901877,97017
60901876,97017
60901875,97017
60901874,97017
60901880,97017
6090188,21478
60901879,97017
60901878,97017
60901884,97017
60901883,97017
60901882,97017
60901881,97017
60901916,97016
60901915,97016
60901914,97016
60901913,97016
6090192,21478
60901919,97016
60901918,97016
60901917,97016
60901923,22126
60901922,97016
60901921,97016
60901920,97016
60901927,97016
60901926,22124
60901925,22124
60901924,22122
60901901,97017
60901900,97017
6090190,97007
609019,97009
60901905,97017
60901904,97017
60901903,97017
60901902,97017
60901909,97017
60901908,97017
60901907,97017
60901906,97017
60901912,97016
60901911,97016
60901910,97017
6090191,21478
60901688,22515
60901687,22514
60901686,22514
60901685,22511
60901691,22613
60901690,22521
6090169,97008
60901689,22520
60901695,22591
60901694,22600
60901693,22551
60901692,22613
60901699,22504
60901698,22504
60901697,22502
60901696,22502
60901672,22002
60901671,21993
60901670,21984
60901668,21973
60901676,21987
60901675,21986
60901674,21979
60901673,21978
60901680,21980
6090168,97012
60901678,21990
60901677,21990
60901684,22509
60901683,22509
60901682,22001
60901681,21980
60901719,21991
60901718,21991
60901717,22005
60901716,22005
60901722,21989
60901721,21989
60901720,21989
6090172,97008
60901727,22005
60901726,21996
60901725,21980
60901723,21991
60901730,21995
6090173,97008
60901729,21995
60901728,22018
60901701,57310
60901700,57310
6090170,97008
609017,97009
60901707,22511
60901704,22508
60901703,22508
60901702,57309
60901710,22515
6090171,97008
60901709,22514
60901708,22514
60901715,22005
60901714,22005
60901713,22511
60901711,21999
60901758,22191
60901757,22211
60901756,22208
60901755,22185
60901761,22195
60901760,22193
6090176,97008
60901759,22192
60901765,22200
60901764,22183
60901763,22198
60901762,22197
60901769,22682
60901768,22684
60901767,22680
60901766,22679
60901734,21949
60901733,21950
60901732,57287
60901731,57287
60901738,21989
60901737,21999
60901736,22018
60901735,21950
60901750,22079
6090175,97008
60901749,22079
6090174,97008
60901754,22187
60901753,22204
60901752,22201
60901751,22181
60901787,22562
60901786,22671
60901785,22565
60901784,22547
60901790,22574
6090179,97008
60901789,22563
60901788,22560
60901794,22674
60901793,22549
60901792,61022
60901791,61022
60901798,22570
60901797,22559
60901796,22559
60901795,22572
60901772,22691
60901771,22685
60901770,22684
6090177,97008
60901776,22720
60901775,22583
60901774,55844
60901773,22720
6090178,97008
60901779,22538
60901778,22609
60901777,22583
60901783,22545
60901782,22558
60901781,22557
60901780,22536
60901562,21793
60901561,21828
60901560,21792
6090156,97010
60901566,21839
60901565,21830
60901564,21829
60901563,21794
6090157,97008
60901569,21982
60901568,21803
60901567,21840
60901573,21919
60901572,21968
60901571,21968
60901570,21983
60901548,57275
60901546,21830
60901545,21830
60901544,21794
60901551,21873
60901550,21873
6090155,97010
60901549,21873
60901555,21818
60901554,21785
60901553,21784
60901552,21806
60901559,21792
60901558,21791
60901557,21791
60901556,21826
60901599,57203
60901598,57209
60901597,57211
60901596,57980
60901601,21947
60901600,57203
6090160,97008
609016,97009
60901605,21944
60901604,21943
60901603,21943
60901602,21947
60901609,21925
60901608,21965
60901607,21965
60901606,57285
6090158,97008
60901576,21925
60901575,21921
60901574,21918
60901588,21912
60901587,21912
60901586,21912
60901585,21902
60901591,21902
60901590,21912
6090159,97008
60901589,21912
60901595,57984
60901594,57969
60901593,21911
60901592,21891
60901627,57300
60901626,57301
60901625,57301
60901624,57299
60901630,57297
6090163,97008
60901629,57304
60901628,57300
60901634,57303
60901633,57303
60901632,57302
60901631,57296
60901638,57281
60901637,57285
60901636,57292
60901635,57291
60901612,57302
60901611,21966
60901610,21966
6090161,97008
60901616,21804
60901615,21804
60901614,57305
60901613,57302
6090162,97008
60901619,57277
60901618,21810
60901617,21810
60901623,57299
60901622,57277
60901621,57277
60901620,21829
60901656,22505
60901655,22463
60901654,22463
60901653,57310
6090166,97008
60901659,57277
60901658,57276
60901657,22503
60901663,21974
60901662,21974
60901661,21972
60901660,21972
60901667,21973
60901666,21972
60901665,21972
60901664,21889
60901641,57288
60901640,57286
6090164,97008
60901639,57281
60901645,57307
60901644,57284
60901643,57282
60901642,57283
60901649,57309
60901648,57308
60901647,57308
60901646,57307
60901652,57310
60901651,22467
60901650,22467
6090165,97008
60901433,57254
60901432,57254
60901431,57252
60901430,57252
60901437,57257
60901436,57260
60901435,57256
60901434,57259
60901441,57263
60901440,57262
60901439,57267
60901438,57266
60901447,57245
60901444,57243
60901443,57270
60901442,57251
60901418,22032
60901417,22034
60901416,22034
60901415,22071
60901421,22165
60901420,22061
6090142,21532
60901419,22032
60901425,22136
60901424,22136
60901423,22173
60901422,22173
60901429,57239
60901428,57239
60901427,57252
60901426,57252
60901468,21795
60901467,21795
60901466,22027
60901465,21831
60901471,21883
60901470,21789
6090147,97013
60901469,21823
60901475,21882
60901474,21821
60901473,21821
60901472,21822
60901479,21166
60901478,21167
60901477,21788
60901476,21882
60901450,57247
6090145,97013
60901449,57246
60901448,57242
60901456,57274
60901454,57275
60901452,57280
60901451,57274
6090146,97013
60901459,57274
60901458,57274
60901457,57274
60901464,21778
60901463,21778
60901461,57273
60901460,57273
60901500,21883
6090150,21432
609015,97009
60901498,21883
60901504,21822
60901503,21883
60901502,21883
60901501,21883
60901508,21880
60901507,21781
60901506,21844
60901505,21843
60901511,21885
60901510,21880
6090151,97010
60901509,21880
60901484,21159
60901481,21169
60901480,21162
6090148,97013
60901488,21787
60901487,21787
60901486,21174
60901485,21158
60901491,21813
60901490,21786
6090149,97013
60901489,21786
60901497,57257
60901496,21846
60901493,21815
60901492,21844
6090153,56352
60901529,21752
60901528,21755
60901527,21776
60901533,21757
60901532,21758
60901531,21756
60901530,21758
6090154,56352
60901539,21755
60901538,21755
60901534,21755
60901543,21794
60901542,21794
60901541,90225
60901540,90225
60901515,90008
60901514,21783
60901513,21783
60901512,21884
60901519,21783
60901518,90007
60901517,90007
60901516,90008
60901522,21780
60901521,21780
60901520,21783
6090152,97010
60901526,21753
60901525,21754
60901524,21807
60901523,21805
60902389,12043
60902388,12043
60902387,12043
60902386,12043
60902392,12042
60902391,12042
60902390,12042
6090239,57149
60902396,12043
60902395,12043
60902394,20446
60902393,12041
609024,97012
60902399,12222
60902398,12043
60902397,12043
60902374,21743
60902373,20449
60902372,20449
60902371,20449
60902378,21744
60902377,21744
60902376,21744
60902375,21743
60902381,12041
60902380,12041
6090238,57148
60902379,12041
60902385,12042
60902384,12042
60902383,12042
60902382,12041
60902417,20452
60902416,20452
60902415,20452
60902414,20452
60902420,20452
6090242,57157
60902419,20452
60902418,20452
60902424,12332
60902423,12332
60902422,12332
60902421,12332
60902428,20420
60902427,20420
60902426,20452
60902425,20452
60902402,12272
60902401,12272
60902400,12222
6090240,57150
60902406,12272
60902405,12272
60902404,12272
60902403,12272
6090241,57150
60902409,12272
60902408,12284
60902407,12272
60902413,12332
60902412,12332
60902411,12332
60902410,12272
60902450,20449
6090245,57158
60902449,20449
60902448,20449
60902456,20446
60902455,20446
60902452,20446
60902451,20446
6090246,57159
60902459,20446
60902458,20446
60902457,20446
60902463,20446
60902462,20446
60902461,20446
60902460,20446
60902431,20446
60902430,20420
6090243,57156
60902429,20420
60902435,20446
60902434,20446
60902433,20446
60902432,20446
60902439,21743
60902438,20449
60902437,20449
60902436,20446
60902445,20449
60902444,20449
60902440,21744
6090244,57157
60902485,20756
60902484,20794
60902483,20794
60902482,20734
60902491,57331
60902490,57330
60902489,57323
60902488,57340
60902495,57336
60902494,57335
60902493,57334
60902492,57333
60902499,57339
60902498,57327
60902497,57321
60902496,57321
6090247,57161
60902469,20751
60902468,20856
60902467,20660
60902473,20751
60902472,20752
60902471,20754
60902470,21181
60902477,20755
60902476,20794
60902475,57382
60902474,57382
60902481,21198
60902480,57340
60902479,57340
60902478,20755
6090225,57134
60902249,20660
60902248,90011
60902247,90004
60902253,20694
60902252,20705
60902251,20707
60902250,20707
60902257,20646
60902256,20659
60902255,20659
60902254,20703
60902260,20689
6090226,57134
60902259,20647
60902258,21200
60902235,20943
6090223,57129
60902224,21034
60902222,21048
60902239,21147
60902238,21082
60902237,21082
60902236,20945
60902242,21207
60902241,21207
60902240,20916
6090224,57129
60902246,90004
60902245,90211
60902244,90211
60902243,90209
60902281,21768
60902280,21763
60902279,21763
60902278,21762
60902287,12287
60902284,20919
60902283,20918
60902282,20925
60902291,21762
60902290,21762
6090229,57139
60902288,21762
609023,97012
60902294,20918
60902293,20918
60902292,20919
60902265,20801
60902264,20684
60902263,20685
60902261,20687
6090227,57135
60902269,21181
60902268,20754
60902266,20801
60902273,20918
60902272,20764
60902271,20763
60902270,20825
60902277,21769
60902276,22012
60902275,20918
60902274,20918
60902325,21773
60902324,20917
60902323,20917
60902322,20812
60902329,12286
60902328,12302
60902327,12301
60902326,21773
60902332,12332
60902331,12332
60902330,12286
6090233,57142
60902341,20750
6090234,21285
60902334,12332
60902333,12332
60902302,20917
60902301,20917
60902300,12302
6090230,57140
60902307,20689
60902306,20688
60902305,20688
60902304,20918
60902318,20856
6090231,57140
60902309,21773
60902308,21773
60902321,20812
60902320,20807
6090232,57142
60902319,20807
6090236,57147
60902359,20416
60902358,20416
60902357,20416
60902363,21746
60902362,20457
60902361,20443
60902360,20443
60902367,20444
60902366,20454
60902365,20455
60902364,21747
60902370,20444
6090237,57148
60902369,20444
60902368,20444
60902345,20427
60902344,20463
60902343,20463
60902342,20750
60902349,20419
60902348,20419
60902347,20420
60902346,20426
60902352,20446
60902351,20450
60902350,20446
6090235,57146
60902356,20416
60902355,20422
60902354,20449
60902353,20446
60902096,55847
60902095,55849
60902094,55878
60902093,55878
609021,97012
60902099,55861
60902098,55848
60902097,55847
60902103,55863
60902102,55884
60902101,55884
60902100,55945
60902107,55883
60902106,55866
60902105,55866
60902104,55864
60902080,55878
6090208,21313
60902079,22695
60902078,22695
60902084,55874
60902083,55874
60902082,55851
60902081,55852
60902088,55874
60902087,55874
60902086,55875
60902085,55874
60902092,55852
60902091,55852
60902090,55851
60902089,55851
6090213,57839
60902129,55865
60902128,55863
60902127,55858
60902133,55865
60902132,55865
60902131,55865
60902130,55865
60902137,55866
60902136,55866
60902135,55866
60902134,55865
60902140,55867
6090214,57841
60902139,55867
60902138,55866
60902110,55819
6090211,57837
60902109,55944
60902108,55883
60902117,55810
60902116,22546
60902114,55811
60902113,55811
60902122,55883
60902121,55857
60902120,55809
60902118,55810
60902126,55858
60902125,55884
60902124,55884
60902123,55864
6090216,21312
60902159,22731
60902158,55862
60902157,55861
60902163,22730
60902162,22730
60902161,22731
60902160,22731
60902167,55842
60902166,55842
60902165,55842
60902164,55808
60902172,55843
60902170,55842
6090217,21328
60902169,55842
60902145,55867
60902144,55867
60902142,55867
60902141,55867
60902149,55863
60902148,55867
60902147,55867
60902146,55867
60902152,55884
60902151,55884
60902150,55864
6090215,21321
60902156,55895
60902155,55848
60902154,55862
60902153,55858
609022,97012
60902192,55836
60902190,55842
6090219,57121
60902214,20936
60902211,22719
6090221,57123
6090220,57121
60902218,21145
60902217,21149
60902216,21149
60902215,20936
60902221,21051
60902220,21051
6090222,57123
60902219,21050
60902176,55902
60902175,55843
60902174,55843
60902173,55843
6090218,57120
60902179,55836
60902178,55885
60902177,55846
60902184,55868
60902183,55868
60902182,55844
60902181,55844
60902189,55842
60902188,55842
60902186,22583
60902185,55869
60901957,22192
60901956,22191
60901955,22203
60901954,22202
60901960,22192
6090196,97014
60901959,22191
60901958,22192
60901964,22192
60901963,22191
60901962,22192
60901961,22191
60901972,22191
60901971,22192
60901966,22191
60901965,22192
60901932,97017
60901930,97016
60901929,97016
60901928,97016
60901936,97017
60901935,97017
60901934,97017
60901933,97017
6090194,97006
60901939,97017
60901938,97017
60901937,97017
60901953,22203
60901952,22202
60901951,22203
60901940,97017
60901994,22241
60901993,22240
60901992,22240
60901991,22250
60901998,22249
60901997,22348
60901996,22348
60901995,22241
60902000,22240
609020,97012
60902,21043
60901999,22240
60902013,22702
60902012,22709
6090201,20953
60902001,22240
60901976,22191
60901975,22192
60901974,22191
60901973,22192
60901980,22200
60901979,22192
60901978,22191
60901977,22192
60901984,22200
60901983,22183
60901982,22200
60901981,22183
60901990,22250
60901989,22333
60901988,22333
60901985,22183
60902032,22704
60902031,22403
60902030,22403
60902029,22403
60902036,22706
60902035,22706
60902034,22705
60902033,22705
6090204,21316
60902039,22695
60902038,22694
60902037,22694
60902043,22761
60902042,22761
60902041,22695
60902040,22695
60902017,22402
60902016,22403
60902015,22245
60902014,22704
60902020,22403
6090202,20952
60902019,22403
60902018,22402
60902024,22323
60902023,22323
60902022,22402
60902021,22402
60902028,22403
60902027,22403
60902026,22324
60902025,22324
60902065,22694
60902064,22695
60902063,22761
60902060,22761
60902069,22706
60902068,22403
60902067,22403
60902066,22403
60902073,22695
60902072,22695
60902071,22695
60902070,22694
60902077,22695
60902076,22761
60902075,22761
60902074,22695
60902047,22755
60902046,22755
60902045,22761
60902044,22761
60902052,22754
60902051,22768
60902050,22768
6090205,21316
60902056,22755
60902055,22755
60902054,22984
60902053,22760
6090206,21341
60902059,22755
60902058,22755
60902057,22755
60902930,56127
6090293,21280
60902929,56127
60902928,56135
60902934,56154
60902933,56165
60902932,56165
60902931,56131
60902938,56116
60902937,56118
60902936,56118
60902935,56154
60902941,56122
60902940,56115
6090294,57146
60902939,56527
6090291,21280
60902901,20479
60902900,20478
6090290,21628
60902913,20845
60902912,20846
60902911,20843
60902910,20841
60902919,20742
60902918,20845
60902917,20901
60902914,20744
60902927,56136
60902926,56134
60902924,57908
6090292,21279
60902961,56124
60902960,56124
6090296,21671
60902959,20912
60902965,56127
60902964,56128
60902963,56132
60902962,56124
60902969,56151
60902968,56167
60902967,56131
60902966,56127
60902974,56147
60902973,56141
60902972,56141
6090297,21671
60902945,20608
60902944,56120
60902943,56121
60902942,56122
60902950,20467
6090295,21281
60902949,20526
60902946,20607
60902954,56134
60902953,56133
60902952,56133
60902951,20467
60902958,20912
60902957,56142
60902956,56142
60902955,56124
60902992,56150
60902991,56150
60902990,56149
6090299,21282
60902998,56015
60902997,56015
60902996,56009
60902995,56009
60903001,21019
6090300,21282
609030,20961
60903,21043
6090301,21284
60903009,21030
60903005,21030
60903002,21036
60902978,56146
60902977,56147
60902976,56147
60902975,56147
60902981,56145
60902980,56145
6090298,21628
60902979,56151
60902985,56157
60902984,56117
60902983,56117
60902982,56116
60902989,56149
60902988,56155
60902987,56155
60902986,56157
60903028,20576
60903027,20576
60903026,20568
60903025,20580
60903031,20003
60903030,20052
6090303,57149
60903029,20557
60903036,20026
60903035,20066
60903033,20027
60903032,20602
6090304,57151
60903039,19988
60903038,20065
60903037,20023
60903013,20948
60903012,21011
60903011,21026
60903010,21118
60903017,20940
60903016,20987
60903015,20988
60903014,20989
60903020,21059
6090302,57149
60903019,21061
60903018,20985
60903024,20572
60903023,20575
60903022,20590
60903021,20938
60902795,19754
60902794,19756
60902793,19755
60902792,19755
6090280,57141
609028,97012
60902799,19752
60902798,19770
60902803,19737
60902802,19741
60902801,19743
60902800,19744
60902807,19813
60902806,19799
60902805,19801
60902804,19740
60902780,19753
6090278,57129
60902779,19803
60902778,19739
60902784,19750
60902783,19753
60902782,19753
60902781,19753
60902788,56034
60902787,56034
60902786,19743
60902785,19743
60902791,19757
60902790,19764
6090279,57141
60902789,19762
60902827,19797
60902826,19797
60902825,19790
60902824,19790
60902830,19745
6090283,57141
60902829,19790
60902828,19797
60902834,19799
60902833,19799
60902832,19799
60902831,19745
60902838,19801
60902837,19802
60902836,19837
60902835,19799
60902810,19823
6090281,57141
60902809,19819
60902808,19836
60902814,19749
60902813,19821
60902812,19814
60902811,19822
60902818,19747
60902817,19748
60902816,19748
60902815,19748
60902823,19745
60902822,19745
60902821,19747
6090282,57141
60902858,19818
60902857,19818
60902855,57413
60902854,57413
60902861,57413
60902860,57406
6090286,21631
60902859,57407
60902865,57415
60902864,57409
60902863,57408
60902862,57414
60902869,19882
60902868,19882
60902867,19882
60902866,57415
60902841,19740
60902840,19800
6090284,57141
60902839,19800
60902845,19803
60902844,19740
60902843,19740
60902842,19740
6090285,21631
60902849,20110
60902847,20110
60902846,19803
60902853,57413
60902852,57413
60902851,20110
60902850,20110
60902887,19867
60902886,19874
60902885,19866
60902884,19859
60902890,19892
6090289,21628
60902889,19878
60902888,19869
60902896,19901
60902895,19900
60902894,19908
60902891,19891
609029,97012
60902899,20490
60902898,19888
60902897,19890
60902872,19882
60902871,19882
60902870,19882
6090287,21645
60902876,19807
60902875,19809
60902874,19882
60902873,19882
6090288,21643
60902879,19810
60902878,19810
60902877,19810
60902883,19858
60902882,19873
60902881,19872
60902880,19808
60902661,20671
60902660,20905
6090266,57123
60902659,20672
60902665,20665
60902664,20667
60902663,20670
60902662,20670
60902669,20717
60902668,57403
60902667,20662
60902666,20664
60902672,57402
60902671,57399
60902670,57403
6090267,57123
60902645,20682
60902644,20698
60902643,20697
6090264,57123
6090265,57123
60902649,20677
60902647,20676
60902646,20682
60902654,20675
60902653,20726
60902652,20717
60902651,20726
60902658,20672
60902657,21203
60902656,20915
60902655,20674
6090270,57129
609027,97012
60902699,20507
60902698,20508
60902703,20505
60902702,20505
60902701,20482
60902700,20482
60902708,20505
60902707,20506
60902706,20533
60902704,20480
60902712,19735
60902711,21184
60902710,20505
6090271,57129
60902676,20509
60902675,57394
60902674,57405
60902673,57405
60902680,20508
6090268,57123
60902679,20520
60902678,20483
6090269,57129
60902685,20480
60902684,20480
60902681,20482
60902697,20550
60902696,20484
60902691,20670
60902690,20741
60902735,19609
60902734,19615
60902733,19615
60902732,19615
60902739,19804
60902738,19463
60902737,19463
60902736,19609
60902742,19804
60902741,19804
60902740,19804
6090274,57129
60902746,19804
60902745,19804
60902744,19908
60902743,19908
60902716,19583
60902715,19584
60902714,19585
60902713,19731
60902724,20497
60902723,20536
6090272,57129
60902717,20462
60902728,20468
60902727,20468
60902726,20471
60902725,20493
60902731,20462
60902730,20462
6090273,57129
60902729,20468
60902765,19785
60902764,19785
60902763,19785
60902762,19804
60902769,19785
60902768,19756
60902767,19756
60902766,19756
60902773,19739
60902772,19803
60902771,19744
6090277,57129
60902777,19739
60902776,19739
60902775,19741
60902774,19741
6090275,21672
60902749,19804
60902748,19615
60902747,19615
60902753,19804
60902752,19804
60902751,19804
60902750,19804
60902757,19804
60902756,19804
60902755,19453
60902754,19804
60902761,19804
60902760,19804
60902759,19804
60902758,19804
60902520,57380
60902519,57378
60902518,57378
60902515,21045
60902524,57360
60902523,20941
60902522,57375
60902521,57377
60902528,20907
60902527,57350
60902526,57356
60902525,57358
60902531,57359
60902530,57364
6090253,57154
60902529,57349
60902501,57324
60902500,57339
6090250,57165
609025,97012
60902506,20969
60902504,20995
60902503,20992
60902502,57324
60902510,20972
6090251,57165
60902509,20972
60902508,20971
60902514,20970
60902513,20970
60902512,20935
60902511,20935
60902556,20816
60902555,20858
60902554,20909
60902553,20858
60902560,20821
60902559,20819
60902558,20823
60902557,21193
60902564,57391
60902563,57384
60902562,20758
60902561,20757
60902568,57385
60902567,57393
60902566,57387
60902565,57387
60902535,20773
60902534,20774
60902533,57324
60902532,57324
60902541,20833
6090254,57154
60902539,20836
60902536,20906
60902549,57910
60902547,57922
60902546,57921
60902543,57350
60902552,20910
60902551,57352
60902550,57352
6090255,57154
60902593,20732
60902592,20732
60902591,20732
60902590,20746
60902597,57387
60902596,57393
60902595,20849
60902594,20748
6090260,57134
609026,97012
60902599,57388
60902598,57387
60902603,20818
60902602,57390
60902601,57390
60902600,57383
60902571,20748
60902570,20748
6090257,57154
60902569,20851
60902575,20464
60902574,20464
60902573,20781
60902572,20781
60902579,20431
60902578,20432
60902577,20436
60902576,20437
6090259,57134
60902581,20904
60902580,20434
6090258,57134
60902622,20932
60902621,21005
60902620,21005
6090262,57123
60902629,20931
60902627,20990
60902626,57375
60902624,60018
60902634,20908
60902632,20702
60902630,20931
6090263,57123
60902638,57917
60902637,20700
60902636,20701
60902635,20701
60902607,20822
60902606,20822
60902605,20818
60902604,20818
60902610,20878
6090261,57134
60902609,20859
60902608,20909
60902614,20840
60902613,20759
60902612,20760
60902611,20760
60902618,21031
60902617,21031
60902616,21031
60902615,21038
6140750,28103
614075,28810
6140749,28103
6140748,28103
6140754,28106
6140753,28106
6140752,28106
6140751,28103
6140758,28099
6140757,28099
6140756,28099
6140755,28099
6140761,28115
6140760,28115
614076,28837
6140759,28099
6140734,28214
6140733,28071
6140732,28212
6140730,28105
614074,28877
6140739,28048
6140738,28039
6140737,28039
6140743,28103
6140742,28041
6140741,28052
6140740,28049
6140747,28063
6140746,28079
6140745,28079
6140744,28103
614078,28838
6140779,28027
6140778,28101
6140777,28101
6140783,27974
6140782,27974
6140781,27969
6140780,28027
6140787,27910
6140786,27910
6140785,27968
6140784,27968
6140790,27928
614079,29040
6140789,27892
6140788,27909
6140765,28215
6140764,28115
6140763,28215
6140762,28215
6140769,28163
6140768,28115
6140767,28115
6140766,28215
6140772,28125
6140771,28124
6140770,28122
614077,28837
6140776,28032
6140775,28032
6140774,28126
6140773,28126
6140809,28140
6140808,28140
6140807,28179
6140806,28195
6140816,28140
6140811,28179
6140810,28140
614081,29070
614082,29069
6140819,28138
6140818,28138
6140817,28138
6140827,28138
6140822,28140
6140821,28140
6140820,28138
6140795,27919
6140794,27919
6140792,27929
6140791,27928
6140799,28197
6140798,28208
6140797,27922
6140796,27922
6140801,28207
6140800,28207
614080,29040
61408,28298
6140805,28196
6140804,28196
6140803,28198
6140802,28198
6140846,28226
6140845,28218
6140844,28218
6140843,28129
614085,29079
6140849,28141
6140848,28141
6140847,28226
6140853,28239
6140852,28164
6140851,28164
6140850,28164
6140857,28242
6140856,28240
6140855,28240
6140854,28239
6140830,28138
614083,29094
6140829,28138
6140828,28138
6140834,28162
6140833,28162
6140832,28218
6140831,28218
6140838,28233
6140837,28218
6140836,28138
6140835,28162
6140841,28218
6140840,28218
614084,29077
6140839,28218
6140629,28165
6140628,28167
6140627,28167
6140626,28169
6140632,28165
6140631,28165
6140630,28173
614063,28821
6140636,28174
6140635,28167
6140634,28166
6140633,28166
614064,28821
6140639,28174
6140638,28174
6140637,28174
6140614,28511
6140613,28512
6140612,28512
6140611,28470
6140618,28477
6140617,28468
6140616,28466
6140615,28511
6140621,28473
6140620,28475
614062,28821
6140619,28477
6140625,28169
6140624,28171
6140623,28172
6140622,28539
6140658,28044
6140657,28044
6140656,28045
6140655,28045
6140661,28063
6140660,28044
614066,28821
6140659,28045
6140665,28143
6140664,28143
6140663,28146
6140662,28146
6140670,28061
614067,28846
6140667,28222
6140666,28222
6140643,28170
6140642,28169
6140641,28169
6140640,28174
6140647,28219
6140646,28170
6140645,28170
6140644,28170
6140650,28211
614065,28821
6140649,28211
6140648,28219
6140654,28042
6140653,28042
6140652,28056
6140651,28056
614069,28842
6140689,28103
6140688,28103
6140687,28219
6140693,28104
6140692,28104
6140691,28041
6140690,28041
6140697,28041
6140696,28041
6140695,28041
6140694,28103
614070,28832
61407,28299
6140699,28040
6140698,28040
6140674,28219
6140673,28219
6140672,28060
6140671,28061
6140678,28059
6140677,28060
6140676,28219
6140675,28219
6140682,28219
6140681,28060
6140680,28060
614068,28843
6140686,28219
6140685,28219
6140684,28103
6140683,28060
6140719,28033
6140717,28102
6140716,28100
6140715,28100
6140722,28033
6140721,28213
6140720,28213
614072,28831
6140726,28212
6140725,28036
6140724,28036
6140723,28102
614073,28831
6140729,28105
6140728,28070
6140727,28212
6140703,28100
6140702,28100
6140701,28105
6140700,28105
6140707,28102
6140706,28102
6140705,28213
6140704,28213
6140710,28102
614071,28832
6140709,28033
6140708,28033
6140714,28100
6140713,28102
6140712,28213
6140711,28213
6140505,28414
6140504,28414
6140503,28502
6140502,28502
6140509,28372
6140508,28372
6140507,28372
6140506,28372
6140512,28414
6140511,28373
6140510,28373
614051,28888
6140516,28433
6140515,28402
6140514,28401
6140513,28416
6140491,28511
6140490,28511
614049,28888
6140489,28372
6140495,28370
6140494,28370
6140493,28172
6140492,28172
6140499,28481
6140498,28481
6140497,28372
6140496,28372
6140501,28481
6140500,28481
614050,28888
61405,28301
6140535,28711
6140534,28724
6140533,28544
6140532,28544
614054,28821
6140539,28586
6140538,28586
6140536,28712
6140543,28586
6140542,28586
6140541,28586
6140540,28586
6140548,28586
6140547,28586
6140546,28586
6140545,28586
614052,28821
6140519,28481
6140518,28633
6140517,28633
6140523,28502
6140522,28502
6140521,28502
6140520,28481
6140527,28537
6140526,28452
6140525,28452
6140524,28503
6140531,28587
614053,28821
6140529,28584
6140528,28583
6140569,28654
6140568,28654
6140567,28539
6140565,28539
6140572,28654
6140571,28654
6140570,28654
614057,28821
6140576,28654
6140575,28654
6140574,28654
6140573,28654
614058,28821
6140579,28650
6140578,28654
6140577,28654
6140551,28586
6140550,28586
614055,28821
6140549,28586
6140555,28586
6140554,28586
6140553,28586
6140552,28586
614056,28821
6140558,28586
6140557,28586
6140556,28586
6140563,28539
6140562,28777
6140561,28777
6140560,28783
614060,28821
61406,28300
6140599,28515
6140598,28516
6140603,28522
6140602,28488
6140601,28524
6140600,28513
6140607,28672
6140606,28471
6140605,28672
6140604,28489
6140610,28671
614061,28821
6140609,28484
6140608,28484
6140584,56200
6140583,28650
6140582,28881
6140581,28650
6140588,28680
6140587,28674
6140586,28674
6140585,28674
6140591,28484
6140590,28484
614059,28821
6140589,28680
6140597,28516
6140596,28565
6140595,28527
6140594,28564
6140388,28398
6140387,28447
6140386,28410
6140385,28392
6140391,28407
6140390,28408
614039,28888
6140389,28409
6140396,28390
6140395,28389
6140394,28389
6140393,28388
614040,28888
61404,28339
6140398,19249
6140397,19249
6140373,28664
6140372,28641
6140371,28641
6140370,28648
6140377,28404
6140376,28423
6140375,28423
6140374,28425
6140380,28412
614038,28888
6140379,28422
6140378,28436
6140384,28443
6140383,28444
6140382,28412
6140381,28413
6140418,28388
6140417,28397
6140416,28397
6140415,28397
6140421,28388
6140420,28388
614042,28888
6140419,28388
6140425,28376
6140424,28376
6140423,28376
6140422,28376
6140429,28453
6140428,28376
6140427,28376
6140426,28376
6140403,28412
6140402,28412
6140401,28461
6140400,28457
6140407,28453
6140406,28453
6140405,28413
6140404,28413
6140410,28397
614041,28888
6140409,28407
6140408,28453
6140414,28397
6140413,28397
6140412,28397
6140411,28397
6140447,28402
6140446,28402
6140445,28401
6140444,28401
6140450,28416
614045,28888
6140449,28416
6140448,28403
6140454,28371
6140453,28371
6140452,28416
6140451,28416
6140458,28669
6140457,28669
6140456,28669
6140455,28669
6140432,28451
6140431,28451
6140430,28453
614043,28888
6140436,28375
6140435,28394
6140434,28451
6140433,28451
614044,28888
6140439,28371
6140438,28371
6140437,28375
6140443,28406
6140442,28655
6140441,28374
6140440,28371
6140477,28370
6140476,28370
6140475,28370
6140474,28370
6140480,28370
614048,28888
6140479,28370
6140478,28370
6140484,28370
6140483,28370
6140482,28370
6140481,28370
6140488,28372
6140487,28656
6140486,28656
6140485,28511
6140461,28372
6140460,28372
614046,28888
6140459,28371
6140465,28370
6140464,28669
6140463,28669
6140462,28370
6140469,28370
6140468,28370
6140467,28370
6140466,28370
6140473,28370
6140472,28669
6140471,28669
614047,28888
61501264,14363
61501263,14361
61501262,14359
61501261,14365
61501268,14522
61501267,14524
61501266,14501
61501265,14363
61501271,14521
61501270,14505
6150127,12954
61501269,14522
61501275,14434
61501274,14456
61501273,14451
61501272,14515
6150125,12945
61501249,14194
61501248,14194
61501247,14182
61501253,14349
61501252,14349
61501251,14200
61501250,14199
61501257,14351
61501256,14349
61501255,14349
61501254,14349
61501260,14354
6150126,12945
61501259,14354
61501258,14350
61501295,14320
61501294,14320
61501293,14319
61501292,14319
61501299,13304
61501298,13319
61501297,13319
61501296,14147
61501301,13304
61501300,13304
6150130,13136
615013,12728
61501306,13304
61501305,13304
61501304,13304
61501303,13304
6150128,13160
61501279,14325
61501278,14420
61501276,14433
61501284,14333
61501282,14333
61501281,14329
61501280,14329
61501288,14324
61501287,14324
61501286,14324
61501285,14333
61501291,14319
61501290,14319
6150129,13160
61501289,14324
61501324,13593
61501323,13593
61501322,13593
61501321,13593
61501328,13593
61501327,13593
61501326,13593
61501325,13593
61501332,13593
61501331,13593
61501330,13593
6150133,12890
61501336,13593
61501335,13593
61501334,13593
61501333,13593
6150131,13136
61501309,13304
61501308,13304
61501307,13304
61501313,13304
61501312,13304
61501311,13304
61501310,13304
61501317,13615
61501316,13602
61501315,13609
61501314,13304
61501320,13607
6150132,13107
61501319,13605
61501318,13615
61501354,13552
61501353,13554
61501352,13552
61501351,13552
61501358,13881
61501357,13882
61501356,13888
61501355,13881
61501362,13875
61501360,13882
6150136,12883
61501359,13882
61501366,13509
61501365,13509
61501364,13879
61501363,13875
6150134,12890
61501339,13593
61501338,13593
61501337,13593
61501343,13555
61501342,13555
61501341,13545
61501340,13593
61501347,13557
61501346,13557
61501345,13557
61501344,13557
61501350,13552
6150135,12910
61501349,13552
61501348,13552
61501145,13721
61501144,13701
61501143,13701
61501142,13992
61501149,14022
61501148,13992
61501147,13992
61501146,13721
61501152,14022
61501151,14022
61501150,14022
6150115,12959
61501156,13705
61501155,13704
61501154,13992
61501153,14014
61501128,13766
61501127,13779
61501126,13725
61501125,13725
61501133,13792
61501131,13791
61501130,13791
61501129,13766
61501137,13732
61501136,13740
61501135,13746
61501134,13730
61501141,13992
61501140,13703
61501139,13729
61501138,13760
61501175,13963
61501174,13891
61501173,13891
61501172,13676
61501179,13965
61501178,13964
61501177,13964
61501176,13963
61501182,13898
61501181,13898
61501180,13965
6150118,12886
61501186,13900
61501185,13900
61501184,13917
61501183,13919
6150116,12962
61501159,13714
61501158,13710
61501157,13706
61501163,13985
61501162,13985
61501161,13986
61501160,13986
61501168,13680
61501167,13680
61501166,13685
61501165,13685
61501171,13676
61501170,13678
6150117,12886
61501169,13678
61501203,13946
61501202,13951
61501201,13926
61501200,13930
61501207,13947
61501206,13947
61501205,13946
61501204,13946
61501210,13952
6150121,12959
61501209,13973
61501208,13973
61501214,14142
61501213,13923
61501212,13925
61501211,13938
6150119,12886
61501189,13901
61501188,13895
61501187,13895
61501193,13910
61501192,13928
61501191,13902
61501190,13902
61501197,13930
61501196,13941
61501195,13940
61501194,13910
6150120,12886
615012,13046
61501199,13932
61501198,13930
61501234,14237
61501231,14234
61501230,14231
6150123,12959
61501238,14242
61501237,14241
61501236,14240
61501235,14249
61501242,14487
61501241,10491
61501240,14391
6150124,12959
61501246,14182
61501245,14202
61501244,14202
61501243,14176
61501218,14150
61501217,14143
61501216,14143
61501215,14142
61501221,14151
61501220,14151
6150122,12934
61501219,14150
61501225,14149
61501224,14149
61501223,14146
61501222,14146
61501229,14231
61501228,14231
61501227,14186
61501226,14180
61501005,11987
61501004,11987
61501003,11987
61501002,11987
61501009,11975
61501008,11975
61501007,11987
61501006,11987
61501012,11975
61501011,11975
61501010,11975
6150101,13007
61501016,11975
61501015,11975
61501014,11975
61501013,11975
6140992,28496
6140991,28496
6140990,28840
614099,29128
6140996,28164
6140995,28539
6140994,28887
6140993,28164
61501,13064
6140999,28250
6140998,28164
6140997,28164
61501001,11987
61501000,11987
6150100,13068
615010,13053
6150104,13046
61501034,12102
61501033,12105
61501032,12106
61501045,11914
61501044,12026
61501043,12036
61501042,12036
61501049,11944
61501048,11905
61501047,11905
61501046,11914
61501052,12101
61501051,12124
61501050,12101
6150105,13045
61501020,11985
6150102,12986
61501018,11975
61501017,11975
61501024,12014
61501023,12001
61501022,11991
61501021,11985
61501028,12116
61501027,12101
61501026,12101
61501025,12014
61501031,12116
61501030,12116
6150103,12971
61501029,12116
6150108,12934
61501079,12830
61501078,12838
61501077,12499
61501084,12820
61501083,12804
61501082,12821
61501080,12830
61501090,12800
61501089,12802
61501088,12802
61501085,12820
61501094,12479
61501093,12482
61501092,12486
61501091,12800
6150106,13045
61501056,11907
61501055,11907
61501053,11984
61501068,12493
61501067,12507
61501066,12533
61501065,12525
61501071,12495
61501070,12493
6150107,12943
61501069,12495
61501076,12501
61501075,12806
61501074,12806
61501072,12806
61501113,13754
61501112,13748
61501111,13754
61501110,13752
61501117,13786
61501116,13780
61501115,13780
61501114,13754
61501120,13783
6150112,12935
61501119,13784
61501118,13786
61501124,13725
61501123,13781
61501122,13781
61501121,13783
61501098,12808
61501097,12817
61501096,12799
61501095,12807
61501101,12827
61501100,12794
615011,13053
61501099,12794
61501106,12452
61501105,12462
61501104,12785
61501102,12827
6150111,12943
61501109,13753
61501108,25204
61501107,11836
6140876,27989
6140875,27983
6140874,27983
6140873,27999
6140880,27986
6140879,28000
6140878,27987
6140877,27989
6140884,28001
6140883,27982
6140882,27982
6140881,27981
6140888,28111
6140887,28111
6140886,28001
6140885,28001
6140860,28244
614086,29111
6140859,28244
6140858,28242
6140864,28266
6140863,28270
6140862,28269
6140861,28247
6140869,27998
6140868,27998
6140867,28259
6140865,28266
6140872,27999
6140871,27996
6140870,27996
614087,29081
6140911,28963
6140910,28955
614091,29077
6140909,28955
6140918,29119
6140916,28957
6140915,28184
6140914,28186
6140923,20226
6140920,28041
614092,29098
6140919,28071
6140927,20226
6140926,20226
6140925,20226
6140924,20226
6140898,28259
6140897,28162
6140895,29010
614089,29058
6140900,28821
614090,29111
61409,28298
6140899,28558
6140904,28539
6140903,28796
6140902,28390
6140901,28821
6140908,28673
6140907,28539
6140906,28539
6140905,28539
6140948,28949
6140947,28957
6140946,28453
6140945,20120
6140951,20126
6140950,20122
614095,29086
6140949,20122
6140955,28080
6140954,20226
6140953,20226
6140952,20226
6140959,27896
6140958,27896
6140957,28539
6140956,28055
6140930,28403
614093,29096
6140929,28403
6140928,28539
6140937,29042
6140933,28664
6140932,28438
6140931,28424
6140940,29037
614094,29097
6140939,29037
6140938,29037
6140944,28105
6140943,28314
6140942,20127
6140941,29037
6140977,28452
6140976,28452
6140975,28481
6140974,28371
6140980,28060
614098,29043
6140979,28166
6140978,28777
6140984,28179
6140983,27929
6140982,27892
6140981,28033
6140989,28840
6140988,28314
6140987,28957
6140985,28140
6140962,28887
6140961,28921
6140960,28965
614096,29085
6140966,29034
6140965,29035
6140964,28493
6140963,28888
614097,29047
6140969,20127
6140968,28767
6140967,29008
6140973,28388
6140972,28550
6140971,28549
6140970,20149
61501783,13745
61501782,13745
61501781,97018
61501780,97018
61501787,13788
61501786,13788
61501785,13763
61501784,13767
61501791,12934
61501790,13804
61501789,13794
61501788,13761
61501795,12519
61501794,12519
61501793,12519
61501792,12934
61501767,12853
61501766,12853
61501765,12853
61501764,12877
61501771,13045
61501770,12912
61501769,12853
61501768,12853
61501775,12887
61501774,13218
61501773,13951
61501772,13045
61501779,11795
61501778,11795
61501777,12884
61501776,12884
61501813,12118
61501812,12120
61501811,14018
61501810,14018
61501817,12302
61501816,12302
61501815,12124
61501814,12124
61501820,13631
6150182,13139
61501819,13092
61501818,13511
61501824,13593
61501823,11987
61501822,13765
61501821,13615
61501799,13512
61501798,13512
61501797,12918
61501796,12918
61501802,11906
61501801,13793
61501800,13793
615018,12728
61501806,12936
61501805,12929
61501804,12929
61501803,12929
6150181,13150
61501809,14014
61501808,12892
61501807,12959
61501845,13593
61501844,12665
61501843,12665
61501842,97018
61501849,12255
61501848,13593
61501847,13593
61501846,13593
61501852,12255
61501851,12255
61501850,12255
6150185,13012
61501856,12272
61501855,12272
61501854,12222
61501853,12222
61501828,13930
61501827,13940
61501826,12931
61501825,12486
61501834,14452
61501830,13764
6150183,13161
61501829,13793
61501838,97018
61501837,97018
61501836,11901
61501835,14452
61501841,97018
61501840,97018
6150184,13261
61501839,97018
61501875,12595
61501874,12595
61501873,12929
61501872,12929
61501879,12984
61501878,12886
61501877,12891
61501876,13006
61501883,12885
61501882,12885
61501881,12576
61501880,13001
61501887,13939
61501886,12576
61501885,13046
61501884,13304
6150186,12989
61501859,13511
61501858,12883
61501857,13881
61501863,13703
61501862,12868
61501861,12884
61501860,12884
61501867,13050
61501866,14515
61501865,13069
61501864,14351
61501871,12931
61501870,13725
61501869,11919
61501868,11919
61501658,13992
61501657,11984
61501656,12101
61501655,12554
61501661,13380
61501660,13790
6150166,12945
61501659,13593
61501665,12519
61501664,12519
61501663,11975
61501662,12982
61501669,13415
61501668,14359
61501667,14361
61501666,14362
61501632,12124
61501630,12630
6150163,12943
61501629,12630
61501645,13364
6150164,12943
61501637,13593
61501633,11907
61501650,97018
61501649,97018
61501648,97018
61501646,12902
61501654,14249
61501653,12576
61501652,97018
61501651,12576
61501689,14286
61501688,12576
61501687,11848
61501686,11848
61501692,14262
61501691,14262
61501690,14115
6150169,12945
61501696,14017
61501695,14014
61501694,13765
61501693,13761
615017,12728
61501699,13552
61501698,13552
61501697,13744
61501673,11907
61501672,14014
61501671,14022
61501670,14022
61501677,13039
61501676,13953
61501675,13414
61501674,11896
61501680,12932
6150168,12931
61501679,12943
61501678,12943
61501684,12143
61501683,12143
61501682,12577
61501681,14055
61501718,12576
61501717,13503
61501716,13503
61501715,12661
61501723,13696
61501722,13555
6150172,12886
61501719,12576
61501727,13006
61501726,13304
61501725,13465
61501724,13304
61501730,97018
6150173,12886
61501729,12934
61501728,12934
61501702,12048
61501701,12885
61501700,12885
6150170,12931
61501707,12603
61501706,12717
61501704,12649
61501703,12649
61501710,14101
6150171,12930
61501709,13762
61501708,11896
61501714,12972
61501713,14404
61501712,14404
61501711,12943
61501752,12909
61501751,12909
61501750,12887
61501749,12960
61501756,14306
61501755,14306
61501754,12909
61501753,12909
6150176,12931
61501759,12885
61501758,12886
61501757,12892
61501763,12885
61501762,12885
61501761,12576
61501760,12576
61501736,12272
61501734,97018
61501733,13258
61501731,13251
61501740,12948
6150174,12945
61501738,12599
61501737,12231
61501744,12919
61501743,12942
61501742,12942
61501741,12948
61501748,12960
61501747,12941
61501746,12941
61501745,12919
61501527,12950
61501526,13053
61501525,13266
61501524,12657
61501530,13272
6150153,12963
61501529,12886
61501528,12931
61501535,13380
61501534,13380
61501532,13435
61501531,13435
61501539,13392
61501538,13392
61501537,13380
61501536,13380
61501512,12595
61501511,11982
61501510,11982
6150151,12941
61501516,13754
61501515,12163
61501514,12217
61501513,12576
6150152,12919
61501519,11987
61501518,14333
61501517,14333
61501523,12728
61501522,12947
61501521,13266
61501520,14347
61501558,12048
61501557,12170
61501555,12332
61501554,12284
61501561,12272
61501560,12272
6150156,12925
61501559,12170
61501565,11987
61501564,12170
61501563,12340
61501562,12272
61501569,13725
61501568,13754
61501567,12838
61501566,11907
61501542,12628
61501541,12907
61501540,13395
6150154,12942
61501546,12298
61501545,12731
61501544,12576
61501543,12576
6150155,12917
61501549,12333
61501548,12333
61501547,12393
61501553,12284
61501552,12284
61501551,12284
61501550,12332
61501588,13511
61501587,13881
61501586,13882
61501585,13593
61501591,13535
61501590,13534
6150159,12946
61501589,13512
61501595,13728
61501594,14326
61501593,13395
61501592,13492
61501599,12947
61501598,13053
61501597,13266
61501596,14342
61501572,14022
61501571,13992
61501570,13992
6150157,13127
61501577,14186
61501576,13965
61501574,14014
61501573,14022
61501580,13304
6150158,13000
61501579,14242
61501578,14232
61501584,13593
61501583,13593
61501582,13593
61501581,13593
61501617,11906
61501616,11975
61501615,11902
61501614,11902
61501620,13506
6150162,12943
61501619,13506
61501618,97018
61501624,11975
61501623,11975
61501622,11975
61501621,13846
61501628,11975
61501627,11975
61501626,11975
61501625,11975
61501601,12036
61501600,13392
6150160,12946
615016,12519
61501605,11982
61501604,11982
61501603,11982
61501602,11982
6150161,12947
61501609,11982
61501608,11982
61501606,11982
61501613,11975
61501612,11975
61501611,11975
61501610,11982
61501384,14286
61501383,14054
61501382,14115
61501381,14290
61501388,12981
61501387,13104
61501386,12433
61501385,14374
61501391,12981
61501390,12981
6150139,12884
61501389,12981
61501395,12981
61501394,12981
61501393,12981
61501392,12981
6150137,12883
61501369,13535
61501368,13511
61501367,13507
61501373,13505
61501372,13535
61501371,13534
61501370,13512
61501377,13492
61501376,13497
61501375,13496
61501374,13505
61501380,14301
6150138,12884
61501379,13493
61501378,13493
6150142,12884
61501419,13439
61501417,13740
61501415,11987
61501424,12430
61501423,12430
61501421,13746
61501420,13424
61501428,14301
61501427,14521
61501426,14524
61501425,11900
61501433,13115
61501432,13153
61501430,13304
6150143,12885
61501399,12981
61501398,12981
61501397,12981
61501396,12981
61501401,12981
61501400,12981
6150140,12883
615014,12519
61501406,13395
61501405,12272
61501403,12359
61501402,12981
61501410,12546
6150141,12883
61501409,12972
61501407,97018
61501452,12927
61501451,12961
61501450,12961
6150145,12892
61501456,13289
61501455,13635
61501454,13642
61501453,12927
61501460,14347
6150146,12909
61501459,14501
61501458,14342
61501465,97018
61501464,97018
61501463,97018
61501462,12293
61501438,13415
61501437,12599
61501436,14326
61501435,14325
61501441,97018
61501440,97018
6150144,12886
61501439,14421
61501445,13728
61501444,13804
61501443,97018
61501442,97018
61501449,12806
61501448,13107
61501447,13104
61501446,13034
61501498,97018
61501497,12947
61501494,13053
61501493,13266
61501500,13074
6150150,12960
615015,12523
61501499,97018
61501505,97018
61501504,97018
61501503,13390
61501502,13045
61501509,12346
61501508,13557
61501507,13304
61501506,13304
61501469,12615
61501468,12615
61501467,12615
61501466,14199
61501484,11975
6150148,12912
61501470,12615
6150147,12913
61501489,14009
61501488,12329
61501487,12329
61501486,13790
61501492,12998
61501491,12972
61501490,14009
6150149,12960
6150459,12576
6150458,12576
6150457,12576
6150456,12576
6150462,12576
6150461,12576
6150460,12576
615046,12728
6150466,12576
6150465,12576
6150464,12576
6150463,12576
6150470,12576
615047,12728
6150468,12576
6150467,12576
6150443,12580
6150442,12575
6150441,12577
6150440,12604
6150447,12369
6150446,12377
6150445,12583
6150444,12583
6150451,12354
615045,12728
6150449,12379
6150448,12379
6150455,12576
6150454,12403
6150453,12403
6150452,12354
6150490,12182
615049,13266
6150489,12163
6150488,12217
6150495,12157
6150494,12157
6150493,12157
6150491,12182
6150499,12138
6150498,12138
6150497,12138
6150496,12157
6150501,12422
6150500,12363
615050,12998
61505,13057
6150476,12576
6150474,12576
6150473,12576
6150472,12576
615048,12728
6150479,12731
6150478,12583
6150477,12576
6150483,12579
6150482,12568
6150481,12570
6150480,12732
6150487,12402
6150486,12424
6150485,12731
6150484,12569
615052,12971
6150519,12249
6150518,12248
6150517,12251
6150525,12253
6150522,12268
6150521,12278
6150520,12249
6150529,12245
6150528,12245
6150527,12429
6150526,12429
6150532,12241
6150531,12425
6150530,12266
615053,12973
6150505,12350
6150504,12407
6150503,12418
6150502,12422
6150509,12344
6150508,12361
6150507,12348
6150506,12351
6150512,12359
6150511,12358
6150510,12344
615051,12998
6150516,12251
6150515,12410
6150514,12355
6150513,12376
6150551,12395
6150550,12395
615055,13004
6150549,12398
615056,13021
6150554,12431
6150553,12432
6150552,12396
6150563,12298
6150562,12299
6150561,12299
6150560,12335
6150567,12383
6150566,12393
6150565,12393
6150564,12393
6150537,12235
6150536,12333
6150534,12264
6150533,12240
6150540,12330
615054,12973
6150539,12236
6150538,12261
6150544,12305
6150543,12274
6150542,12262
6150541,12263
6150548,12393
6150547,12393
6150546,12298
6150545,12299
6150326,13435
6150325,13435
6150324,13435
6150323,13435
615033,12728
6150329,13435
6150328,13435
6150327,13435
6150333,13380
6150332,13380
6150331,13380
6150330,13380
6150338,13380
6150337,13380
6150336,13380
6150334,13380
6150310,13456
615031,12657
6150309,13425
6150308,13453
6150314,13434
6150313,13426
6150312,13473
6150311,13473
6150319,13435
6150318,13435
6150317,13435
6150316,13435
6150322,13435
6150321,13435
6150320,13435
615032,12728
6150356,13347
6150355,13347
6150354,12868
6150353,12868
615036,12519
6150359,13392
6150358,13362
6150357,13362
6150363,13487
6150362,13487
6150361,13392
6150360,13392
6150367,13698
6150366,13698
6150365,13395
6150364,13487
6150341,13373
6150340,13380
615034,12661
6150339,13380
6150345,13327
6150344,13327
6150343,13373
6150342,13373
6150349,12857
6150348,13330
6150347,13326
6150346,13326
6150352,12853
6150351,12856
6150350,12856
615035,12661
6150388,13228
6150386,12881
6150385,12881
6150384,12907
6150391,12947
6150390,57103
615039,12661
6150389,13484
6150396,13415
6150395,13003
6150394,13053
6150392,12972
615040,12657
61504,13058
6150398,12955
6150397,13046
6150370,13392
615037,12519
6150369,13696
6150368,13696
6150374,13385
6150373,12964
6150372,13695
6150371,13695
6150378,12966
6150377,12951
6150376,12964
6150375,13385
6150381,12965
6150380,12965
615038,12661
6150379,12953
6150429,12519
6150428,12523
6150427,12958
6150426,13262
6150432,12585
6150431,12585
6150430,13330
615043,12728
6150436,12591
6150435,12591
6150434,12584
6150433,12584
615044,12728
6150439,12597
6150438,12596
6150437,12596
6150413,13435
615041,12728
6150401,12934
6150400,12628
6150418,12757
6150417,13435
6150415,13046
6150414,13046
6150421,56600
6150420,13373
615042,12728
6150419,13184
6150425,13465
6150424,13039
6150423,13039
6150422,12728
61502028,14244
61502027,14235
61502026,14235
61502025,13762
61502033,11786
61502032,11786
6150203,12627
61502029,14244
61502037,13898
61502036,13898
61502035,14320
61502034,14320
61502040,12291
6150204,12627
61502039,14234
61502038,14234
61502009,14325
61502008,14325
61502007,14325
61502006,14320
61502017,11785
61502015,13779
61502010,14325
6150201,12559
61502020,13761
6150202,12559
61502019,13765
61502018,11785
61502024,97018
61502023,97018
61502022,14094
61502021,14094
6150224,12624
6150223,12624
6150222,12598
6150221,12599
615023,12519
6150227,12632
6150226,12601
6150225,12600
6150237,12595
6150236,12602
6150235,12595
6150230,12600
6150240,12595
615024,12519
6150239,12595
6150238,12595
6150208,12607
6150207,12607
6150206,12628
6150205,12628
6150211,12603
6150210,12607
615021,12657
6150209,12607
6150215,12666
6150214,12729
6150213,12595
6150212,12595
615022,12519
6150219,12710
6150217,12679
6150216,12679
615026,12519
6150259,12707
6150258,12735
6150257,12706
6150265,13272
6150264,12756
6150262,12760
6150260,12755
6150269,56599
6150268,13274
6150267,13274
6150266,13272
6150272,12769
6150271,12755
6150270,13269
615027,12519
6150244,13230
6150243,13215
6150242,13215
6150241,12635
6150248,13235
6150247,13228
6150246,13241
6150245,13242
6150252,13219
6150250,13249
615025,12519
6150249,13232
6150256,12709
6150255,12708
6150254,12708
6150253,13233
6150290,13386
615029,12661
6150289,13387
6150288,13435
6150294,13366
6150293,13380
6150292,13380
6150291,13389
6150298,13374
6150297,13374
6150296,13363
6150295,13365
6150307,13453
6150305,13415
615030,12661
61503,13058
6150276,12758
6150275,12764
6150274,12763
6150273,12771
615028,12519
6150279,13423
6150278,56600
6150277,12758
6150283,13416
6150282,13417
6150281,13418
6150280,13422
6150287,13413
6150286,13413
6150285,13414
6150284,13415
61501904,13150
61501903,12272
61501902,12272
61501901,12255
61501908,13703
61501907,14015
61501906,13758
61501905,13791
61501911,12345
61501910,12345
6150191,12730
61501909,13702
61501915,12570
61501914,12572
61501913,12568
61501912,12570
61501890,13959
6150189,12551
61501889,13929
61501888,13941
61501894,13698
61501893,13698
61501892,13908
61501891,13958
61501898,12256
61501897,13959
61501896,13959
61501895,14350
61501900,12255
6150190,12531
615019,12728
61501899,12256
61501933,12426
61501932,12426
61501931,60010
61501930,14349
61501937,12576
61501936,12576
61501935,12576
61501934,12290
61501940,12170
6150194,12557
61501939,12583
61501938,12576
61501944,12328
61501943,12170
61501942,12170
61501941,12170
61501919,13898
61501918,12577
61501917,12345
61501916,12403
61501922,14463
61501921,14391
61501920,13898
6150192,12730
61501926,13698
61501925,14166
61501924,14166
61501923,14463
6150193,12550
61501929,13894
61501928,13894
61501927,13698
61501962,12300
61501961,12300
61501960,13725
6150196,12546
61501968,13394
61501965,12495
61501964,12317
61501963,12317
61501972,13743
61501971,12272
61501970,12048
61501969,13394
61501976,14014
61501975,13992
61501974,13992
61501973,13729
61501948,13546
61501947,13546
61501946,13555
61501945,12328
61501951,13593
61501950,13545
6150195,12536
61501949,12853
61501955,12806
61501954,13478
61501953,13478
61501952,13304
61501959,13724
61501958,13724
61501957,13799
61501956,13799
61501994,12576
61501993,13452
61501992,13452
61501991,12523
61501998,12576
61501997,12577
61501996,13001
61501995,13001
6150200,12547
615020,12728
61502,13064
61501999,12577
61502005,14320
61502002,12222
61502001,12272
61502000,14319
6150198,12527
61501979,12806
61501978,12806
61501977,14017
61501983,14360
61501982,14365
61501981,12222
61501980,12222
61501987,12881
61501986,12881
61501985,14364
61501984,14361
61501990,12523
6150199,12549
61501989,12714
61501988,12561
6120221,19376
6120220,19376
612022,19425
6120219,19357
6120229,19348
6120227,19416
6120225,19475
6120222,19365
6120233,19389
6120232,19389
6120231,19389
6120230,19347
6120237,19389
6120236,19389
6120235,19389
6120234,19389
612020,19219
61202,19249
6120199,19471
6120198,19320
6120205,19347
6120202,19321
6120201,19471
6120200,19471
612021,19204
6120209,19347
6120207,19347
6120206,19347
6120218,19357
6120217,19351
6120216,19351
6120210,19357
6120257,19617
6120256,19617
6120255,19617
6120254,19617
6120260,19660
612026,19403
6120259,19660
6120258,19617
6120264,19672
6120263,19659
6120262,19659
6120261,19659
6120268,19576
6120267,19712
6120266,19714
6120265,19672
6120241,19300
612024,19400
6120239,19301
6120238,19389
6120246,19388
6120245,19356
6120244,19353
6120243,19353
612025,19401
6120249,19369
6120248,19363
6120247,19360
6120253,19617
6120252,19603
6120251,19564
6120250,19474
6120286,19705
6120285,19719
6120284,19694
6120283,19700
612029,19395
6120289,19697
6120288,19696
6120287,19698
6120293,19678
6120292,20434
6120291,19706
6120290,19706
6120297,19656
6120296,19670
6120295,19654
6120294,19673
6120271,19680
6120270,19558
612027,19394
6120269,19555
6120275,19659
6120274,19658
6120273,19657
6120272,19675
6120279,19689
6120278,19689
6120277,19671
6120276,19659
6120282,19700
6120281,19690
6120280,19690
612028,19395
6120314,19648
6120313,19641
6120312,19642
6120311,19649
6120318,19636
6120317,19636
6120316,19640
6120315,19637
6120321,19524
6120320,19652
612032,19398
6120319,19652
6120325,19519
6120324,19520
6120323,19525
6120322,19524
612030,19405
61203,19249
6120299,19629
6120298,19630
6120303,19627
6120302,19632
6120301,19623
6120300,19623
6120307,19621
6120306,19621
6120305,19622
6120304,19622
6120310,19643
612031,19423
6120309,19644
6120308,19699
611083,27470
611081,27463
611080,27460
61108,20407
611094,27466
611093,27467
611092,27469
611091,27476
611098,27354
611097,27355
611096,27359
611095,27465
6120101,19197
6120100,19197
612010,19234
611099,27391
611068,27428
611067,27444
611066,27434
611065,27509
611071,27507
611070,27427
61107,20407
611069,27428
611075,27505
611074,27409
611073,27410
611072,27410
611079,27459
611078,27458
611077,27457
611076,27477
6120122,19544
6120121,19544
6120120,19543
612012,19221
6120126,19556
6120125,19556
6120124,19576
6120123,19551
612013,19231
6120129,19561
6120128,19561
6120127,19560
6120133,19614
6120132,19614
6120131,19581
6120130,19581
6120108,19612
6120107,19609
6120106,19615
6120102,19183
6120111,19461
6120110,19455
612011,19233
6120109,19455
6120115,19438
6120114,19451
6120113,19451
6120112,19460
6120119,19543
6120118,19440
6120117,19439
6120116,19438
6120151,19612
6120150,19612
612015,19220
6120149,19612
6120155,19450
6120154,19450
6120153,19611
6120152,19612
6120159,19568
6120158,19568
6120157,19543
6120156,19450
6120163,19568
6120162,19570
6120161,19591
6120160,19573
6120137,19732
6120136,19585
6120135,19584
6120134,19583
6120140,19614
612014,19228
6120139,19614
6120138,19731
6120144,19581
6120143,19581
6120142,19545
6120141,19614
6120148,19612
6120147,19612
6120146,19581
6120145,19581
6120182,19312
6120181,19311
6120180,19371
612018,19226
6120186,19470
6120185,19390
6120184,19390
6120183,19268
612019,19226
6120189,19354
6120188,19354
6120187,19355
6120194,19470
6120192,19390
6120191,19318
6120190,19311
6120167,19541
6120166,19563
6120165,19617
6120164,19616
6120171,19360
6120170,19362
6120169,19364
6120168,19366
6120175,19357
6120174,19356
6120173,19358
6120172,19374
6120179,19355
6120178,19470
6120177,19351
6120176,19389
6110529,27248
6110528,27280
6110527,27240
6110526,27283
6110532,27549
6110531,27324
6110530,27661
611053,27411
6110536,27324
6110535,27615
6110534,27615
6110533,27555
611054,27411
6110539,27603
6110538,27355
6110537,27371
6110508,27671
6110507,27605
6110506,27336
6110505,20407
6110511,27536
6110510,27590
611051,27417
6110509,27661
6110518,27810
6110514,27421
6110513,27465
6110512,27466
6110525,27294
6110524,27868
6110520,27325
611052,27411
6110558,27605
6110557,27605
6110556,27605
6110555,27570
6110562,27326
6110561,27570
6110560,27605
6110559,27605
6110569,27371
6110568,27371
6110567,27725
6110563,27577
6110572,27491
6110571,27337
6110570,27337
611057,27411
6110543,27529
6110542,27571
6110541,27575
6110540,27603
6110547,90236
6110546,90236
6110545,27601
6110544,27529
6110550,27742
611055,27417
6110549,27742
6110548,90236
6110554,27574
6110553,27712
6110552,27712
6110551,27836
6110593,27846
6110592,27628
6110591,27628
6110590,27867
6110597,27828
6110596,27637
6110595,27242
6110594,27326
6110600,27682
611060,27402
6110599,27543
6110598,27578
6110604,27603
6110603,27354
6110602,27843
6110601,90236
6110579,27591
6110578,27591
6110577,27606
6110573,27491
6110582,20407
6110581,27628
6110580,27627
611058,27402
6110586,20407
6110585,20407
6110584,20407
6110583,20407
611059,27402
6110589,27867
6110588,27419
6110587,20407
6110623,27799
6110622,27836
6110621,27836
611062,27447
6110627,27754
6110626,27754
6110625,27799
6110624,27799
6110632,27518
6110631,27754
6110630,27754
611063,27446
611064,27435
6110635,27611
6110634,27609
6110633,27518
6110608,27554
6110607,27226
6110606,27842
6110605,27842
6110611,27751
6110610,27751
611061,27417
6110609,27554
6110615,27761
6110614,27761
6110613,27760
6110612,27760
6110619,27588
6110618,27821
6110617,27821
6110616,27490
6110402,27605
6110401,27605
6110400,27605
611040,27260
6110406,27570
6110405,27570
6110404,27570
6110403,27605
6110410,27604
611041,27399
6110408,27574
6110407,27574
6110414,27605
6110413,27605
6110412,27604
6110411,27604
6110388,27572
6110387,27573
6110386,27668
6110385,27644
6110392,27607
6110391,27576
611039,27267
6110389,27594
6110396,27575
6110395,27571
6110394,27606
6110393,27606
61104,20407
6110399,27605
6110398,27570
6110397,27574
6110433,27540
6110432,27540
6110431,27540
6110430,27536
6110437,27536
6110436,27535
6110435,27535
6110434,27540
6110440,27601
611044,27262
6110439,27578
6110438,27579
6110444,27543
6110443,27543
6110442,27543
6110441,27601
6110418,27603
6110417,27574
6110416,27570
6110415,27570
6110421,27561
6110420,27561
611042,27401
6110419,27575
6110426,27552
6110425,27561
6110424,27561
6110423,27561
611043,27402
6110429,27536
6110428,27551
6110427,27551
6110462,22281
6110461,22281
6110460,27539
611046,27376
6110466,27774
6110465,20407
6110464,27416
6110463,27744
611047,27316
6110469,27402
6110468,27401
6110467,27774
6110473,27419
6110472,27422
6110471,27421
6110470,27402
6110448,27543
6110447,27543
6110446,27601
6110445,27543
6110451,27523
6110450,27527
611045,27374
6110449,27527
6110455,27529
6110454,22284
6110453,22309
6110452,22291
6110459,27539
6110458,27534
6110457,27533
6110456,27529
6110491,27632
6110490,27631
611049,27265
6110489,27317
6110495,27827
6110494,27855
6110493,27703
6110492,27672
611050,27239
61105,20407
6110497,27742
6110496,27736
6110504,27744
6110503,27536
6110501,27809
6110500,27846
6110477,27371
6110476,27355
6110475,27640
6110474,27419
6110480,27337
611048,27269
6110479,27370
6110478,27370
6110484,27357
6110483,27574
6110482,27369
6110481,27337
6110488,27330
6110487,27825
6110486,27825
6110485,27417
6130253,29189
6130252,29189
6130251,29226
6130250,29226
6130257,29192
6130256,29189
6130255,29189
6130254,29189
6130263,29186
6130261,29192
613026,29487
6130259,29192
6130269,29186
6130268,29186
6130267,29192
6130266,29192
6130238,29256
6130237,29293
6130236,29398
6130235,29399
6130242,29264
6130241,29254
6130240,29254
6130239,29292
6130246,29226
6130245,29264
6130244,29226
6130243,29264
613025,29487
6130249,29264
6130248,29226
6130247,29226
6130287,29371
6130286,29373
6130285,29373
6130284,29397
6130290,29396
613029,29487
6130289,29368
6130288,29362
6130294,29369
6130293,29368
6130292,29396
6130291,29413
6130298,29371
6130297,29362
6130296,29416
6130295,29416
6130272,29192
6130271,29185
6130270,29189
613027,29487
6130276,29189
6130275,29189
6130274,29226
6130273,29191
613028,29487
6130279,29366
6130278,29365
6130277,29192
6130283,29397
6130282,29375
6130281,29386
6130280,29385
6130315,29403
6130314,29403
6130313,29403
6130312,29403
613032,29530
6130319,29415
6130318,29415
6130317,29415
6130323,29233
6130322,29399
6130321,29413
6130320,29415
6130327,29203
6130326,29204
6130325,29204
6130324,29229
6130300,29397
613030,29529
61303,29519
6130299,29374
6130304,29386
6130303,29386
6130302,29375
6130301,29375
6130308,29366
6130307,29366
6130306,29385
6130305,29385
6130311,29403
6130310,29365
613031,29530
6130309,29365
6130345,29222
6130344,29200
6130343,29200
6130342,29212
6130349,29220
6130348,29239
6130347,29239
6130346,29222
6130352,29225
6130351,29237
6130350,29238
613035,29468
6130356,29149
6130355,29197
6130354,29195
6130353,29225
6130330,29210
613033,29510
6130329,29209
6130328,29203
6130334,29211
6130333,29211
6130332,29211
6130331,29211
6130338,29221
6130337,29221
6130336,29221
6130335,29221
6130341,29202
6130340,29201
613034,29510
6130339,29201
6130134,29328
6130133,29327
6130132,29244
6130131,29244
6130138,29558
6130137,29555
6130136,29359
6130135,29325
6130141,29318
6130140,29317
613014,29499
6130139,29556
6130145,29321
6130144,29445
6130143,29324
6130142,29310
6130117,29445
6130116,29312
6130115,29312
6130114,29312
6130120,29345
613012,29553
6130119,29345
6130118,29445
6130124,29247
6130123,29246
6130122,29250
6130121,29250
613013,29553
6130129,29243
6130127,29243
6130126,29244
6130163,29425
6130162,29425
6130161,29412
6130160,29412
6130167,29381
6130166,29441
6130165,29360
6130164,29360
6130170,29297
613017,29482
6130169,29272
6130168,29361
6130174,29285
6130173,29285
6130172,29282
6130171,29297
6130149,29303
6130148,29311
6130147,29311
6130146,29320
61301539,29253
6130153,29533
6130152,29312
613015,29554
6130156,29439
61301541,29293
61301540,29253
6130154,29555
613016,29482
6130159,29412
6130158,29426
6130157,29427
6130192,29257
6130191,29273
6130190,29273
613019,29481
6130196,29257
6130195,29256
6130194,29256
6130193,29257
61302,29519
6130199,29440
6130198,29440
6130197,29291
6130202,29295
6130201,29261
6130200,29280
613020,29481
6130178,29276
6130177,29289
6130176,29291
6130175,29291
6130181,29278
6130180,29274
613018,29481
6130179,29274
6130185,29278
6130184,29278
6130183,29278
6130182,29278
6130189,29282
6130188,29282
6130187,29273
6130186,29296
6130223,29252
6130222,29252
6130221,29252
6130220,29252
6130227,29256
6130226,29256
6130225,29252
6130224,29252
6130230,29252
613023,29487
6130229,29252
6130228,29252
6130234,29399
6130233,29399
6130232,29399
6130231,29252
6130206,29380
6130205,29272
6130204,29252
6130203,29252
6130211,29377
613021,29482
6130209,57236
6130207,57230
6130216,29290
6130215,29277
6130214,29290
6130213,29377
613022,29519
6130219,29252
6130218,29252
6130217,29297
6120467,19197
6120466,19197
6120465,19197
6120464,19197
6120470,19197
612047,19415
6120469,19462
6120468,19455
6120474,19445
6120473,19183
6120472,19183
6120471,19425
6120478,19242
6120477,19199
6120476,19515
6120475,19469
6120451,19321
6120450,19321
612045,19477
6120449,19471
6120455,19388
6120454,19388
6120453,19388
6120452,19214
6120459,19231
6120458,19360
6120457,19360
6120456,19388
6120463,19197
6120462,19197
6120460,19469
612046,19476
6120498,19475
6120497,19475
6120496,19568
6120493,19209
6120500,19342
612050,19431
61205,19245
6120499,19475
6120504,19282
6120503,19342
6120502,19342
6120501,19342
612052,19429
612051,19431
6120507,28948
6120505,19314
6120481,19183
6120480,19259
612048,19415
6120479,19259
6120485,19366
6120484,19366
6120483,19443
6120482,19192
6120489,19469
6120488,19469
6120487,19651
6120486,19651
6120492,19450
6120491,19450
6120490,19615
612049,19431
612069,19391
612068,19391
612067,19391
612066,19391
612075,19208
612074,19210
612070,19403
61207,19223
612079,19205
612078,19206
612077,19206
612076,19207
612082,19242
612081,19242
612080,19205
61208,19222
612056,19429
612055,19429
612054,19429
612053,19429
6120594,19450
612059,19402
612058,19391
612057,19391
612061,19407
612060,19410
61206,19223
6120595,19450
612065,19403
612064,19402
612063,19407
612062,19425
6130102,29539
6130101,29494
6130100,29479
613010,29514
6130106,29472
6130105,29541
6130104,29541
6130103,29550
613011,29553
6130109,29341
6130108,29341
6130107,29473
6130113,29311
6130112,29347
6130111,29347
6130110,29347
612087,19198
612086,19198
612085,19198
612084,19199
612090,19198
61209,19222
612089,19211
612088,19198
612096,19201
612093,19211
612092,19211
612091,19198
61301,29518
612099,19201
612098,19201
612097,19198
6120343,19497
6120342,19496
6120341,19517
6120340,19496
6120347,19363
6120346,19363
6120345,19474
6120344,19583
6120351,19353
6120350,19306
6120349,19306
6120348,19363
6120355,19387
6120354,19471
6120353,19554
6120352,19321
6120329,19508
6120328,19516
6120327,19532
6120326,19518
6120332,19499
6120331,19499
6120330,19505
612033,19397
6120336,19498
6120335,19515
6120334,19515
6120333,19500
612034,19488
6120339,19497
6120338,19499
6120337,19498
6120377,19532
6120376,19521
6120375,19308
6120374,19309
6120381,19450
6120380,19211
6120379,19515
6120378,19515
6120385,19347
6120384,19320
6120383,19470
6120382,19390
612039,19489
6120388,19197
6120387,19197
6120386,19497
6120359,19306
6120358,19306
6120357,19306
6120356,19401
6120366,19348
6120365,19347
6120360,19363
612036,19488
612037,19486
6120369,19475
6120368,19416
6120367,19416
6120373,19666
6120372,19343
6120371,19343
6120370,19192
6120407,19652
6120406,19652
6120405,19197
6120404,19197
6120411,19183
6120410,19406
612041,19490
6120408,19358
6120415,19201
6120414,19242
6120413,19358
6120412,19387
6120419,19184
6120418,19581
6120417,19581
6120416,19201
6120393,19462
6120392,19453
6120391,19452
6120390,19440
6120397,19611
6120396,19211
6120395,19211
6120394,19199
612040,19489
61204,19245
6120399,19199
6120398,19321
6120403,19192
6120402,19192
6120401,19183
6120400,19183
6120437,19660
6120436,19425
6120435,19545
6120434,19545
6120440,19402
612044,19814
6120439,19374
6120438,19359
6120444,19402
6120443,19402
6120442,19402
6120441,19402
6120448,19471
6120447,19343
6120446,19343
6120445,19402
6120422,19200
6120421,19200
6120420,19184
612042,19490
6120426,19447
6120425,19479
6120424,19478
6120423,19391
612043,19805
6120429,19475
6120428,19475
6120427,19447
6120433,19545
6120432,20740
6120431,19545
6120430,19545
6130764,29541
6130763,29510
6130762,29510
6130761,29136
6130768,29468
6130767,29198
6130766,29222
6130765,29600
6130771,29224
6130770,29222
613077,29483
6130769,29198
6130776,29481
6130775,29182
6130774,29530
6130773,29530
6130749,29542
6130748,29538
6130747,29538
6130746,29534
6130752,29539
6130751,29539
6130750,29542
613075,29553
6130757,29348
6130756,29473
6130755,29473
6130753,29550
6130760,29136
613076,29553
6130759,29152
6130758,29152
613086,29472
613085,29472
613084,29536
613083,29541
61309,29514
613089,29536
613088,29536
613087,29536
613093,29551
613092,29551
613091,29551
613090,29536
61401,28350
613099,29479
613095,29477
613094,29477
613078,29483
6130779,29244
6130778,29481
6130777,29481
6130783,29286
6130782,29286
6130781,29243
6130780,29243
613079,29483
6130786,29197
6130785,29186
6130784,29243
613082,29551
613081,29551
613080,29483
61308,29476
61401016,28292
61401015,28292
61401014,28803
61401013,28803
6140102,29045
61401019,28292
61401018,28292
61401017,28292
61401023,28315
61401022,28311
61401021,28310
61401020,28319
61401027,28320
61401026,28341
61401025,28339
61401024,28347
61401001,28237
61401000,28250
6140100,29128
614010,28292
61401005,28803
61401004,28237
61401003,28237
61401002,28237
61401009,28803
61401008,28803
61401007,28803
61401006,28803
61401012,28803
61401011,28803
61401010,28803
6140101,29045
61401046,28830
61401045,28830
61401044,28830
61401043,28830
6140105,29121
61401049,20226
61401048,20226
61401047,20226
61401053,20226
61401052,20226
61401051,20226
61401050,20226
61401058,56026
61401057,56026
61401056,56026
61401054,20226
61401031,28311
61401030,28301
61401029,28300
61401028,28320
61401035,28348
61401034,28347
61401033,28347
61401032,28311
61401039,28348
61401038,28348
61401037,28348
61401036,28348
61401042,28830
61401041,28830
61401040,28348
6140104,20187
6130646,29252
6130645,29480
6130644,29399
6130643,29399
613065,29517
6130649,29504
6130648,29504
6130647,29252
6130653,29308
6130652,29327
6130651,29359
6130650,29192
6130657,29216
6130656,29264
6130655,29244
6130654,29516
6130630,29295
613063,29510
6130629,29295
6130628,29297
6130634,29200
6130633,29200
6130632,29224
6130631,29213
6130639,29253
6130638,29253
6130637,29253
6130635,29200
6130642,29252
6130641,29252
6130640,29253
613064,29517
6130675,29296
6130674,29286
6130673,29468
6130672,29468
6130679,29522
6130678,29529
6130677,29485
6130676,29487
6130682,29276
6130681,29203
6130680,29519
613068,29516
6130686,29515
6130685,29192
6130684,29274
6130683,29472
6130660,29228
613066,29516
6130659,29233
6130658,29229
6130664,29308
6130663,29317
6130662,29317
6130661,29212
6130668,29308
6130667,29317
6130666,29317
6130665,29308
6130671,29200
6130670,29200
613067,29516
6130669,29191
6130705,29570
6130704,57232
6130701,29149
6130700,29264
6130709,29203
6130708,29559
6130707,29383
6130706,29570
6130712,29244
6130711,29318
6130710,29203
613071,29476
6130716,29186
6130715,29189
6130714,29186
6130713,29487
613069,29499
6130689,29252
6130688,29515
6130687,29515
6130693,29252
6130692,29252
6130691,29252
6130690,29252
6130697,29483
6130696,29483
6130695,29483
6130694,29252
613070,29476
61307,29499
6130699,29392
6130698,29553
6130734,29600
6130733,29221
6130732,29291
6130731,29227
6130738,29190
6130737,29186
6130736,29211
6130735,29601
6130741,29223
6130740,29189
613074,29553
6130739,29189
6130745,29473
6130744,29291
6130743,29194
6130742,29194
613072,29476
6130719,29226
6130718,29226
6130717,29226
6130723,29242
6130722,29226
6130721,29226
6130720,29226
6130727,29383
6130726,29312
6130725,29312
6130724,29223
6130730,29228
613073,29553
6130729,29518
6130728,29192
6130521,29243
6130520,29249
613052,29476
6130519,29226
6130525,29242
6130524,29243
6130523,29244
6130522,29243
6130529,29365
6130528,29585
6130527,29412
6130526,29345
6130532,29567
6130531,29570
6130530,29441
613053,29516
6130506,29150
6130505,29149
6130504,29207
6130503,29377
613051,29476
6130509,29603
6130508,29391
6130507,57230
6130513,29556
6130512,29556
6130511,29317
6130510,29226
6130518,29601
6130517,29600
6130515,29252
6130514,29556
6130554,29504
6130553,29510
6130552,29445
6130551,29324
6130558,29256
6130557,29256
6130556,29257
6130555,29384
6130561,29518
6130560,29257
613056,29510
6130559,29256
6130565,29220
6130564,29220
6130563,29239
6130562,29239
6130536,29567
6130535,29572
6130534,29572
6130533,28002
6130543,29476
6130542,29529
613054,29504
6130537,28002
6130547,29373
6130546,29373
6130545,29383
6130544,29389
6130550,29493
613055,29504
6130549,29546
6130548,29406
6130583,29415
6130582,29189
6130581,29189
6130580,29226
6130587,29468
6130586,29468
6130585,29510
6130584,29245
6130590,29504
613059,29510
6130589,29140
6130588,29510
6130594,29239
6130593,29200
6130592,29191
6130591,29189
6130569,29222
6130568,29224
6130567,29200
6130566,29140
6130572,29264
6130571,29252
6130570,29389
613057,29481
6130576,29510
6130575,29517
6130574,29481
6130573,29293
613058,29481
6130579,29415
6130578,29192
6130577,29510
6130616,29244
6130615,29244
6130614,29244
6130613,29244
613062,29510
6130619,29256
6130618,29226
6130617,29226
6130623,29243
6130622,29252
6130621,29252
6130620,29256
6130627,29297
6130626,29297
6130625,29297
6130624,29249
6130601,29468
6130600,29510
613060,29510
61306,29499
6130605,29334
6130604,29538
6130603,29387
6130602,29385
6130609,29332
6130608,29312
6130607,29311
6130606,29166
6130612,29317
6130611,29317
6130610,29348
613061,29481
6130374,29223
6130373,29223
6130372,29182
6130371,29168
613038,29510
6130377,29223
6130376,29223
6130375,29223
6130387,29223
6130386,29223
6130385,29224
6130384,29224
6130390,29200
613039,29510
6130389,29200
6130388,29223
613036,29532
6130359,29148
6130358,29148
6130357,29149
6130363,29137
6130362,29140
6130361,29141
6130360,29147
6130367,29138
6130366,29133
6130365,29133
6130364,29136
6130370,29132
613037,29468
6130369,29132
6130368,29138
6130408,29573
6130407,29573
6130406,29585
6130405,29585
6130413,29568
6130412,29568
6130410,29582
6130409,29583
6130420,29600
6130419,29600
6130418,29600
6130417,29583
6130425,29340
6130424,29192
6130423,29247
6130422,29481
6130394,29212
6130393,29212
6130392,29200
6130391,29200
6130398,29224
6130397,29201
6130396,29201
6130395,29240
6130400,29599
613040,29510
61304,29485
6130399,29599
6130404,29593
6130403,29594
6130402,29600
6130401,29600
613045,29504
6130447,29415
6130446,29415
6130445,29415
6130455,57237
6130454,57237
6130453,57237
6130450,29297
6130459,29220
6130458,29209
6130457,57237
6130456,57237
6130462,29557
6130461,29482
6130460,29195
613046,29504
613043,29504
6130428,29472
6130427,29601
6130426,29228
6130434,29274
6130432,29238
6130431,29310
6130430,29312
613044,29504
6130437,29418
6130436,29347
6130435,29312
6130444,29415
6130443,29415
6130442,29518
6130441,29191
6130489,29428
6130488,29435
6130485,29532
6130484,29532
6130492,29328
6130491,29383
6130490,29398
613049,29553
6130497,29150
6130495,29360
6130494,29227
6130493,29359
6130501,29510
613050,29553
61305,29485
6130498,29243
6130468,29515
6130467,29515
6130466,29515
6130465,29244
6130471,29515
6130470,29515
613047,29504
6130469,29515
6130475,29485
6130474,29597
6130473,29515
6130472,29515
6130483,29468
6130482,29392
6130481,29256
613048,29476
6140252,28726
6140251,28608
6140250,28609
614025,28887
6140256,28714
6140255,28707
6140254,28707
6140253,28728
614026,28887
6140259,28619
6140258,28619
6140257,28714
6140263,28595
6140262,28595
6140261,28594
6140260,28594
6140233,28539
6140232,28539
6140231,28539
6140230,28539
6140241,28539
6140240,28539
614024,28920
6140235,28539
6140245,28539
6140244,28539
6140243,28539
6140242,28539
6140249,28594
6140248,28618
6140247,28591
6140246,28589
6140288,28539
6140280,28559
614028,28887
6140279,28559
6140295,28599
6140291,28550
6140290,28549
614029,28887
61403,28341
6140299,28603
6140298,28554
6140297,28553
6140302,28557
6140301,28557
6140300,28603
614030,28887
6140267,28752
6140266,28752
6140265,28609
6140264,28609
6140270,28796
614027,28887
6140269,28880
6140268,28880
6140274,28880
6140273,28880
6140272,28796
6140271,28796
6140278,28788
6140277,28788
6140276,28788
6140275,28788
6140321,28462
6140320,28379
6140319,28379
6140318,28378
6140325,28377
6140324,28377
6140323,28462
6140322,28462
6140329,28534
6140328,28535
6140327,28381
6140326,28381
6140332,28377
6140331,28377
6140330,28569
614033,28887
6140306,28970
6140305,28970
6140304,28558
6140303,28558
614031,28887
6140309,28379
6140308,28462
6140307,28462
6140313,28450
6140312,28450
6140311,28450
6140310,28379
6140317,28957
6140316,28957
6140315,28947
6140314,28450
6140355,28387
6140354,28377
6140353,28377
6140351,28462
6140359,28436
6140358,28387
6140357,28387
6140356,28377
6140362,28539
6140361,28539
6140360,28436
614036,28888
614037,28888
6140368,28530
6140367,28539
6140366,28539
6140336,28377
6140335,28462
6140334,28377
6140333,28377
614034,28887
6140339,28379
6140338,28380
6140337,28380
6140343,28462
6140342,28462
6140341,28380
6140340,28380
6140350,28462
614035,28888
6140349,28462
6140344,28462
61401311,27928
61401310,28948
6140131,29083
61401309,28337
61401315,28639
61401314,28639
61401313,28650
61401312,28650
61401319,28211
61401318,28095
61401317,28095
61401316,28855
61401323,28348
61401322,28060
61401321,28211
61401320,28211
61401297,28453
61401296,28445
61401295,28445
61401294,28424
61401300,28219
6140130,29116
614013,28295
61401298,28453
61401304,28299
61401303,28298
61401302,28526
61401301,28219
61401308,28338
61401307,28340
61401306,28339
61401305,28301
6140150,28744
614015,28298
6140149,28750
6140148,28848
6140154,28736
6140153,28748
6140152,28718
6140151,28720
6140158,29038
6140157,29012
6140156,29013
6140155,29036
6140167,29038
6140166,29038
614016,28309
6140159,29038
6140136,29052
6140135,29062
6140134,29086
6140133,29048
614014,28298
6140139,29052
6140138,29061
6140137,29052
6140143,29050
6140142,29051
6140141,29082
6140140,29061
6140147,28758
6140146,28850
6140145,29039
6140144,29050
6140187,20149
6140186,20149
6140185,20149
6140184,29028
6140191,29038
6140190,29038
6140189,29038
6140188,20127
6140195,29005
6140194,29005
6140193,29005
6140192,29038
61402,28340
6140199,28993
6140197,29003
6140196,29005
6140170,29019
614017,28320
6140169,29019
6140168,29038
6140175,29029
6140174,20120
6140173,20127
6140172,20127
6140179,29036
6140178,29019
6140177,29029
6140176,29029
6140183,29028
6140182,29019
6140181,29019
6140180,29036
6140219,28549
6140218,28552
6140217,28553
6140216,28605
6140222,28539
6140221,28597
6140220,28624
614022,28911
6140226,28539
6140225,28539
6140224,28539
6140223,28539
614023,28912
6140229,28539
6140228,28539
6140227,28539
6140203,28999
6140202,28985
6140201,28989
6140200,28990
6140207,28976
6140206,28982
6140205,29004
6140204,29006
6140211,28558
6140210,28972
6140209,28973
6140208,28973
6140215,28603
6140214,28559
6140213,28557
6140212,28558
61401196,28374
61401195,28650
61401194,28957
61401193,28796
614012,28295
61401199,28374
61401198,28371
61401197,28371
61401202,27928
61401201,27928
61401200,28108
6140120,29032
61401206,27921
61401205,27921
61401204,27928
61401203,27928
61401179,27997
61401178,28149
61401177,28796
61401176,28709
61401184,28880
61401183,28334
61401182,28044
6140118,29032
61401188,28888
61401187,20226
61401186,28804
61401185,28752
61401192,28250
61401191,28043
6140119,29032
61401189,28888
61401224,28380
61401223,28380
61401222,28378
61401221,28378
61401228,28456
61401227,28456
61401226,28462
61401225,28462
61401231,28654
61401230,28412
6140123,29117
61401229,28412
61401235,28415
61401234,28415
61401233,28453
61401232,28453
6140121,29035
61401209,27929
61401208,27921
61401207,27921
61401213,28374
61401212,27925
61401211,27925
61401210,27929
61401217,28462
61401216,28377
61401215,28377
61401214,28569
61401220,28379
6140122,29114
61401219,28379
61401218,28462
61401253,28555
61401252,28555
61401251,28481
61401250,28481
61401257,28559
61401256,28559
61401255,28605
61401254,28605
61401260,28888
6140126,29118
61401259,28888
61401258,28888
61401264,28539
61401263,28888
61401262,28888
61401261,28888
61401239,28391
61401238,28442
61401237,28440
61401236,28440
61401242,28441
61401241,28440
61401240,28440
6140124,29119
61401246,28054
61401245,28054
61401244,28457
61401243,28442
6140125,29119
61401249,29099
61401248,28217
61401247,28054
61401282,28887
61401281,28887
61401280,28707
6140128,29116
61401286,28483
61401285,28965
61401284,28887
61401283,28887
6140129,29116
61401289,28348
61401288,28553
61401287,28483
61401293,28369
61401292,28369
61401291,28313
61401290,28348
61401268,28586
61401267,28586
61401266,28586
61401265,28063
61401271,28663
61401270,28460
6140127,29118
61401269,28586
61401275,56026
61401274,56026
61401273,27924
61401272,27924
61401279,28899
61401278,28899
61401277,20226
61401276,20226
61401076,20226
61401075,20226
61401074,28491
61401073,28924
6140108,29037
61401079,20226
61401078,20226
61401077,20226
61401084,28000
61401083,27986
61401082,27986
61401080,27986
61401088,27982
61401087,27986
61401086,27986
61401085,28000
61401061,56026
61401060,56026
6140106,29121
61401059,56026
61401065,20226
61401064,56026
61401063,56026
61401062,56026
61401069,28669
61401068,28881
61401067,28882
61401066,20189
61401072,28926
61401071,28000
61401070,28493
6140107,29037
61401105,28887
61401104,28887
61401103,28586
61401102,28586
61401109,28887
61401108,28887
61401107,28887
61401106,28887
61401112,28803
61401111,20226
61401110,28611
6140111,29035
61401116,27969
61401115,28403
61401114,27997
61401113,28803
61401091,28001
61401090,28001
6140109,29037
61401089,27982
61401095,28001
61401094,28001
61401093,28001
61401092,28001
61401099,28586
61401098,20226
61401097,28001
61401096,28001
61401101,28586
61401100,28586
6140110,29037
614011,28292
61401134,27982
61401133,27982
61401132,28001
61401131,28001
61401138,20226
61401137,28503
61401136,29063
61401135,28586
61401141,20226
61401140,28881
6140114,28767
61401139,28881
61401145,28299
61401144,28586
61401143,28344
61401142,28344
6140112,29034
61401119,28042
61401118,28054
61401117,28053
61401123,28602
61401122,28045
61401121,28043
61401120,28042
61401127,28001
61401126,28001
61401125,28001
61401124,28602
61401130,28001
6140113,29008
61401129,28001
61401128,28001
61401164,28586
61401163,20226
61401162,28015
61401161,28033
61401168,56026
61401167,28376
61401166,28539
61401165,28586
61401171,28788
61401170,28788
6140117,29032
61401169,29079
61401175,28796
61401174,28788
61401173,28344
61401172,28788
6140115,29033
61401148,28015
61401147,28016
61401146,28010
61401153,28138
61401152,28108
61401151,27954
61401150,27954
61401157,28196
61401156,28195
61401155,28140
61401154,28140
61401160,28650
6140116,29033
61401159,28140
61401158,28179
61701023,18459
61701022,18531
61701021,18764
61701020,18670
61701027,18158
61701026,18492
61701025,19044
61701024,18295
61701030,18152
6170103,18670
61701029,18157
61701028,18157
61701034,18191
61701033,18175
61701032,18175
61701031,18157
61701009,18144
61701008,18877
61701007,19039
61701006,18804
61701012,19044
61701011,19044
61701010,18175
6170101,18628
61701016,18187
61701015,19036
61701014,19037
61701013,19044
6170102,18628
61701019,57849
61701018,18407
61701017,18187
61701052,18740
61701051,18740
61701050,18816
6170105,18669
61701056,18752
61701055,18752
61701054,18740
61701053,18740
61701060,18752
6170106,18708
61701058,18752
61701057,18752
61701064,18291
61701063,18744
61701062,18744
61701061,18752
61701038,19128
61701037,19128
61701036,18189
61701035,18192
61701041,18994
61701040,19125
6170104,18669
61701039,19125
61701045,18816
61701044,18787
61701043,18787
61701042,18419
61701049,18816
61701048,18859
61701047,18859
61701046,18816
61701082,18411
61701081,18411
61701080,18384
6170108,18715
61701086,18378
61701085,18378
61701084,18411
61701083,18411
6170109,19065
61701089,18411
61701088,18411
61701087,18411
61701093,18396
61701092,18396
61701091,18378
61701090,18411
61701068,18292
61701067,18292
61701066,18761
61701065,18761
61701071,18966
61701070,18292
6170107,18708
61701069,18292
61701075,18995
61701074,18998
61701073,18998
61701072,18966
61701079,18411
61701078,18992
61701077,18992
61701076,18995
61701111,17868
61701110,19123
6170111,19042
61701109,18189
61701115,18992
61701114,18992
61701113,18537
61701112,19044
61701119,18878
61701118,17892
61701117,18752
61701116,16432
61701122,18433
61701121,49697
61701120,18878
6170112,19042
61701097,18395
61701096,18395
61701095,18396
61701094,18395
61701100,18068
6170110,19042
61701099,18410
61701098,18410
61701104,18137
61701103,17879
61701102,18445
61701101,17877
61701108,18128
61701107,18873
61701106,18873
61701105,18137
616090,24224
6160899,23460
6160898,23482
6160897,23448
6160903,23534
6160902,23490
6160901,23478
6160900,23495
6160907,23490
6160906,23534
6160905,23534
6160904,23534
6160910,23546
616091,24224
6160909,23477
6160908,23489
6160884,23504
6160883,23402
6160882,23400
6160881,23399
6160888,23400
6160887,23404
6160886,23403
6160885,23504
6160892,23613
6160891,23613
6160890,23613
6160889,23399
6160896,23459
6160895,23425
6160894,23448
6160893,23413
6160930,24765
6160929,24765
6160928,24772
6160927,24772
6160934,24801
6160933,24801
6160932,24854
6160931,24854
6160941,24673
6160940,24642
6160939,24642
6160935,24709
6160945,24802
6160944,24676
6160943,24675
6160942,24708
6160914,24631
6160913,24635
6160912,24635
6160911,23546
6160918,24653
6160917,24641
6160916,24639
6160915,24633
6160922,24802
6160921,24805
6160920,24654
6160919,24653
6160926,24770
6160925,24679
6160924,24769
6160923,24802
6160966,24766
6160965,24877
6160964,24641
6160962,24581
6160970,24661
616097,24141
6160969,24660
6160968,24660
6160974,24689
6160973,24688
6160972,24684
6160971,24682
6160978,24650
6160977,24699
6160976,24697
6160975,24716
6160949,24583
6160948,24788
6160947,24751
6160946,24768
6160953,24592
6160952,24579
6160951,24581
6160950,24582
6160957,24597
6160956,24597
6160955,24578
6160954,24578
6160961,24579
6160960,24579
6160959,24579
6160958,24576
6160997,24753
6160996,24753
6160995,24663
6160994,24695
6160MOTHRWL0,24085
6160AIRDRIE0,24767
6160999,24680
6160998,24680
61701001,18707
61701000,18674
6170100,18628
617010,18986
61701005,19038
61701004,17940
61701003,17964
61701002,18719
6160981,24828
6160980,24701
616098,24141
6160979,24700
6160985,24823
6160984,24827
6160983,24827
6160982,24827
616099,24131
6160989,24666
6160987,24823
6160986,24823
6160993,24665
6160992,24665
6160991,24666
6160990,24666
6160753,23391
6160752,23416
6160751,23394
6160750,23394
616076,23044
6160756,23315
6160755,23314
6160754,23391
6160769,23333
6160768,23346
6160767,23346
6160766,23346
6160772,23333
6160771,23548
6160770,23547
616077,23049
6160738,23577
6160737,23577
6160736,23455
6160735,23429
6160742,23582
6160741,23443
6160740,23443
6160739,23582
6160746,23421
6160745,23582
6160744,23582
6160743,23582
616075,23045
6160749,23395
6160748,23419
6160747,23421
6160794,23240
616079,24076
6160789,23346
6160788,23539
6160799,23240
6160798,23346
6160797,23346
6160795,23240
6160802,23153
6160801,23153
6160800,23240
616080,24076
6160806,23416
6160805,23416
6160804,23467
6160803,23315
6160776,23551
6160775,23333
6160774,23333
6160773,23333
616078,24073
6160779,23336
6160778,23554
6160777,23554
6160783,23346
6160782,23380
6160781,23381
6160780,23336
6160787,23539
6160786,23539
6160785,23539
6160784,23346
6160824,23440
6160823,23474
6160822,23474
6160821,23529
6160828,23415
6160827,23418
6160826,23429
6160825,23440
6160831,23418
6160830,23451
616083,24224
6160829,23415
6160835,23600
6160834,23597
6160833,23440
6160832,23440
616081,24076
6160809,23416
6160808,23416
6160807,23416
6160813,23472
6160812,23240
6160811,23240
6160810,23416
6160817,23473
6160816,23468
6160815,23416
6160814,23473
6160820,23529
616082,24224
6160819,23467
6160818,23472
6160861,23600
6160860,23600
616086,24073
6160859,23600
6160865,23596
6160864,23597
6160863,23600
6160862,23600
6160870,23589
616087,24073
6160869,23606
6160868,23605
6160879,23475
6160878,23613
6160872,23590
6160871,23589
6160839,23648
6160838,23648
6160837,23648
6160836,23595
6160842,23648
6160841,23648
6160840,23648
616084,24224
6160846,23634
6160845,23618
6160844,23618
6160843,23648
6160858,23600
6160853,23600
6160852,23440
616085,24194
6160625,22844
6160624,22802
6160623,22801
6160622,23550
6160629,22849
6160628,22845
6160627,22843
6160626,22842
6160634,23061
6160633,24224
6160631,22785
6160630,22785
6160639,23979
6160638,25225
6160637,25239
6160636,25225
6160609,23220
6160608,23220
6160607,23220
6160605,23199
6160613,61010
6160612,61010
6160611,23220
6160610,23220
6160617,23152
6160616,23152
6160615,22854
6160614,22854
6160621,23237
6160620,23513
6160619,23513
6160618,23195
6160662,23515
6160661,24263
6160660,24263
6160659,23139
6160666,23992
6160665,24323
6160664,25266
6160663,24412
616067,23034
6160669,24335
6160668,23999
6160667,24421
6160673,25395
6160672,25171
6160671,24370
6160670,23199
6160642,24085
6160641,24080
6160640,24080
616064,23075
6160650,24051
6160649,24084
6160648,24084
6160643,24084
6160654,24050
6160653,24050
6160652,24051
6160651,24051
6160658,23139
6160657,24363
6160656,24363
6160655,25303
6160694,25347
6160693,25347
6160692,25331
6160691,25331
6160698,24486
6160697,24486
6160696,61035
6160695,24484
6160700,24480
616070,23063
61607,24337
6160699,24489
6160704,24509
6160703,24443
6160702,24482
6160701,24481
6160679,23569
6160678,24382
6160677,24364
6160674,25421
6160682,25442
6160681,24277
6160680,24276
616068,23034
6160687,25336
6160685,25335
6160684,25440
6160683,25440
6160690,25332
616069,24098
6160689,25332
6160688,25336
6160722,23339
6160721,23339
6160720,23339
616072,23040
6160726,23352
6160725,23351
6160724,23340
6160723,23338
6160730,23353
6160729,23548
6160728,23335
6160727,23551
6160734,23429
6160733,23414
6160732,23414
6160731,23354
6160708,24464
6160707,24564
6160706,24564
6160705,24511
6160711,24488
6160710,24477
616071,23036
6160709,24475
6160715,23348
6160714,22853
6160713,22851
6160712,61009
6160719,23387
6160718,23387
6160717,23387
6160716,23387
6170335,18197
6170334,18198
6170333,18198
6170332,18203
6170339,18249
6170338,18250
6170337,18250
6170336,18197
6170343,17967
6170342,17967
6170341,17969
617034,18943
6170347,18206
6170346,18206
6170345,18216
6170344,18227
617032,18930
6170319,18205
6170318,18334
6170317,18334
6170324,18205
6170323,18193
6170322,18307
6170320,18334
6170328,18202
6170327,18319
6170326,18203
6170325,18205
6170331,18219
6170330,18199
617033,18943
6170329,18199
6170367,17887
6170366,18002
6170365,18002
6170363,18756
6170370,17911
617037,18915
6170369,17951
6170368,17887
6170374,17961
6170373,17959
6170372,17895
6170371,17895
6170379,17887
6170378,17887
6170377,17951
6170376,17971
6170350,18317
617035,18927
6170349,18208
6170348,18318
6170355,19148
6170354,19143
6170352,18244
6170351,18244
6170359,18291
6170358,18290
6170357,18744
6170356,19004
6170362,18763
6170361,18851
6170360,18292
617036,18927
6170398,18256
6170397,18256
6170396,18256
6170395,18256
6170400,18269
617040,18924
61704,18992
6170399,18256
6170406,17889
6170405,17889
6170403,17960
6170401,18269
617041,18937
6170409,17908
6170408,18000
6170407,17889
6170382,17964
6170381,17964
6170380,17952
617038,18915
6170386,17951
6170385,17911
6170384,17964
6170383,17960
6170390,18268
617039,18924
6170389,18263
6170387,17951
6170394,18255
6170393,18255
6170392,18257
6170391,18269
617043,18931
6170429,17942
6170428,17937
6170427,17944
6170433,17948
6170432,18010
6170431,17945
6170430,17942
6170437,17942
6170436,17949
6170435,17940
6170434,18010
6170440,18008
617044,18941
6170439,17941
6170438,17941
6170413,17906
6170412,17893
6170411,17893
6170410,17894
6170417,17885
6170416,17920
6170415,17922
6170414,17905
6170420,17912
617042,18937
6170419,17912
6170418,17886
6170424,17892
6170423,17892
6170422,17915
6170421,17915
6170209,18784
6170208,18784
6170207,18539
6170206,18539
6170212,18784
6170211,18764
6170210,18764
617021,18922
6170217,18767
6170216,18576
6170214,18705
6170213,18788
6170220,18705
617022,18922
6170219,18575
6170218,18729
6170193,18591
6170192,18591
6170191,18565
6170190,18565
6170198,18638
6170197,18638
6170195,18563
6170194,18563
6170201,18539
6170200,18719
617020,18926
6170199,18618
6170205,18593
6170204,18593
6170203,18593
6170202,18539
6170239,18827
6170238,18800
6170237,18746
6170236,18746
6170242,18817
6170241,18876
6170240,18804
617024,18936
6170246,18768
6170245,18766
6170244,18773
6170243,18799
617025,18986
6170249,18873
6170248,18539
6170247,18764
6170224,18292
6170223,18292
6170222,18359
6170221,18600
6170228,18296
6170227,18288
6170226,18288
6170225,18291
6170231,18744
6170230,18744
617023,18935
6170229,18297
6170235,18751
6170234,18749
6170233,18750
6170232,18750
6170272,18277
6170271,18278
6170270,18278
617027,18987
6170276,18272
6170275,18272
6170274,18272
6170273,18272
617028,18987
6170279,18309
6170278,18295
6170277,18274
6170283,18346
6170282,18277
6170281,18277
6170280,18284
6170253,18764
6170252,18788
6170251,18788
6170250,18844
617026,18986
6170256,18784
6170255,18784
6170254,18764
6170265,18752
6170264,18752
6170261,18742
6170260,18742
6170269,18279
6170268,18279
6170267,18287
6170266,18284
6170304,18253
6170303,18219
6170302,18219
617030,18988
6170308,18222
6170307,18267
6170306,18228
6170305,18253
6170311,18225
6170310,18225
617031,18930
6170309,18211
6170316,18334
6170314,18205
6170313,18214
6170312,18214
6170287,18275
6170286,18283
6170285,18283
6170284,18286
6170290,18226
617029,18988
6170289,18193
6170288,18275
6170295,18224
6170293,18236
6170292,18236
6170291,18236
6170299,18219
6170298,18219
6170297,18204
6170296,18204
61701260,18539
6170126,19042
61701259,49755
61701258,18593
61701264,18057
61701263,18047
61701262,18744
61701261,18744
61701268,18877
61701267,18752
61701266,18057
61701265,18057
61701271,18224
61701270,18097
6170127,19042
61701269,18097
61701246,18489
61701245,18489
61701244,18515
61701243,18458
6170125,19051
61701249,18439
61701248,17892
61701247,18256
61701253,18767
61701252,17874
61701251,17874
61701250,18439
61701257,18539
61701256,18784
61701255,18539
61701254,18593
61701291,18691
61701290,18691
6170129,19070
61701287,18442
61701295,18068
61701294,18068
61701293,18553
61701292,18553
61701299,18615
61701298,18872
61701297,18758
61701296,18085
61701303,18236
61701302,18224
6170130,19067
617013,18905
61701275,18848
61701274,18236
61701273,18236
61701272,18236
61701279,18845
61701278,18845
61701277,18845
61701276,18848
61701282,18872
61701281,18872
61701280,18845
6170128,19065
61701286,18442
61701285,18715
61701284,19078
61701283,19078
6170147,18653
6170146,19051
6170145,19051
6170144,19064
6170150,18651
617015,18929
6170149,18653
6170148,18653
6170154,18471
6170153,18471
6170152,18730
6170151,18675
6170158,18459
6170157,18459
6170156,18526
6170155,18526
6170132,19043
6170131,19067
61701306,18236
61701304,18616
6170136,19061
6170135,19061
6170134,19046
6170133,19046
617014,18929
6170139,19057
6170138,19073
6170137,19061
6170143,19035
6170141,19050
61701400,18169
6170140,19050
6170178,18657
6170176,18657
6170175,18732
6170174,18732
6170181,18672
6170180,18672
617018,18929
6170179,18702
6170185,18538
6170184,18687
6170183,18706
6170182,18660
617019,18926
6170189,18593
6170188,18593
6170186,18719
6170161,18615
6170160,18615
617016,18929
6170159,18526
6170165,18633
6170164,18569
6170163,18616
6170162,18615
6170169,18568
6170168,18596
6170167,18596
6170166,18567
6170173,18635
6170172,18548
6170170,18570
617017,18929
61701140,17940
6170114,19064
61701139,18984
61701138,17943
61701147,18148
61701146,18347
61701145,18347
61701141,17940
61701150,17878
6170115,18653
61701149,17852
61701148,17852
61701154,18786
61701153,18786
61701152,18445
61701151,18386
61701126,17968
61701125,18197
61701124,18197
61701123,18433
6170113,19064
61701129,18553
61701128,17876
61701127,17968
61701133,18400
61701132,17888
61701131,17943
61701130,18673
61701137,18489
61701136,18396
61701135,18396
61701134,18400
61701172,18096
61701171,18097
61701170,18740
6170117,18538
61701176,18530
61701175,18530
61701174,18464
61701173,18464
6170118,18588
61701179,16432
61701178,49743
61701177,49743
61701183,17953
61701182,17953
61701181,17953
61701180,17953
61701158,18170
61701157,18403
61701156,18969
61701155,18969
61701161,18752
61701160,18936
6170116,18653
61701159,18775
61701165,18752
61701164,18752
61701163,18752
61701162,18752
61701169,18740
61701168,18740
61701167,18740
61701166,18752
61701202,49697
61701201,49697
61701200,49697
6170120,18534
61701206,16322
61701205,49697
61701204,49697
61701203,49697
6170121,18534
61701209,16360
61701208,16360
61701207,16322
61701213,49743
61701212,16360
61701211,16360
61701210,17953
61701187,18151
61701186,18068
61701185,18068
61701184,18068
61701190,18186
6170119,18663
61701189,18192
61701188,18153
61701194,49755
61701193,49755
61701192,49697
61701191,17900
617012,18905
61701199,18740
61701196,49697
61701195,49697
61701231,18013
61701230,49681
6170123,18535
61701229,49681
61701235,18011
61701234,18011
61701233,18020
61701232,18020
61701239,19135
61701238,19135
61701237,49697
61701236,49697
61701242,18580
61701241,18580
61701240,18255
6170124,19051
61701217,17953
61701216,17841
61701215,17841
61701214,49743
61701220,17841
6170122,18535
61701219,17841
61701218,17953
61701224,49743
61701223,49743
61701222,17841
61701221,17841
61701228,18068
61701227,18068
61701226,49697
61701225,49697
6170835,18097
6170834,18096
6170833,18097
6170832,18107
6170839,17952
6170838,17952
6170837,17966
6170836,57949
6170842,17892
6170841,17907
6170840,19076
617084,18379
6170846,17892
6170845,18008
6170844,17892
6170843,17916
6170818,18249
6170817,18346
6170816,18277
6170815,18359
6170822,18759
6170821,18851
6170820,18744
6170819,19004
6170827,18010
6170826,17952
6170825,17887
6170824,17969
6170831,18107
6170830,18107
6170829,18107
6170828,18096
6170865,18068
6170864,18786
6170863,18786
6170862,18562
6170869,18347
6170868,18573
6170867,18068
6170866,18068
6170872,18312
6170871,18312
6170870,18347
617087,18383
6170876,19075
6170875,19075
6170874,19043
6170873,19076
617085,18379
6170849,18219
6170848,18764
6170847,18768
6170853,18068
6170852,17934
6170851,18537
6170850,18362
6170857,18158
6170856,18189
6170855,18573
6170854,49755
6170861,17959
6170860,17959
617086,18383
6170859,17971
6170895,49752
6170894,49697
6170893,17939
6170892,17939
6170899,49682
6170898,49743
6170897,49743
6170896,49752
6170901,49681
6170900,49682
617090,18424
61709,18979
6170905,49670
6170904,49681
6170903,49681
6170902,49681
6170880,18295
617088,18422
6170879,18186
6170877,18636
6170884,18187
6170883,18187
6170882,18187
6170881,18295
6170888,18136
6170887,18492
6170886,18492
6170885,18458
6170891,17872
6170890,18786
617089,18424
6170889,18135
6170925,18757
6170924,18757
6170923,18736
6170922,18736
6170930,19086
617093,19076
6170929,17953
6170926,18174
6170934,18286
6170933,17884
6170932,17884
6170931,19086
6170938,18214
6170937,18213
6170936,18320
6170935,18320
6170909,49697
6170908,49711
6170907,49711
6170906,49701
6170912,18785
6170911,18136
6170910,49697
617091,18427
6170916,17928
6170915,18671
6170914,18701
6170913,18787
6170920,18157
6170919,18134
6170918,18134
6170917,17890
6170707,17907
6170706,17908
6170705,17908
6170704,18786
6170710,17892
617071,76000
6170709,17916
6170708,17892
6170717,18492
6170716,17952
6170715,17892
6170714,18008
6170720,18489
617072,18386
6170719,18489
6170718,18492
6170693,18159
6170691,18786
6170690,18730
617069,18386
6170697,19091
6170696,17892
6170695,17952
6170694,17952
617070,18386
61707,18973
6170699,18768
6170698,18013
6170703,18786
6170702,18864
6170701,19076
6170700,18785
617074,18386
6170739,18595
6170738,18596
6170737,18057
6170743,18219
6170742,18764
6170741,18768
6170740,18610
6170747,18151
6170746,18191
6170745,18363
6170744,18752
6170750,18986
617075,18387
6170749,18986
6170748,17946
6170724,17889
6170723,18658
6170722,17952
6170721,18516
6170728,17964
6170727,18285
6170726,18257
6170725,17964
6170732,18393
6170731,18255
6170730,18262
6170729,17964
6170736,18047
6170735,18010
6170734,17845
6170733,17845
617077,18381
6170769,18669
6170768,18669
6170767,17916
6170773,18730
6170772,19115
6170771,17959
6170770,17910
6170777,18651
6170776,18653
6170775,18538
6170774,18674
6170781,18068
6170780,18068
617078,18413
6170779,49697
6170754,17946
6170753,17939
6170752,17935
6170751,18068
6170759,17910
6170758,17952
6170757,17952
6170755,17943
6170762,17959
6170761,17935
6170760,17935
617076,18406
6170766,18122
6170765,18657
6170764,18703
6170763,17962
6170802,18386
6170801,18929
6170800,18929
617080,18407
6170807,18719
6170806,18599
6170804,18715
6170803,18427
6170810,18539
617081,18397
6170809,18539
6170808,18593
6170814,18767
6170813,18764
6170812,18784
6170811,18784
6170787,17953
6170786,16432
6170785,16324
6170784,16325
6170792,17841
6170791,18019
617079,18414
6170789,18756
6170796,18990
6170795,17953
6170794,49697
6170793,17841
61708,18975
6170799,18929
6170798,18929
6170797,18929
6170581,18877
6170580,18877
617058,19007
6170579,18674
6170588,18281
6170587,18187
6170586,18195
6170585,18992
6170591,18255
6170590,19067
617059,19144
6170589,18280
6170598,18068
6170597,18068
6170595,18068
6170592,18255
6170566,17883
6170565,17879
6170564,17870
6170563,17872
617057,18966
6170569,18419
6170568,17878
6170567,17878
6170573,18453
6170572,18445
6170571,57947
6170570,57946
6170577,18765
6170576,18738
6170575,18737
6170574,18453
6170615,16432
6170614,16432
6170613,16432
6170612,16324
6170619,17953
6170618,17953
6170617,16432
6170616,16432
6170622,17953
6170621,17953
6170620,17953
617062,19142
6170626,17953
6170625,17953
6170624,17953
6170623,17953
6170600,18068
617060,19151
61706,18973
6170599,18068
6170604,18019
6170603,18068
6170602,18068
6170601,18068
6170608,49755
6170607,49755
6170606,17841
6170605,17841
6170611,16325
6170610,49697
617061,19151
6170609,49755
6170646,17953
6170645,18396
6170644,18396
6170643,18396
6170650,18286
6170649,17879
6170648,18068
6170647,17953
6170654,18876
6170653,18287
6170652,18287
6170651,18286
6170658,18096
6170657,18203
6170656,18236
6170655,18309
617063,19142
6170629,17953
6170628,17953
6170627,17953
6170633,18013
6170632,17953
6170631,17953
6170630,17953
6170638,18896
6170637,18386
6170636,49697
6170635,17841
6170642,18396
6170641,18395
6170640,18386
6170639,18386
6170677,18257
6170676,17888
6170675,19035
6170674,18775
6170681,57948
6170680,18140
6170679,18752
6170678,17862
6170685,17972
6170684,18934
6170683,18934
6170682,18290
6170689,18616
6170688,18615
6170687,18573
6170686,18573
6170661,18956
6170660,18956
617066,19122
6170659,18097
6170666,18013
6170665,18013
6170664,18013
6170663,18740
617067,19123
6170669,18013
6170668,18013
6170667,18013
6170673,18878
6170672,18769
6170671,18615
6170670,18285
6170461,18066
6170460,18016
617046,18920
6170459,18016
6170465,18048
6170464,18082
6170463,18024
6170462,18066
6170469,18040
6170468,18053
6170467,18043
6170466,18048
6170473,18031
6170472,18039
6170471,18038
6170470,18039
6170444,17916
6170443,17900
6170442,17900
6170441,18008
6170450,17995
617045,18920
6170449,17946
6170447,17946
6170454,17918
6170453,17930
6170452,17954
6170451,17954
6170458,18014
6170457,18014
6170456,17950
6170455,17950
6170491,18120
6170490,18120
617049,18961
6170489,18119
6170495,18096
6170494,18169
6170493,18121
6170492,18128
61705,18992
6170499,18107
6170498,18107
6170496,18107
6170502,18097
6170501,18097
6170500,18107
617050,18968
6170477,18056
6170476,18027
6170475,18028
6170474,18031
6170480,17841
617048,18957
6170479,18028
6170478,18056
6170484,18115
6170483,18105
6170482,18105
6170481,18085
6170488,18124
6170487,18123
6170486,18123
6170485,18113
6170521,18141
6170520,18141
617052,18996
6170519,18170
6170525,18189
6170524,18190
6170523,18175
6170522,18175
6170529,18175
6170528,18191
6170527,18192
6170526,18189
6170532,18175
6170531,18175
6170530,18175
617053,18996
6170506,18144
6170505,18137
6170504,18137
6170503,18096
617051,18966
6170509,18152
6170508,18140
6170507,18144
6170513,18162
6170512,18146
6170511,18147
6170510,18157
6170518,18140
6170517,18145
6170515,18148
6170514,18162
6170550,17862
617055,18997
6170549,17861
6170548,17860
6170554,17851
6170553,17851
6170552,17855
6170551,17855
6170558,17883
6170557,17877
6170556,17876
6170555,17868
6170562,17878
6170561,17872
617056,18962
6170559,17872
6170536,18157
6170535,18157
6170534,18152
6170533,18157
617054,18997
6170539,18175
6170538,18174
6170537,18158
6170543,18149
6170542,18149
6170541,18174
6170540,18174
6170547,18188
6170546,17858
6170545,18174
6170544,18174
6180283,15090
6180282,15090
6180281,15090
6180280,14882
6180288,14716
6180287,14716
6180285,15090
6180284,15090
6180291,15090
6180290,15090
618029,14612
6180289,14716
61803,15301
6180294,14873
6180293,14850
6180292,14850
6180269,14835
6180268,14834
6180267,14834
6180265,14875
6180272,14835
6180271,14847
6180270,14847
618027,14623
6180276,15126
6180275,14827
6180274,14847
6180273,14847
618028,14623
6180279,14882
6180278,14841
6180277,14827
6180319,15530
6180318,15530
6180317,15531
6180316,15531
6180322,15078
6180321,15505
6180320,15532
618032,14589
6180326,15080
6180325,15538
6180324,15538
6180323,15532
618033,14585
6180329,15595
6180328,15624
6180327,15080
6180304,15511
6180303,15510
6180302,15508
618030,14601
6180308,15535
6180307,15537
6180306,15579
6180305,15579
6180311,15532
6180310,15536
618031,14589
6180309,15534
6180315,15531
6180314,15497
6180313,15531
6180312,15532
6180352,15925
6180351,15923
6180350,15923
618035,14582
6180356,15965
6180355,15958
6180354,15958
6180353,15926
618036,14582
6180359,15962
6180358,15954
6180357,15960
6180363,16132
6180362,15968
6180361,15968
6180360,15966
6180335,15555
6180333,15916
6180331,15918
6180330,15930
6180339,15564
6180338,15910
6180337,15910
6180336,15555
6180344,15549
6180343,15587
6180340,15560
618034,14585
6180349,15922
6180347,15566
6180346,15566
6180345,15548
6180381,14932
6180380,15497
618038,14609
6180379,14841
6180385,14919
6180384,14919
6180383,14919
6180382,14932
6180389,14919
6180388,14919
6180387,14919
6180386,14919
6180392,15264
6180391,14920
6180390,14920
618039,14615
6180367,16136
6180366,16135
6180365,16134
6180364,16133
6180370,16143
618037,14741
6180369,16138
6180368,16157
6180374,16145
6180373,16149
6180372,16144
6180371,16144
6180378,14829
6180377,14851
6180376,16140
6180375,16140
6180153,14877
618015,15260
6180149,15087
6180147,15046
6180157,14862
6180156,14865
6180155,14862
6180154,14863
6180160,14845
618016,15260
6180159,14877
6180158,14877
6180164,15084
6180163,15083
6180162,15083
6180161,15086
6180135,15042
6180134,15101
6180133,15113
6180132,15103
6180139,15092
6180138,15091
6180137,15091
6180136,15097
6180142,15092
6180141,15092
6180140,15092
618014,15280
6180146,15046
6180145,15046
6180144,15092
6180143,15092
6180183,15044
6180182,15131
6180181,15131
6180180,15150
6180187,14839
6180186,15126
6180185,14827
6180184,14882
6180191,14828
6180190,14838
6180189,14840
6180188,14839
6180195,14780
6180194,14853
6180193,14842
6180192,14829
6180168,15082
6180167,15082
6180166,15083
6180165,15083
6180171,14864
6180170,15087
618017,15323
6180169,15087
6180176,14874
6180175,14770
6180174,15122
6180172,14908
618018,15317
6180179,14766
6180178,14776
6180177,14777
6180213,15033
6180212,15036
6180211,15683
6180210,14903
6180217,15039
6180216,14956
6180215,15036
6180214,14956
6180220,15040
618022,15256
6180219,15040
6180218,14956
6180227,14911
6180226,14923
6180222,14992
6180221,14992
61802,15302
6180198,14783
6180197,14780
6180196,14780
6180202,14859
6180201,14859
6180200,14795
618020,15251
6180206,14758
6180205,14758
6180204,14857
6180203,14857
618021,15250
6180209,14903
6180208,14961
6180207,14856
6180251,14762
6180250,14762
618025,14604
6180242,14774
6180255,14834
6180254,14835
6180253,14878
6180252,14849
618026,14605
6180258,14833
6180257,14846
6180256,14846
6180263,14714
6180262,14714
6180261,14714
6180260,14714
6180230,14909
618023,14606
6180229,14909
6180228,14786
6180234,14759
6180233,14759
6180232,14760
6180231,14761
6180238,14758
6180237,14758
6180236,14758
6180235,14758
6180241,14774
6180240,14759
618024,14606
6180239,14759
61801074,15186
61801073,14685
61801072,16146
61801071,16082
61801078,15180
61801077,15172
61801076,15175
61801075,15186
61801081,15127
61801080,16103
6180108,14929
61801079,15180
61801085,16050
61801084,14758
61801083,14630
61801082,14630
6180106,14917
61801059,15588
61801058,15554
61801057,15917
61801063,15917
61801062,15918
61801061,15918
61801060,14601
61801067,16061
61801066,16117
61801065,16140
61801064,15589
61801070,16082
6180107,14928
61801069,16061
61801068,16061
61801104,15529
61801103,15476
61801102,15476
6180110,15153
61801108,16237
61801107,16237
61801106,14876
61801105,15529
61801111,14693
61801110,14693
6180111,15153
61801109,15411
61801117,15711
61801116,15711
61801113,14676
61801112,14676
61801089,16017
61801088,15382
61801087,15786
61801086,16050
61801092,14937
61801091,14988
61801090,15363
6180109,15153
61801096,15920
61801095,14960
61801094,14960
61801093,16108
618011,15279
61801099,15815
61801098,15759
61801097,15759
61801136,16164
61801135,16268
61801134,14912
61801133,15008
61801140,15095
61801139,15532
61801138,16165
61801137,16165
61801144,15113
61801143,15097
61801142,15103
61801141,15095
61801149,15917
61801148,15918
61801147,16072
61801146,15454
61801120,14569
6180112,14859
61801119,14570
61801118,14570
61801124,16177
61801123,15866
61801122,15547
61801121,15547
61801128,15188
61801127,15994
61801126,15994
61801125,16177
61801132,15040
61801131,15175
61801130,15387
61801129,15188
61801168,16218
61801167,14554
61801166,14554
61801165,15141
618012,15279
6180119,14974
6180118,14926
6180117,14922
6180127,15097
6180126,15097
6180125,15113
6180124,15101
6180131,15095
618013,15279
6180129,15103
6180128,15103
61801153,14547
61801152,15255
61801151,15247
61801150,15963
61801157,15245
61801156,16096
61801155,16263
61801154,14547
61801160,15174
6180116,14946
61801159,15174
61801158,15245
61801164,14909
61801163,14876
61801162,15790
61801161,15791
6170956,18013
6170955,18192
6170954,18186
6170953,18187
617096,18786
6170959,18600
6170958,18201
6170957,18201
6170963,17953
6170962,19087
6170961,19087
6170960,18600
6170969,18013
6170968,18011
6170967,17953
6170966,49755
6170941,17892
6170940,18135
617094,19076
6170939,18107
6170945,18257
6170944,17998
6170943,17902
6170942,18334
6170949,19091
6170948,18257
6170947,17998
6170946,17902
6170952,18186
6170951,18977
6170950,18978
617095,18786
6170987,49755
6170986,49755
6170985,16324
6170984,49697
6170991,18268
6170990,18268
617099,18628
6170989,17938
6170995,18219
6170994,18219
6170993,18263
6170992,18263
6170999,18539
6170998,18539
6170997,18539
6170996,18539
6170972,18068
6170971,18013
6170970,18013
617097,18785
6170976,49697
6170975,17953
6170974,17953
6170973,17953
617098,18785
6170979,49714
6170978,49697
6170977,49697
6170983,49697
6170982,49697
6170981,49697
6170980,49697
61801016,15277
61801015,15289
61801014,15277
61801013,15316
6180102,14948
61801019,15278
61801018,15278
61801017,15277
61801023,15168
61801022,15168
61801021,15148
61801020,15148
61801027,14905
61801026,14905
61801025,14958
61801024,14958
61801000,15688
6180100,14957
618010,15277
61801,15337
61801004,15091
61801003,15105
61801002,14988
61801001,14988
61801008,15282
61801007,15275
61801006,15275
61801005,15252
61801012,15316
61801011,15277
61801010,15289
61801009,15282
61801045,14685
61801044,14685
61801043,14661
61801042,16011
61801049,15138
61801048,16066
61801047,16053
61801046,15116
61801052,14984
61801051,15279
61801050,15142
6180105,14916
61801056,15595
61801055,15624
61801054,15954
61801053,14956
61801030,14905
6180103,14913
61801029,14905
61801028,14905
61801034,15118
61801033,15037
61801032,15120
61801031,14905
61801038,15463
61801037,14907
61801036,15117
61801035,15118
61801041,14662
61801040,16073
6180104,14913
61801039,15786
6150978,11899
6150977,12020
6150976,11904
6150973,11904
6150981,11906
6150980,11928
615098,13072
6150979,11899
6150985,11984
6150984,11915
6150983,11915
6150982,11907
6150989,11989
6150988,11989
6150987,11998
6150986,11987
615096,13211
6150953,11883
6150952,11885
6150951,11886
6150963,11812
6150962,11821
6150961,12033
6150960,12025
6150967,11904
6150966,11885
6150965,12035
6150964,11813
6150971,11914
615097,13226
6150969,11905
6150968,11904
61601009,24598
61601008,24598
61601007,24685
61601002,24659
61601012,24583
61601011,24563
61601010,24598
6160101,24130
61601016,24648
61601015,24648
61601014,24685
61601013,24583
6160102,24130
61601019,24563
61601018,24598
61601017,24598
6150992,11992
6150991,11992
6150990,11991
615099,13066
6150996,11987
6150995,11987
6150994,11987
6150993,11987
61601,24325
6150999,11987
6150998,11987
6150997,11987
61601001,24659
61601000,24764
6160100,24128
616010,24362
6160104,24388
61601039,24575
61601038,24814
61601037,24814
61601043,24598
61601042,24600
61601041,24600
61601040,24575
61601047,24670
61601046,24669
61601045,24669
61601044,24598
61601050,24652
6160105,24138
61601049,24651
61601048,24671
61601024,24575
61601022,24567
61601021,24601
61601020,24566
61601028,24814
61601027,24575
61601026,24575
61601025,24575
61601032,24575
61601031,24814
61601030,24814
6160103,24119
61601036,24575
61601035,24600
61601034,24600
61601033,24575
61601070,24870
6160107,24213
61601069,24869
61601068,24870
61601074,24869
61601073,24869
61601072,24873
61601071,24872
61601078,25368
61601077,25365
61601076,24869
61601075,24871
61601081,25370
61601080,25370
6160108,24201
61601079,25368
61601054,24705
61601053,24705
61601052,24702
61601051,24702
6160106,24218
61601059,24669
61601058,24651
61601057,24808
61601063,24565
61601062,24782
61601061,24782
61601060,24699
61601067,24871
61601066,24871
61601065,24871
61601064,24874
6150851,97018
6150850,97018
615085,13267
6150849,97018
6150855,97018
6150854,97018
6150853,97018
6150852,97018
6150859,97018
6150858,97018
6150857,97018
6150856,97018
6150862,97018
6150861,97018
6150860,97018
615086,13267
6150837,97018
6150836,97018
6150835,97018
6150834,97018
6150840,97018
615084,13262
6150839,97018
6150838,97018
6150844,97018
6150843,97018
6150842,97018
6150841,97018
6150848,97018
6150847,97018
6150846,97018
6150845,97018
6150881,97018
6150880,97018
6150879,97018
6150878,97018
6150885,97018
6150884,97018
6150883,97018
6150882,97018
6150889,97018
6150888,97018
6150887,97018
6150886,97018
6150893,11902
6150892,11909
6150891,97018
6150890,97018
6150866,97018
6150865,97018
6150864,97018
6150863,97018
615087,13047
6150869,97018
6150868,97018
6150867,97018
6150873,97018
6150872,97018
6150871,97018
6150870,97018
6150877,97018
6150876,97018
6150875,97018
6150874,97018
6150910,12013
615091,13050
6150909,12013
6150908,12013
6150914,12013
6150913,12013
6150912,12013
6150911,12013
6150918,12013
6150917,12013
6150916,12013
6150915,12013
6150921,97018
6150920,97018
615092,13044
6150919,12013
6150897,11913
6150896,11913
6150895,11898
6150894,11898
615090,13049
61509,13053
6150899,12013
6150898,12013
6150903,12013
6150902,12013
6150901,12013
6150900,12013
6150907,12013
6150906,12013
6150905,12013
6150904,12013
615094,13221
6150939,11966
6150938,11964
6150937,11966
6150943,11962
6150942,11966
6150941,11964
6150940,11964
6150947,11900
6150946,11962
6150945,11961
6150944,11962
6150950,11886
615095,13209
6150949,11881
6150948,11900
6150925,97018
6150924,97018
6150923,97018
6150922,97018
6150929,11848
6150928,12013
6150927,12013
6150926,12013
6150932,11873
6150931,11873
6150930,11848
615093,13078
6150936,11854
6150935,11852
6150934,11849
6150933,11850
6150728,12138
6150727,12143
6150726,12212
6150725,12038
6150731,12140
6150730,12146
615073,12667
6150729,12135
6150737,12129
6150736,12131
6150733,12170
6150732,12144
6150740,12127
615074,12676
6150739,12128
6150738,12148
6150713,12143
6150712,12143
6150711,12152
6150710,12143
6150717,12171
6150716,12171
6150715,12171
6150714,12171
6150720,12045
615072,12711
6150719,12170
6150718,12170
6150724,12210
6150723,12210
6150722,12306
6150721,12045
6150759,12117
6150758,12117
6150757,12117
6150756,12117
6150763,12117
6150762,12117
6150761,12117
6150760,12117
6150768,12055
6150766,12057
6150765,12056
6150764,12117
6150771,12117
6150770,12117
615077,13039
6150769,12512
6150744,12081
6150743,12081
6150742,12119
6150741,12127
6150748,12064
6150747,12049
6150746,12052
6150745,12205
6150751,11971
6150750,11971
615075,12975
6150749,12064
6150755,12117
6150754,11982
6150753,11982
6150752,11982
6150790,12117
615079,13184
6150789,12117
6150788,12117
6150794,11982
6150793,11982
6150792,12117
6150791,12117
6150798,11982
6150797,11982
6150796,11982
6150795,11982
6150800,11982
615080,13184
61508,13053
6150799,11982
6150775,12117
6150774,12117
6150773,12117
6150772,12117
6150779,12117
6150778,12117
6150777,12117
6150776,12117
6150782,12117
6150781,12117
6150780,12117
615078,13220
6150787,12117
6150786,12117
6150785,12117
6150783,12117
6150819,97018
6150818,97018
6150817,97018
6150816,97018
6150824,97018
6150821,97018
6150820,97018
615082,13039
615083,13039
6150829,11877
6150828,11846
6150826,97018
6150833,97018
6150832,97018
6150831,97018
6150830,11877
6150804,11982
6150803,11982
6150802,11982
6150801,11982
6150808,97018
6150807,97018
6150806,97018
6150805,11982
6150811,97018
6150810,97018
615081,13220
6150809,97018
6150815,97018
6150814,97018
6150813,97018
6150812,97018
6150590,12289
615059,13019
6150589,12289
6150588,12291
6150594,12288
6150593,12288
6150592,12310
6150591,12312
6150598,12331
6150597,12288
6150596,12287
6150595,12287
6150600,12309
615060,12979
61506,13057
6150599,12312
6150573,12322
6150572,12333
6150571,12333
615057,12993
6150577,12295
6150576,12316
6150575,12316
6150574,12336
6150580,12293
615058,12994
6150579,12293
6150578,12295
6150587,12290
6150586,12292
6150585,12292
6150584,12292
6150621,12284
6150620,12284
615062,12969
6150619,12332
6150625,12284
6150624,12272
6150623,12272
6150622,12272
6150629,12272
6150628,12225
6150627,12225
6150626,12284
6150633,12332
6150631,12284
6150630,12272
615063,12969
6150604,12288
6150603,12288
6150602,12288
6150601,12288
6150608,12332
6150607,12332
6150606,21774
6150605,21773
6150614,12285
6150612,12284
6150610,12332
615061,13037
6150618,12332
6150617,12332
6150616,12272
6150615,12272
6150653,12327
6150652,12327
6150651,22013
6150650,22013
6150657,12229
6150656,12230
6150655,12232
6150654,12239
6150660,12334
615066,12657
6150659,12237
6150658,12313
6150664,12226
6150663,12220
6150662,12218
6150661,12339
6150637,12219
6150636,12332
6150635,12332
6150634,12332
6150640,12219
615064,13059
6150639,12219
6150638,12219
6150644,12220
6150643,12259
6150642,12334
6150641,12334
615065,13266
6150649,22013
6150648,90011
6150645,12220
6150682,12048
6150681,12170
6150680,12170
615068,12652
6150688,12272
6150687,12170
6150684,12048
6150683,12048
6150691,12272
6150690,12272
615069,12652
6150689,12048
615071,12711
6150703,12340
615070,12647
61507,13057
6150668,12272
6150667,12272
6150666,12225
6150665,12227
6150671,12222
6150670,12222
615067,12657
6150669,12222
6150675,12272
6150674,12272
6150673,12222
6150672,12222
6150679,12170
6150678,12170
6150677,12170
6150676,12272
61601463,25159
61601462,24869
61601460,24582
6160146,23998
61601467,24883
61601466,23721
61601465,24814
61601464,24814
61601470,24031
6160147,23997
61601469,24667
61601468,24667
61601474,22988
61601473,24031
61601472,24031
61601471,24031
61601443,25078
61601442,25078
61601441,25158
61601440,25158
6160145,23998
61601447,23757
61601446,23757
61601444,23757
61601454,25159
61601453,25159
61601451,25159
61601450,23110
61601459,23387
61601457,24869
61601456,25159
61601455,25159
61601492,24073
61601491,23754
61601490,23754
6160149,23998
61601497,23295
61601496,24319
61601495,24279
61601494,24294
6160150,23999
616015,24322
61601499,23945
61601498,23945
61601503,25159
61601502,25159
61601501,24259
61601500,23908
61601478,23963
61601477,23051
61601476,23387
61601475,23350
61601481,23865
61601480,23865
6160148,23997
61601479,23865
61601485,25434
61601484,24478
61601483,23913
61601482,23865
61601489,25434
61601488,25434
61601487,25434
61601486,25439
61601521,24380
61601520,24380
6160152,24014
61601519,24016
61601525,24380
61601524,24257
61601523,24263
61601522,24263
61601529,24380
61601528,25248
61601527,25241
61601526,25241
61601532,25274
61601531,25274
61601530,25275
6160153,24005
61601507,24118
61601506,23513
61601505,25159
61601504,25159
61601510,24766
6160151,24000
61601509,23546
61601508,24482
61601514,13211
61601513,23089
61601512,23090
61601511,22947
61601518,24122
61601517,24121
61601516,24076
61601515,23035
61601550,25421
6160155,24026
61601549,25421
61601548,25421
61601554,25310
61601553,25461
61601552,25474
61601551,25423
61601558,24224
61601557,23550
61601556,23220
61601555,24380
61601561,24363
61601560,24363
6160156,24028
61601559,23979
61601536,23118
61601535,23118
61601534,23142
61601533,23520
6160154,24026
61601539,24371
61601538,23099
61601537,23099
61601543,25439
61601542,24371
61601541,24264
61601540,24264
61601547,25487
61601546,25438
61601545,25434
61601544,25488
61601339,25094
61601338,25080
61601337,25080
61601336,25139
61601342,25153
61601341,25168
61601340,25168
6160134,24161
61601346,25149
61601345,25147
61601344,25147
61601343,25151
6160135,24121
61601349,25144
61601348,25144
61601347,25148
61601324,25080
61601323,25080
61601322,25059
61601321,25059
61601328,25103
61601327,25103
61601326,25139
61601325,25094
61601331,25103
61601330,25103
6160133,24178
61601329,25103
61601335,25139
61601334,25103
61601333,25103
61601332,25103
61601368,23863
61601367,23863
61601366,23863
61601365,23863
61601372,23843
61601371,23756
61601370,23858
61601369,23863
61601376,23753
61601375,23755
61601374,23755
61601373,23843
6160138,24118
61601379,23754
61601378,23754
61601377,23830
61601353,25148
61601352,25145
61601351,25142
61601350,25142
61601357,25159
61601356,25159
61601355,25120
61601354,25120
61601360,23963
6160136,24122
61601359,25159
61601358,25159
61601364,23863
61601363,23863
61601362,23863
61601361,23810
616014,24321
61601399,23903
61601398,23943
61601397,23916
61601402,23913
61601401,23919
61601400,23904
6160140,24133
61601407,23957
61601405,23915
61601404,23915
61601403,23912
61601410,23879
6160141,24016
61601409,23954
61601408,23957
61601383,23865
61601382,23865
61601381,23865
61601380,23785
61601387,23870
61601386,23871
61601385,23867
61601384,23953
61601392,23944
6160139,24385
61601389,23869
61601388,23869
61601396,23943
61601395,23901
61601394,23974
61601393,23974
61601429,23876
61601428,23956
61601427,23898
61601426,23898
61601432,23885
61601431,23885
61601430,23957
6160143,24000
61601436,23883
61601435,23888
61601434,23886
61601433,23881
6160144,24000
61601439,25158
61601438,25158
61601437,23977
61601414,23029
61601413,23872
61601412,23971
61601411,23971
61601418,23898
61601417,23898
61601416,23029
61601415,23030
61601421,23878
61601420,23884
6160142,24015
61601419,23878
61601425,23884
61601424,23878
61601423,23878
61601422,23878
6160122,24199
61601219,23794
61601218,23765
61601217,23775
61601223,23688
61601222,23766
61601221,23765
61601220,23794
61601227,23815
61601226,23688
61601225,23688
61601224,23688
61601230,23742
6160123,24126
61601229,23742
61601228,23815
61601204,23002
61601203,23005
61601202,23005
61601201,22901
61601208,23002
61601207,23002
61601206,23002
61601205,23002
61601212,90092
61601210,23002
6160121,24195
61601209,23002
61601216,90092
61601215,90092
61601214,90092
61601213,90092
61601249,90098
61601248,90092
61601247,90092
61601246,90031
61601252,90098
61601251,90098
61601250,90098
6160125,24117
61601258,23727
61601257,90098
61601256,90098
61601255,90092
61601261,24975
61601260,24975
6160126,24403
61601259,23737
61601234,90032
61601233,90032
61601232,90037
61601231,90037
61601238,23752
61601237,23752
61601236,23769
61601235,23769
61601241,23864
61601240,23825
6160124,24158
61601239,23825
61601245,90031
61601244,90031
61601243,90031
61601242,23864
6160128,24144
61601279,25012
61601278,25065
61601277,25045
61601283,25018
61601282,25013
61601281,25013
61601280,25011
61601287,24907
61601286,25072
61601285,25072
61601284,25018
61601290,23737
6160129,24145
61601289,23737
61601288,24907
61601265,24997
61601264,24997
61601263,24991
61601262,24991
61601269,25095
61601268,25095
61601267,24983
61601266,24982
61601272,25080
61601271,25079
61601270,25079
6160127,24165
61601276,25045
61601275,25044
61601274,25099
61601273,25080
61601308,24991
61601307,25068
61601306,24987
61601305,24987
61601311,24933
61601310,24933
6160131,24179
61601309,24933
61601317,25059
61601314,24937
61601313,24937
61601312,24937
61601320,25059
6160132,24118
61601319,25059
61601318,25059
61601294,24970
61601293,24959
61601292,24976
61601291,24976
61601298,24982
61601297,24982
61601296,25068
61601295,24954
61601300,24984
6160130,24178
616013,24374
61601299,24984
61601304,25102
61601303,25102
61601302,24987
61601301,25005
616011,24273
61601099,24923
61601098,24923
61601097,24923
61601102,24875
61601101,24875
61601100,24943
6160110,24198
61601106,24823
61601105,24915
61601104,24912
61601103,24895
6160111,24208
61601109,24819
61601108,24886
61601107,24886
61601085,25371
61601084,25371
61601083,25371
61601082,25357
61601089,25077
61601088,25376
61601087,25358
61601086,25357
61601092,24931
61601091,24944
61601090,24945
6160109,24200
61601096,24925
61601095,24925
61601094,24926
61601093,24926
61601130,22989
6160113,24003
61601129,23630
61601128,22962
61601134,22960
61601133,22971
61601132,22964
61601131,22985
61601138,22915
61601137,22990
61601136,22990
61601135,22960
61601141,22902
61601140,56946
6160114,24004
61601139,22916
61601115,23655
61601114,23655
61601111,23652
61601110,24816
61601119,23631
61601118,23631
61601117,23631
61601116,23653
61601122,23626
61601121,23670
61601120,23628
6160112,24001
61601127,22962
61601126,22961
61601125,22977
61601123,23627
6160116,23997
61601159,22752
61601158,22324
61601157,22958
61601163,22869
61601162,22870
61601161,22865
61601160,22879
61601167,22947
61601166,22930
61601165,22906
61601164,22875
61601170,23000
6160117,24207
61601169,22894
61601168,22895
61601145,22918
61601144,22914
61601143,22914
61601142,22911
61601149,22893
61601148,22893
61601147,22997
61601146,22925
61601152,22953
61601151,22955
61601150,22953
6160115,24002
61601156,22958
61601155,22999
61601154,22999
61601153,22999
61601190,90063
6160119,24207
61601189,90063
61601188,90063
61601194,90073
61601193,90073
61601192,90063
61601191,90063
61601198,90090
61601197,90089
61601196,90073
61601195,90073
61601200,90090
6160120,24207
616012,24362
61601199,90090
61601174,22946
61601173,22930
61601172,22947
61601171,22896
61601178,23018
61601177,23018
61601176,23019
61601175,23015
61601183,23019
61601182,23019
6160118,24205
61601179,23019
61601187,90063
61601186,23015
61601185,23018
61601184,23018
61601942,23648
61601941,23648
61601940,23634
6160194,24234
61601946,23500
61601945,23469
61601944,23634
61601943,23648
6160195,24222
61601949,23240
61601948,23500
61601947,23500
61601953,23548
61601952,23548
61601951,23346
61601950,23346
61601928,23333
61601927,23554
61601926,23554
61601925,23554
61601931,22961
61601930,25434
6160193,24234
61601929,23551
61601935,23548
61601934,24366
61601933,24366
61601932,24346
61601939,23634
61601938,23634
61601937,23634
61601936,25488
61601971,23577
61601970,23577
6160197,24384
61601969,23195
61601975,23440
61601974,23440
61601973,23596
61601972,23596
61601979,24659
61601978,23094
61601977,23577
61601976,23577
61601982,25369
61601981,24601
61601980,24798
6160198,24243
61601957,23353
61601956,23353
61601955,23353
61601954,23353
61601960,24869
6160196,24222
61601959,24871
61601958,24656
61601964,25419
61601963,25416
61601962,24636
61601961,24869
61601968,24282
61601967,23885
61601966,23885
61601965,23876
616020,24402
61602,24325
61601999,24461
61601998,24339
61602002,24432
61602001,24431
61602000,24431
6160200,24232
61602006,24431
61602005,24431
61602004,24432
61602003,24432
6160201,24234
61602009,24430
61602008,24429
61602007,24429
61601986,23665
61601985,23665
61601984,25349
61601983,25349
6160199,24246
61601989,23648
61601988,23619
61601987,24230
61601993,24826
61601992,90073
61601991,24235
61601990,23648
61601997,24339
61601996,22780
61601995,24048
61601994,23630
6160203,24228
61602029,24507
61602028,24511
61602027,24782
61602033,90194
61602032,90194
61602031,24333
61602030,24510
61602037,23725
61602036,23725
61602035,23725
61602034,23718
61602040,23836
6160204,24039
61602039,23796
61602038,23725
61602014,24161
61602012,23131
61602011,24598
61602010,24430
61602018,22958
61602017,24163
61602016,24182
61602015,24178
61602021,23595
61602020,24567
6160202,24234
61602019,24567
61602026,24782
61602025,24782
61602024,24782
61602023,24782
61601823,24257
61601822,23273
61601821,23273
61601820,90174
61601827,25488
61601826,23076
61601825,25488
61601824,23288
61601830,23634
6160183,25216
61601829,23634
61601828,23441
61601834,23671
61601833,23626
61601832,23627
61601831,23627
61601808,23259
61601807,23259
61601806,23885
61601805,23885
61601811,23273
61601810,23272
6160181,25184
61601809,23272
61601815,24339
61601814,24339
61601813,23251
61601812,23251
6160182,25184
61601819,90063
61601818,90063
61601816,90200
61601852,24487
61601851,24489
61601850,24602
6160185,25188
61601856,24513
61601855,24487
61601854,24456
61601853,24481
6160186,25188
61601859,23153
61601858,23153
61601857,23153
61601863,23253
61601862,23253
61601861,23153
61601860,23153
61601838,23629
61601837,23629
61601836,23627
61601835,23627
61601841,23663
61601840,23664
6160184,25216
61601839,23664
61601845,23945
61601844,23017
61601843,23017
61601842,23663
61601849,24481
61601848,25365
61601847,24903
61601846,23945
61601883,25434
61601881,25434
61601880,24554
6160188,24021
61601889,24987
61601886,24233
61601885,24233
61601884,25487
61601892,24478
61601891,25150
61601890,25150
6160189,24025
61601896,24477
61601895,24476
61601894,24464
61601893,24477
61601867,23153
61601866,23153
61601865,23153
61601864,23253
61601870,23346
6160187,24021
61601869,23153
61601868,23153
61601874,24562
61601873,23963
61601872,23240
61601871,23240
61601879,24554
61601878,24514
61601877,24514
61601875,23725
61601913,23346
61601912,23346
61601911,23313
61601910,23285
61601917,23539
61601916,23539
61601915,23539
61601914,23539
61601920,23336
6160192,24025
61601919,23346
61601918,23346
61601924,23554
61601923,23555
61601922,23555
61601921,23336
616019,24271
61601899,23391
61601898,23391
61601897,23391
61601902,23391
61601901,23460
61601900,23391
6160190,24025
61601906,23391
61601905,23391
61601904,23391
61601903,23391
6160191,24025
61601909,23391
61601908,23314
61601907,23391
61601696,23088
61601695,24643
61601694,23387
61601693,25434
616017,24319
61601699,23609
61601698,23600
61601697,23127
61601702,25332
61601701,25332
61601700,25486
6160170,25218
61601707,24636
61601706,24257
61601705,22989
61601704,24826
61601680,25159
6160168,25180
61601679,25160
61601678,23944
61601684,24562
61601683,24420
61601682,25521
61601681,24058
61601689,24923
61601688,24765
61601686,90198
61601685,23070
61601692,23478
61601691,24811
61601690,24780
6160169,25180
61601726,23037
61601725,24981
61601724,23490
61601723,24981
6160173,25179
61601729,24568
61601728,23563
61601727,23037
61601733,24566
61601732,23073
61601731,24204
61601730,24568
61601738,25159
61601737,25159
61601735,24030
61601734,25174
61601711,25415
61601710,25415
6160171,25176
61601709,23513
61601715,24819
61601714,24819
61601713,22977
61601712,25421
61601719,24981
61601718,24380
61601717,23513
61601716,23410
61601722,24981
61601721,24981
61601720,24981
6160172,25177
61601758,23826
61601757,23758
61601756,23758
61601755,22957
61601763,24224
61601762,24224
6160176,25173
61601759,23826
61601767,22945
61601766,22945
61601765,24198
61601764,24198
61601772,23135
61601771,23136
61601770,22779
6160177,25194
61601741,23004
61601740,23534
6160174,25179
61601739,24083
61601747,23937
61601744,24839
61601743,23490
61601742,23004
61601750,24384
6160175,25173
61601749,24380
61601748,23937
61601754,22956
61601753,23960
61601752,23960
61601751,24615
61601793,23881
61601792,23886
61601791,25303
61601790,25303
61601797,25160
61601796,23131
61601795,24234
61601794,24234
61601800,24876
6160180,25185
616018,24271
61601799,24641
61601804,23876
61601803,23956
61601802,24155
61601801,24155
61601776,23881
61601775,23881
61601774,24380
61601773,24380
6160178,25194
61601779,23885
61601778,23876
61601777,23876
61601783,23898
61601782,23885
61601781,23885
61601780,23893
6160179,25185
61601786,23827
61601785,23827
61601784,23898
6160158,24027
61601579,24764
61601578,24666
61601577,24823
61601583,24583
61601582,24598
61601581,24598
61601580,24599
61601587,24567
61601586,24685
61601585,24583
61601584,24583
61601590,24814
6160159,23996
61601589,24575
61601588,24575
61601565,23240
61601564,23387
61601563,25395
61601562,24323
61601569,23416
61601568,23473
61601567,23472
61601566,23240
61601572,23489
61601571,23448
61601570,23413
6160157,24028
61601576,24823
61601575,24581
61601574,24579
61601573,24576
61601608,22946
61601607,22930
61601606,22989
61601605,23652
61601611,90098
61601610,90098
6160161,23989
61601609,90063
61601615,23974
61601614,23727
61601613,90098
61601612,90098
61601619,23387
61601618,22988
61601617,24869
61601616,24582
61601594,24814
61601593,24575
61601592,24575
61601591,24575
61601598,24869
61601597,24783
61601596,24699
61601595,24651
61601600,25371
6160160,23989
616016,24319
61601599,24869
61601604,24822
61601603,24915
61601602,25077
61601601,25357
61601637,22894
61601636,22894
61601635,22926
61601634,22926
61601640,23720
6160164,23988
61601639,22947
61601638,22947
61601644,24999
61601643,24233
61601642,22999
61601641,23720
61601648,25486
61601647,23863
61601646,23863
61601645,90182
61601622,25434
61601621,25439
61601620,25434
6160162,23987
61601626,90091
61601625,24557
61601624,23220
61601623,23220
6160163,23987
61601629,24516
61601628,24516
61601627,90091
61601633,22948
61601632,22948
61601631,24981
61601630,24981
61601666,23438
61601665,23439
61601664,24387
61601663,23643
6160167,23995
61601669,24666
61601668,24666
61601667,24892
61601673,24016
61601672,23403
61601671,55749
61601670,55749
61601677,23977
61601676,24222
61601675,25159
61601674,24557
61601651,90092
61601650,24669
6160165,23992
61601649,23554
61601655,23520
61601654,23720
61601653,23387
61601652,23757
61601659,25438
61601658,25488
61601657,23108
61601656,23108
61601662,23400
61601661,23237
61601660,23088
6160166,23994
6160497,25472
6160496,25472
6160495,25480
6160494,25467
6160500,25507
616050,23088
6160499,25508
6160498,25481
6160504,25518
6160503,10267
6160502,25510
6160501,25511
6160508,25470
6160507,25515
6160506,25515
6160505,25513
6160482,25423
6160481,25417
6160480,25417
616048,23089
6160486,25424
6160485,25425
6160484,25415
6160483,25415
616049,23090
6160489,25416
6160488,25417
6160487,25417
6160493,25397
6160492,25397
6160491,25421
6160490,25416
6160527,25202
6160526,25202
6160525,25301
6160524,25301
6160530,24380
616053,23075
6160529,24380
6160528,25171
6160534,25257
6160533,25257
6160532,24379
6160531,24380
6160538,25260
6160537,25260
6160536,25260
6160535,25260
6160511,25461
6160510,25474
616051,23134
6160509,25470
6160516,25392
6160515,25308
6160513,25310
6160512,25309
616052,23036
6160519,25390
6160518,25431
6160517,25388
6160523,25301
6160522,25306
6160521,25431
6160520,25390
6160561,24345
6160560,24345
616056,23040
6160559,24421
6160565,24311
6160564,24311
6160563,24312
6160562,24312
6160569,24340
6160568,24328
6160567,24329
6160566,24341
6160572,24373
6160571,24326
6160570,24340
616057,23040
6160541,25246
6160540,25260
616054,23061
6160539,25260
6160545,24411
6160544,24411
6160543,24375
6160542,25246
6160554,24530
6160553,24562
6160551,25318
616055,23061
6160558,24466
6160557,24462
6160556,24420
6160555,24556
6160594,23219
6160593,23550
6160592,23202
6160591,23201
6160598,23205
6160597,23204
6160596,23204
6160595,23211
6160600,23234
616060,23106
61606,24337
6160599,23234
6160604,23210
6160603,23210
6160602,23225
6160601,23225
6160576,24315
6160575,24331
6160574,24332
6160573,24344
6160583,23213
616058,23042
6160578,24316
6160577,24316
6160587,23226
6160586,23208
6160585,23209
6160584,23514
6160590,23218
616059,23042
6160589,23512
6160588,23513
616037,23076
6160369,23085
6160368,23569
6160367,23569
6160374,23109
6160373,23131
6160371,23099
6160370,23129
6160379,23109
6160378,23109
6160377,23108
6160375,23108
6160382,23129
6160381,23129
6160380,23132
616038,23079
6160351,23110
6160350,23141
616035,23091
6160349,23142
6160358,23100
6160357,23137
6160353,23118
6160352,23117
6160361,23097
6160360,23082
616036,23077
6160359,23099
6160366,23150
6160364,23149
6160363,23287
6160362,23085
6160406,24436
6160405,24416
6160404,24416
6160403,24412
616041,23127
6160409,24504
6160408,24423
6160407,24614
6160413,24432
6160412,24431
6160411,24430
6160410,24504
6160417,24465
6160416,24461
6160415,24461
6160414,24441
6160387,23099
6160386,23099
6160384,23082
6160383,23082
6160390,23130
616039,23077
6160389,23109
6160388,23094
6160399,23116
6160398,23108
6160397,23108
6160391,23120
6160402,24412
6160401,23132
6160400,23132
616040,23127
6160437,24364
6160436,24334
6160435,24333
6160434,24348
6160440,24411
616044,23127
6160439,24411
6160438,24382
6160445,24317
6160443,24354
6160442,24411
6160441,24411
6160449,25438
6160448,25434
6160447,25439
6160446,24317
6160420,24615
616042,23077
6160419,24366
6160418,24465
6160425,24348
6160424,24348
6160423,24370
6160421,24615
616043,23090
6160429,24264
6160428,24264
6160427,24615
6160433,24348
6160432,24371
6160431,24371
6160430,24371
6160467,25488
6160466,25438
6160465,25434
6160464,25438
6160471,25405
616047,23091
6160469,25487
6160468,25487
6160475,25421
6160474,25421
6160473,25399
6160472,25399
6160479,25424
6160478,25415
6160477,25421
6160476,25421
6160452,25400
6160451,25402
6160450,25438
616045,23127
6160456,25408
6160455,25408
6160454,25408
6160453,25408
616046,23091
6160459,25396
6160458,25396
6160457,25396
6160463,25488
6160462,25488
6160461,25434
6160460,25487
6160229,24228
6160228,24228
6160227,24235
6160226,24263
6160232,25225
6160231,25221
6160230,25232
616023,24086
6160236,24248
6160235,25227
6160234,25227
6160233,25226
616024,24401
6160239,25225
6160238,25226
6160237,25226
61602201,24523
61602200,25145
6160220,24034
616022,24365
61602205,24892
61602204,23841
61602203,23841
61602202,24523
61602214,23842
61602213,23841
61602211,24523
6160221,24255
6160225,24263
6160223,24230
6160222,24255
61602215,24892
6160259,25241
6160258,25241
6160257,25240
6160256,24380
6160263,25239
6160262,24380
6160260,25248
616026,24401
6160276,25223
6160275,25223
616027,24112
6160264,25225
616028,23106
6160279,25244
6160278,25219
6160277,25219
6160243,24380
6160242,25226
6160241,25226
6160240,25222
6160247,24380
6160246,24380
6160245,24380
6160244,24380
6160250,24263
616025,24402
6160249,24380
6160248,24380
6160254,24257
6160253,24263
6160252,24263
6160251,24263
6160298,25261
6160297,25315
6160296,25266
6160295,25303
6160301,25274
6160300,25301
616030,23073
6160299,25301
6160305,23525
6160304,25279
6160303,25274
6160302,25274
6160309,23321
6160308,23523
6160307,23522
6160306,23525
6160283,25264
6160282,25220
6160281,25220
6160280,25244
6160287,25273
6160286,25279
6160285,25271
6160284,25265
6160290,25275
616029,23106
6160289,25274
6160288,25274
6160294,25262
6160293,25295
6160292,25248
6160291,25294
6160333,23267
6160332,23267
616033,23134
6160329,23520
6160337,23249
6160336,23249
6160335,23562
6160334,23562
6160340,23320
616034,23127
6160339,24412
6160338,23507
6160348,24113
6160347,24113
6160346,23119
6160345,23119
6160312,23318
6160311,23318
6160310,23326
616031,23073
6160316,23328
6160315,23330
6160314,23324
6160313,23325
616032,23136
6160319,23308
6160318,23328
6160317,23328
6160327,23270
6160326,23563
6160325,23520
6160320,23308
61602059,24892
61602058,24765
61602057,24765
61602056,25260
61602062,24777
61602061,24764
61602060,24764
6160206,24032
61602066,23629
61602065,23634
61602064,23634
61602063,24777
6160207,24048
61602069,25331
61602068,25331
61602067,23627
61602044,24233
61602043,24240
61602042,24598
61602041,23988
61602048,23396
61602047,25240
61602046,25243
61602045,25243
61602051,24825
61602050,23597
6160205,24031
61602049,23648
61602055,23604
61602054,23613
61602053,23475
61602052,24825
61602088,25330
61602087,24394
61602086,24394
61602085,23588
61602091,24371
61602090,24371
6160209,24034
61602089,25330
61602095,23569
61602094,23569
61602093,23571
61602092,23571
61602099,23003
61602098,23003
61602097,24912
61602096,23943
61602073,24466
61602072,24466
61602071,25332
61602070,25331
61602077,90195
61602076,90200
61602075,57084
61602074,24484
61602080,90181
6160208,24037
61602079,90189
61602078,90194
61602084,23588
61602083,61021
61602082,25216
61602081,25216
61602116,23039
61602115,23036
61602114,23075
61602113,23073
6160212,24030
61602119,24907
61602118,24823
61602117,24420
61602123,23523
61602122,23522
61602121,23759
61602120,23759
61602127,23391
61602126,23391
61602125,23391
61602124,23391
61602101,23002
61602100,23005
6160210,24030
616021,24400
61602105,24774
61602104,25427
61602103,23380
61602102,24942
61602109,23134
61602108,23513
61602107,24886
61602106,24774
61602112,24786
61602111,24784
61602110,24886
6160211,24030
61602145,24872
61602144,23325
61602143,23908
61602142,23088
61602149,24295
61602148,25421
61602147,25434
61602146,25434
61602152,24626
61602151,24273
61602150,24282
6160215,24021
6160219,24035
6160218,25214
6160217,25215
6160216,25187
61602130,23314
6160213,24047
61602129,23391
61602128,23391
61602134,23314
61602133,23314
61602132,23285
61602131,23247
61602138,24005
61602137,24014
61602136,24893
61602135,24893
61602141,23997
61602140,23997
6200206240,57496
6160214,24021
6200206230,57480
61602139,23998
6200206225,80006
6200206220,80006
6200206280,57490
6200206270,57485
6200206260,80006
6200206250,80006
6200206315,9579
6200206310,9579
6200206300,57480
6200206290,57488
6200206340,9618
6200206335,9618
6200206330,9626
6200206320,9579
6200206095,57630
6200206093,57629
6200206092,57629
6200206090,8975
6200206120,9421
6200206110,9422
6200206102,9129
6200206100,9132
6200206165,80006
6200206160,97003
6200206150,97003
6200206130,9436
6200206210,80006
6200206200,57496
6200206180,80006
6200206170,80006
6200206470,80004
6200206469,80004
6200206465,80004
6200206460,9436
6200206485,9688
6200206480,80004
6200206475,80004
6200206472,80004
6200206510,57475
6200206505,80002
6200206500,80004
6200206490,57483
6200206520,57476
6200206517,57475
6200206515,57475
6200206513,57475
6200206360,9595
6200206350,9618
6200206345,9618
6200206342,9626
6200206400,9639
6200206390,9639
6200206380,9594
6200206370,9595
6200206440,9591
6200206430,9591
6200206425,97005
6200206420,9583
6200206456,80004
6200206450,9598
6200206445,9591
6200206443,9591
6200206740,9239
6200206730,9238
6200206725,9237
6200206720,9236
6200206780,9883
6200206770,9883
6200206760,9254
6200206750,9248
6200206820,9819
6200206810,9820
6200206800,9885
6200206790,9860
6200206870,9601
6200206860,9672
6200206850,9661
6200206845,9679
6200206600,57475
6200206595,57474
6200206531,9688
6200206530,9688
6200206630,9248
6200206620,9216
6200206612,57479
6200206610,57479
6200206670,9240
6200206660,9240
6200206650,9241
6200206640,9265
6200206710,9866
6200206700,9864
6200206690,9249
6200206680,9240
6200207060,9856
6200207050,9890
6200207040,9852
6200207030,9852
6200207090,9953
6200207080,9861
6200207070,9860
6200207065,9859
6200207130,9943
6200207120,9874
6200207110,9868
6200207100,9951
6200207170,9934
6200207160,9976
6200207150,9921
6200207140,9848
6200206895,9637
6200206885,9588
6200206880,9588
6200206875,9601
6200206960,9840
6200206930,9888
6200206920,9722
6200206900,9613
6200206985,9721
6200206983,9843
6200206980,9844
6200206970,9842
6200207020,9852
6200207010,9885
6200207000,9885
6200206990,9846
6200205200,9072
6200205190,9663
6200205180,57492
6200205170,57501
6200205220,9005
6200205210,8976
6200205205,8976
6200205203,8976
6200205260,57473
6200205255,57506
6200205250,57509
6200205230,57465
6200205320,8708
6200205310,8707
6200205300,8719
6200205295,8710
6200205070,9224
6200205060,9210
6200205050,9209
6200205040,9267
6200205100,9225
6200205095,9218
6200205090,9220
6200205080,9221
6200205140,9645
6200205130,57487
6200205120,57064
6200205110,9837
6200205165,57500
6200205160,57504
6200205155,57492
6200205150,57486
6200205510,97001
6200205500,9307
6200205490,9337
6200205480,9336
6200205533,8320
6200205530,97001
6200205525,97001
6200205520,97001
6200205570,8866
6200205560,97001
6200205550,97001
6200205540,97001
6200205610,8814
6200205600,8821
6200205590,8820
6200205580,8813
6200205370,8680
6200205360,8667
6200205350,8695
6200205330,8712
6200205410,8673
6200205400,8687
6200205390,8684
6200205380,8734
6200205440,9276
6200205435,8733
6200205430,8732
6200205420,8675
6200205475,9372
6200205470,9279
6200205460,9277
6200205450,9407
6200205744,57700
6200205743,57700
6200205742,57698
6200205741,57698
6200205748,57699
6200205747,57699
6200205746,9453
6200205745,9484
6200205770,8832
6200205760,8855
6200205750,8823
6200205749,57699
6200205800,8858
6200205790,8877
6200205783,57698
6200205780,8877
6200205650,8814
6200205640,8814
6200205630,8814
6200205620,8814
6200205680,8814
6200205670,8814
6200205660,8814
6200205655,8814
6200205715,9484
6200205710,57694
6200205700,57692
6200205690,8872
6200205740,57698
6200205739,57698
6200205730,57699
6200205720,57695
6200205980,8815
6200205970,8838
6200205960,8837
6200205950,8817
6200206010,57586
6200206005,8985
6200206000,8844
6200205990,8816
6200206045,8860
6200206040,8860
6200206030,8860
6200206020,57590
6200206080,9073
6200206070,8844
6200206060,8860
6200206050,8860
6200205823,8833
6200205822,8834
6200205820,8815
6200205810,8860
6200205880,9433
6200205870,9423
6200205860,9423
6200205850,9434
6200205923,9436
6200205920,9421
6200205900,9423
6200205890,9435
6200205940,9615
6200205930,9422
6200205925,9436
6200205924,9421
6200204140,8894
6200204130,8907
6200204120,9199
6200204115,8934
6200204175,9099
6200204170,8906
6200204160,8911
6200204150,8908
6200204200,9100
6200204190,8881
6200204185,8909
6200204180,9099
6200204230,8891
6200204220,8900
6200204210,8892
6200204205,8902
6200204020,9164
6200204010,9164
6200204009,9164
6200204005,9164
6200204050,8941
6200204045,9423
6200204040,9158
6200204030,9164
6200204080,8889
6200204075,8894
6200204070,9199
6200204060,9174
6200204110,8889
6200204100,9199
6200204090,9148
6200204085,9141
6200204390,9034
6200204380,8925
6200204370,8924
6200204360,57510
6200204425,57535
6200204420,8929
6200204410,8897
6200204400,8916
6200204450,9142
6200204440,9138
6200204430,9263
6200204427,57531
6200204495,9164
6200204480,9179
6200204470,9166
6200204460,9159
6200204250,8922
6200204240,8903
6200204236,9105
6200204235,9105
6200204280,8942
6200204275,9070
6200204270,8942
6200204260,9087
6200204310,9071
6200204300,8958
6200204295,9069
6200204290,9070
6200204350,8942
6200204340,8957
6200204330,8901
6200204320,8899
6200204685,57525
6200204680,57520
6200204670,57515
6200204650,57516
6200204720,57510
6200204710,57511
6200204700,57512
6200204690,57513
6200204750,9021
6200204740,9136
6200204735,9026
6200204730,8960
6200204790,9036
6200204780,9110
6200204770,9053
6200204760,9057
6200204535,9250
6200204530,9250
6200204520,9262
6200204500,9164
6200204590,9164
6200204580,9164
6200204555,9259
6200204550,9261
6200204620,9227
6200204615,9164
6200204610,9164
6200204600,9164
6200204645,9227
6200204643,9227
6200204640,9227
6200204630,9227
6200204954,9227
6200204952,9227
6200204950,9227
6200204941,9227
6200204965,9227
6200204960,9227
6200204958,9227
6200204956,9227
6200205000,9234
6200204990,9235
6200204980,9227
6200204970,9227
6200205035,9227
6200205030,9206
6200205020,9150
6200205010,9246
6200204830,9082
6200204820,9029
6200204810,9028
6200204800,9026
6200204870,9227
6200204860,9227
6200204850,9643
6200204840,9039
6200204910,9257
6200204900,9262
6200204890,9262
6200204880,9227
6200204940,9227
6200204930,9227
6200204920,9260
6200204919,9242
6200202980,8953
6200202970,8953
6200202960,8953
6200202953,9003
6200203010,9060
6200203000,9076
6200202990,8976
6200202981,8951
6200203035,57611
6200203030,57619
6200203020,57609
6200203015,9042
6200203051,57638
6200203050,57637
6200203045,57636
6200203040,57624
6200202840,57667
6200202837,57656
6200202835,57653
6200202830,8888
6200202880,8898
6200202870,8937
6200202860,8933
6200202850,57655
6200202920,9065
6200202910,8946
6200202900,8912
6200202890,8882
6200202950,9069
6200202940,8974
6200202936,8998
6200202930,8972
6200203280,8203
6200203275,8202
6200203270,8201
6200203265,78280
6200203310,8207
6200203305,8176
6200203300,8211
6200203290,8205
6200203340,8218
6200203330,8215
6200203325,8223
6200203320,8230
6200203380,8231
6200203370,8231
6200203360,8231
6200203350,8231
6200203100,9686
6200203090,9046
6200203080,9046
6200203070,57631
6200203130,9686
6200203120,8950
6200203115,9078
6200203110,9685
6200203210,8231
6200203200,8231
6200203140,9579
6200203135,80005
6200203260,8151
6200203250,8164
6200203230,8231
6200203220,8231
6200203590,8461
6200203580,8535
6200203570,8460
6200203560,8534
6200203620,9198
6200203615,9266
6200203610,8585
6200203600,8487
6200203660,9169
6200203650,9148
6200203640,9140
6200203630,9137
6200203695,8462
6200203690,8462
6200203680,8462
6200203670,8462
6200203410,8235
6200203400,8235
6200203395,9345
6200203390,8242
6200203460,8574
6200203450,8574
6200203440,8231
6200203430,8231
6200203510,8578
6200203490,8234
6200203480,8158
6200203470,8576
6200203550,8484
6200203540,8583
6200203530,8562
6200203520,8567
6200203900,9164
6200203890,9164
6200203880,9164
6200203875,9164
6200203940,9164
6200203930,9164
6200203920,9158
6200203910,9157
6200203990,9164
6200203980,9164
6200203970,9164
6200203950,9164
6200204003,9164
6200204000,9164
6200203995,9164
6200203992,9164
6200203730,8462
6200203720,8462
6200203710,8462
6200203700,8462
6200203770,8462
6200203760,8462
6200203750,8462
6200203740,8462
6200203805,8462
6200203800,8462
6200203790,8462
6200203780,8462
6200203870,9164
6200203860,9164
6200203820,9173
6200203810,9171
6200238400,10195
6200234235,9021
6200220000,9075
6200211025,10100
6200238435,10040
6200238430,10106
6200238420,10047
6200238410,10015
6200238457,10035
6200238455,10055
6200238450,10036
6200238440,10057
6200238490,10153
6200238475,10013
6200238470,10025
6200238460,10026
6200210550,8814
6200210295,10195
6200210290,10015
6200210280,10047
6200210710,9859
6200210700,9992
6200210570,57577
6200210560,57577
6200211005,9554
6200210735,9939
6200210730,9860
6200210720,9882
6200211020,9554
6200211015,9554
6200211013,9554
6200211011,9554
6200238690,10169
6200238687,9482
6200238686,9452
6200238685,9451
6200238720,10174
6200238710,10187
6200238705,10159
6200238700,10171
6200238775,10059
6200238770,10115
6200238760,10154
6200238750,10137
6200238801,10097
6200238800,10097
6200238780,9574
6200238777,10060
6200238530,10112
6200238520,10113
6200238510,10114
6200238500,10128
6200238610,10119
6200238600,10107
6200238550,10134
6200238540,10196
6200238650,10164
6200238640,10179
6200238630,10117
6200238620,10118
6200238680,10162
6200238675,10172
6200238670,10156
6200238660,10157
6200238950,9699
6200238940,10137
6200238930,10137
6200238920,9748
6200238990,9567
6200238980,9568
6200238970,10020
6200238960,10021
6200239010,9569
6200239000,9567
6200238998,9567
6200238995,9567
6200239055,9814
6200239040,9385
6200239030,9467
6200239020,9470
6200238825,10060
6200238820,10032
6200238815,10033
6200238810,10097
6200238860,10029
6200238850,10030
6200238840,10033
6200238830,10059
6200238890,9574
6200238885,10154
6200238880,9575
6200238870,10049
6200238915,9572
6200238912,9571
6200238910,9571
6200238900,10053
6200239180,9350
6200239170,9327
6200239160,9377
6200239150,9414
6200239210,9346
6200239200,9348
6200239195,9413
6200239190,9413
6200239245,9317
6200239240,9319
6200239230,9318
6200239220,9352
6200239257,9418
6200239256,9814
6200239255,9814
6200239250,9321
6200239065,9554
6200239063,9554
6200239061,9554
6200239060,9406
6200239090,9561
6200239080,9554
6200239075,9509
6200239070,9510
6200239120,9563
6200239110,9507
6200239105,9817
6200239100,9437
6200239145,10005
6200239140,9355
6200239130,9392
6200239125,9394
6200209352,9370
6200209351,9370
6200209350,9365
6200209344,9509
6200209360,9370
6200209355,9814
6200209354,9814
6200209353,9418
6200209395,9359
6200209390,9328
6200209380,9319
6200209370,9320
6200209425,9350
6200209420,9413
6200209410,9420
6200209400,9345
6200209280,9364
6200209270,55959
6200209260,55992
6200209250,55962
6200209298,9476
6200209297,55985
6200209295,55954
6200209290,55956
6200209330,9403
6200209320,9454
6200209310,9457
6200209300,9473
6200209343,9317
6200209342,9365
6200209341,9365
6200209340,9408
6200209575,9365
6200209573,9317
6200209570,9814
6200209567,9510
6200209600,9466
6200209590,9385
6200209580,9406
6200209577,9365
6200209640,9567
6200209630,9470
6200209620,9469
6200209610,9467
6200209662,10100
6200209660,9568
6200209655,9567
6200209650,9567
6200209447,10006
6200209445,9415
6200209440,9374
6200209430,9327
6200209510,9458
6200209500,9397
6200209460,9356
6200209450,9355
6200209550,9561
6200209540,9437
6200209530,9817
6200209520,9825
6200209565,9554
6200209563,9554
6200209562,9554
6200209560,9506
6200209823,10060
6200209820,10058
6200209815,10058
6200209810,10137
6200209850,10029
6200209840,10028
6200209830,10050
6200209825,10059
6200209880,10051
6200209870,10060
6200209860,10033
6200209855,10031
6200209930,10154
6200209900,10105
6200209895,10105
6200209890,10033
6200209690,10020
6200209680,9568
6200209670,9567
6200209665,9567
6200209730,9699
6200209720,9788
6200209710,10023
6200209700,10021
6200209770,9571
6200209760,9576
6200209750,10137
6200209740,10137
6200209800,10058
6200209792,9575
6200209790,9571
6200209780,9571
6200210180,10112
6200210170,10197
6200210160,10133
6200210110,10107
6200210220,10153
6200210210,10128
6200210200,10127
6200210190,10113
6200210255,10055
6200210250,10026
6200210240,10064
6200210235,10022
6200210270,10079
6200210265,10056
6200210260,10036
6200210257,10035
6200210000,10159
6200209990,10174
6200209970,10122
6200209960,10120
6200210030,10172
6200210025,10162
6200210020,10173
6200210010,10168
6200210060,10182
6200210050,8814
6200210040,10156
6200210035,8539
6200210100,10119
6200210090,10117
6200210080,10164
6200210070,10182
6200208190,9828
6200208180,9702
6200208170,9705
6200208168,9713
6200208235,10137
6200208230,10121
6200208220,10143
6200208210,9703
6200208270,9702
6200208260,9703
6200208250,9786
6200208240,9709
6200208410,9684
6200208400,9578
6200208290,9725
6200208280,9793
6200208090,9798
6200208080,9741
6200208070,9715
6200208060,9811
6200208110,10166
6200208107,10143
6200208105,9803
6200208100,9802
6200208130,9805
6200208125,9804
6200208123,9804
6200208120,10166
6200208165,10187
6200208160,10174
6200208150,10175
6200208140,10198
6200208605,9560
6200208600,9421
6200208590,9493
6200208580,9517
6200208630,9557
6200208625,9560
6200208620,9560
6200208610,9421
6200208680,9480
6200208670,9484
6200208660,9557
6200208640,9488
6200208710,9477
6200208700,9448
6200208695,9558
6200208690,9450
6200208460,9591
6200208440,9685
6200208430,9685
6200208420,9597
6200208490,9432
6200208485,9582
6200208480,9581
6200208470,9581
6200208530,9598
6200208520,9591
6200208510,9495
6200208500,9518
6200208570,9485
6200208560,9815
6200208550,9519
6200208540,9432
6200208870,9515
6200208860,9482
6200208850,9483
6200208840,9501
6200208900,9439
6200208895,9438
6200208890,57711
6200208880,9536
6200208940,9440
6200208930,9439
6200208920,9452
6200208910,9482
6200208970,57723
6200208965,9558
6200208960,9465
6200208950,9441
6200208744,57697
6200208740,9450
6200208730,9479
6200208720,9453
6200208760,57707
6200208750,57706
6200208748,9565
6200208746,57697
6200208800,57701
6200208790,57707
6200208780,57705
6200208770,57697
6200208830,9502
6200208825,9496
6200208820,9521
6200208810,57707
6200209125,9323
6200209120,9310
6200209110,9312
6200209105,9324
6200209160,9303
6200209150,9322
6200209140,9307
6200209130,9308
6200209210,9341
6200209200,9339
6200209180,7305
6200209170,9299
6200209240,55963
6200209235,55965
6200209230,9344
6200209220,9342
6200209010,57736
6200209000,57735
6200208990,57724
6200208980,57726
6200209040,9442
6200209030,9444
6200209025,9476
6200209020,9447
6200209075,9416
6200209070,9314
6200209060,9315
6200209050,9398
6200209100,9325
6200209095,55967
6200209090,55990
6200209080,55988
6200207300,9899
6200207290,9981
6200207280,9891
6200207270,9989
6200207330,9635
6200207325,9595
6200207320,9932
6200207310,9900
6200207370,9685
6200207360,9594
6200207350,9690
6200207340,9690
6200207400,9691
6200207395,9690
6200207390,9690
6200207380,9690
6200207210,9980
6200207200,10000
6200207190,9919
6200207180,9948
6200207218,9971
6200207216,9956
6200207214,9957
6200207212,9957
6200207240,10000
6200207235,9979
6200207230,9979
6200207220,9956
6200207260,9888
6200207254,9940
6200207252,9936
6200207250,9974
6200207605,90134
6200207600,9900
6200207590,9928
6200207580,9908
6200207630,9931
6200207627,9978
6200207625,9978
6200207620,9959
6200207660,9717
6200207650,9896
6200207645,9904
6200207640,9889
6200207690,9990
6200207680,9900
6200207670,9706
6200207665,9767
6200207440,9691
6200207430,9690
6200207420,9610
6200207410,9602
6200207480,9774
6200207470,9774
6200207460,9760
6200207450,9760
6200207530,9787
6200207520,9783
6200207510,9773
6200207500,9826
6200207570,9906
6200207560,9889
6200207550,9889
6200207540,9787
6200207800,9717
6200207790,9716
6200207780,9692
6200207770,9901
6200207810A,9708
6200207810,9707
6200207805Z,9696
6200207805,9696
6200207830,9931
6200207825,9752
6200207823,9749
6200207820,9693
6200207846,9757
6200207845,9752
6200207841,9730
6200207840,9940
6200207714,9692
6200207712,9708
6200207710,9708
6200207700,9891
6200207725,9932
6200207720,9900
6200207718,9749
6200207716,9693
6200207760,9893
6200207750,9940
6200207740,9931
6200207730,9728
6200207767,9927
6200207765,9901
6200207763,9901
6200207761,9901
6200207942,9738
6200207941,9929
6200207940,9914
6200207930,9715
6200207970,9693
6200207960,9692
6200207950,9707
6200207943,9715
6200208010,9713
6200208000,9765
6200207990,9771
6200207980,9711
6200208050,9796
6200208040,9806
6200208030,9739
6200208020,9824
6200207858,9931
6200207850,9893
6200207848,9714
6200207847,9712
6200207880,9751
6200207870,9927
6200207865,9902
6200207860,9893
6200207911,9824
6200207910,9824
6200207900,9927
6200207890,9927
6200207920,9714
6200207914,9757
6200207913,9824
6200207912,9713
6200243950,9615
6200243940,8817
6200243930,8859
6200243920,8816
6200243990,9433
6200243980,9433
6200243970,9423
6200243960,9421
6200244043,8833
6200244020,8816
6200244010,9423
6200244000,9423
6200244060,8858
6200244050,8815
6200244045,9423
6200244044,8833
6200243800,8950
6200243799,9074
6200243798,57627
6200243797,57630
6200243840,8846
6200243830,8985
6200243820,9063
6200243810,8975
6200243875,8860
6200243870,8860
6200243860,8860
6200243850,8844
6200243910,8844
6200243900,57590
6200243890,8860
6200243880,8860
6200244200,8814
6200244190,8814
6200244180,8872
6200244170,57693
6200244240,8814
6200244230,8814
6200244220,8814
6200244210,8814
6200244280,8812
6200244270,8813
6200244260,8847
6200244250,8814
6200244320,97001
6200244310,97001
6200244300,97001
6200244290,97001
6200244100,8854
6200244090,8854
6200244080,8835
6200244070,8877
6200244117,57699
6200244116,57699
6200244115,9421
6200244110,8822
6200244125,57699
6200244120,57698
6200244119,57698
6200244118,57698
6200244160,57694
6200244150,57695
6200244140,57699
6200244130,57699
6200244520,8667
6200244510,8680
6200244500,8670
6200244490,8683
6200244590,8711
6200244580,8708
6200244570,8712
6200244540,8666
6200244675,57473
6200244670,57473
6200244605,8710
6200244600,8719
6200244720,9131
6200244710,57463
6200244690,57508
6200244680,57507
6200244360,9307
6200244350,97001
6200244340,97001
6200244330,97001
6200244400,9277
6200244390,9279
6200244380,9336
6200244370,9337
6200244440,8733
6200244430,8812
6200244420,8718
6200244410,9281
6200244480,8672
6200244470,8674
6200244460,8675
6200244450,8732
6200244877,9220
6200244875,9051
6200244870,9836
6200244860,57064
6200244900,9223
6200244890,9219
6200244885,9219
6200244880,9217
6200244935,9229
6200244930,9211
6200244920,9224
6200244910,9222
6200244957,9227
6200244955,9227
6200244950,9267
6200244940,9209
6200244750,8976
6200244745,8976
6200244740,8976
6200244730,9130
6200244770,9663
6200244760,8979
6200244757,9072
6200244755,9072
6200244810,57492
6200244800,57502
6200244790,57501
6200244780,57492
6200244850,57062
6200244840,9645
6200244830,9660
6200244820,57486
6200242457,9956
6200242455,9939
6200242453,9956
6200242452,9975
6200242500,9859
6200242490,9860
6200242470,9862
6200242460,9953
6200242540,9852
6200242530,9852
6200242520,9890
6200242510,9856
6200242580,9846
6200242570,9852
6200242560,9885
6200242550,9852
6200242345,9942
6200242340,10000
6200242335,9956
6200242330,9955
6200242380,9948
6200242370,9941
6200242365,9899
6200242350,9919
6200242415,9921
6200242410,9923
6200242400,9976
6200242390,9934
6200242450,9950
6200242440,9874
6200242430,9884
6200242420,9945
6200242760,9885
6200242750,9680
6200242745,9820
6200242740,9663
6200242800,9883
6200242790,9883
6200242780,9860
6200242770,9885
6200242850,9238
6200242840,9239
6200242830,9239
6200242820,9244
6200242890,9866
6200242880,9885
6200242870,9257
6200242860,9237
6200242640,9720
6200242610,9841
6200242600,9834
6200242590,9844
6200242665,9843
6200242663,9721
6200242660,9720
6200242650,9888
6200242685,9630
6200242683,9630
6200242680,9611
6200242670,9611
6200242730,9819
6200242700,9655
6200242690,9587
6200242687,9630
6200243405,57483
6200243400,57483
6200243390,80002
6200243385,80002
6200243420,9626
6200243418,9626
6200243415,9626
6200243410,57483
6200243450,9591
6200243440,9436
6200243430,9626
6200243425,9626
6200243490,9583
6200243470,97005
6200243460,9591
6200243455,9591
6200242930,9240
6200242920,9240
6200242910,9249
6200242900,9864
6200242980,9682
6200242970,9216
6200242950,9243
6200242940,9240
6200243010,9684
6200243000,9618
6200242995,57475
6200242990,57476
6200243380,57475
6200243375,9627
6200243370,9627
6200243020,9597
6200243670,80005
6200243660,80005
6200243655,80005
6200243650,57480
6200243710,80005
6200243700,80005
6200243690,80006
6200243680,57495
6200243740,97003
6200243735,9627
6200243730,9422
6200243720,9582
6200243796,9075
6200243795,9079
6200243790,9132
6200243780,9129
6200243540,9594
6200243530,9594
6200243520,9593
6200243510,9639
6200243575,9579
6200243570,9579
6200243550,9595
6200243545,9594
6200243610,57489
6200243600,57489
6200243590,57490
6200243580,57485
6200243640,57495
6200243635,57495
6200243630,80005
6200243620,80005
6200241490,9715
6200241480,9914
6200241470,9929
6200241460,9738
6200241507,9713
6200241506,9824
6200241504,9714
6200241500,9714
6200241520,9927
6200241510,9824
6200241509,9712
6200241508,9713
6200241536,9693
6200241534,9693
6200241532,9749
6200241530,9733
6200241330,10166
6200241325,10201
6200241320,10198
6200241300,10175
6200241360,9739
6200241350,9798
6200241340,9801
6200241335,9802
6200241400,9739
6200241390,9806
6200241380,9796
6200241370,9811
6200241455,9715
6200241450,9714
6200241410,9812
6200241405,10143
6200241770,9749
6200241763,9733
6200241761,9712
6200241760,9711
6200241800,9749
6200241790,9717
6200241780,9728
6200241775,9692
6200241840,9893
6200241830,9893
6200241820,9749
6200241810,9692
6200241880,9931
6200241870,9708
6200241860,9893
6200241850,9940
6200241555,9902
6200241550,9902
6200241540,9914
6200241538,9708
6200241600,9714
6200241580,9940
6200241570,9893
6200241560,9901
6200241636,9708
6200241630,9752
6200241620,9734
6200241610,9737
6200241750,9751
6200241660,9707
6200241650,9708
6200241640,9749
6200242020,9907
6200242010,9908
6200242005,9928
6200242000,9928
6200242060,9776
6200242050,9787
6200242040,9787
6200242030,9889
6200242100,9743
6200242090,9665
6200242080,9772
6200242070,9773
6200242130,9610
6200242120,9690
6200242110,9637
6200242105,9691
6200241910,9990
6200241905,9891
6200241900,9707
6200241890,9900
6200241940,9889
6200241935,9767
6200241930,9706
6200241920,9900
6200241950,9931
6200241946,9889
6200241943,9889
6200241941,9896
6200241990,9900
6200241980,9959
6200241970,9959
6200241960,9978
6200242210,9690
6200242205,9690
6200242204,9684
6200242202,9597
6200242248,9980
6200242240,9595
6200242230,9635
6200242220,9690
6200242280,9911
6200242270,9899
6200242260,9900
6200242250,9960
6200242320,9937
6200242310,9963
6200242300,9998
6200242290,9907
6200242138,9603
6200242136,9602
6200242134,9603
6200242132,9602
6200242160,9691
6200242150,9691
6200242145,9783
6200242140,9602
6200242180,9690
6200242174,9583
6200242172,9581
6200242168,9690
6200242200,9594
6200242190,9685
6200242185,9593
6200242182,9592
6200239380,55966
6200239370,55964
6200239360,55948
6200239355,55992
6200239450,9295
6200239410,9340
6200239400,9411
6200239390,9344
6200239480,9323
6200239470,9308
6200239465,9307
6200239460,9302
6200239515,9324
6200239510,9312
6200239500,9310
6200239490,9369
6200239270,9365
6200239260,9370
6200239259,9370
6200239258,9405
6200239300,9813
6200239295,9454
6200239290,9402
6200239280,9408
6200239325,55973
6200239320,9476
6200239315,9473
6200239310,9457
6200239350,55960
6200239340,55991
6200239330,55956
6200239328,55954
6200239700,9439
6200239690,9482
6200239680,9452
6200239670,9439
6200239730,9483
6200239720,9514
6200239710,57713
6200239705,9438
6200239770,9521
6200239760,9503
6200239750,9500
6200239740,9497
6200239805,57709
6200239800,57706
6200239790,57701
6200239780,57707
6200239550,9398
6200239540,9314
6200239530,55988
6200239520,55990
6200239585,57712
6200239580,9476
6200239570,9444
6200239560,9442
6200239620,57726
6200239610,57734
6200239600,57735
6200239590,57737
6200239660,9441
6200239650,9465
6200239640,9558
6200239630,57731
6200239970,9560
6200239960,9557
6200239950,9557
6200239940,9453
6200239984,9484
6200239983,9453
6200239982,9560
6200239980,9560
6200239995,9421
6200239990,9421
6200239986,57699
6200239985,57700
6200240030,9526
6200240020,9517
6200240010,9493
6200240000,9421
6200239830,9449
6200239820,57707
6200239815,57697
6200239810,57705
6200239840,9481
6200239838,57697
6200239836,57697
6200239835,9565
6200239880,9448
6200239870,9557
6200239860,9453
6200239850,9479
6200239930,9525
6200239920,9479
6200239910,9565
6200239890,9448
6200241170,9703
6200241160,9723
6200241150,9822
6200240390,9034
6200241210,10137
6200241200,9710
6200241190,9823
6200241180,9727
6200241250,9724
6200241240,9703
6200241230,9759
6200241220,10121
6200241290,10175
6200241280,9713
6200241270,9705
6200241260,9703
6200240070,9495
6200240060,9616
6200240050,9520
6200240040,9559
6200240110,9581
6200240100,9580
6200240090,9432
6200240080,9546
6200240130,9594
6200240125,9685
6200240120,9591
6200240115,9617
6200240380,8925
6200240370,8924
6200240150,9578
6200240140,9684
6200248420,8625
6200248410,8713
6200248405,8706
6200248400,8716
6200248450,57555
6200248440,57559
6200248433,10106
6200248430,8622
6200248480,8621
6200248476,8634
6200248470,8630
6200248460,8646
6200248515,8634
6200248510,8634
6200248500,8634
6200248490,8620
6200248310,57567
6200248300,57575
6200248290,57576
6200248280,57577
6200248340,97001
6200248330,97001
6200248320,57570
6200248315,57570
6200248380,97001
6200248370,97001
6200248360,97001
6200248350,97001
6200248393,8710
6200248392,8710
6200248391,8710
6200248390,8717
6200248695,57691
6200248693,9079
6200248690,9097
6200248680,8794
6200248720,57660
6200248710,57661
6200248700,57672
6200248697,57654
6200248740,8810
6200248737,9096
6200248735,8755
6200248730,8756
6200248770,9096
6200248760,8755
6200248750,8750
6200248745,8752
6200248540,8634
6200248530,8634
6200248525,8634
6200248520,8634
6200248580,8619
6200248570,8651
6200248560,8634
6200248550,8634
6200248630,8829
6200248620,8770
6200248610,8808
6200248590,8617
6200248670,9097
6200248660,8771
6200248650,8771
6200248640,8827
6200248937,8398
6200248935,8398
6200248930,8803
6200248920,8803
6200248955,8400
6200248950,8435
6200248945,8539
6200248940,8435
6200248990,8455
6200248980,8883
6200248970,8392
6200248960,8407
6200249030,8398
6200249020,8515
6200249010,8419
6200249000,8408
6200248810,8741
6200248800,8750
6200248790,8751
6200248780,8754
6200248840,8400
6200248835,8400
6200248830,8400
6200248820,8750
6200248875,57807
6200248870,57787
6200248860,57782
6200248850,57798
6200248910,8738
6200248900,8739
6200248890,57791
6200248880,57785
6200249220,8597
6200249210,8599
6200249200,8606
6200249195,8730
6200249260,8268
6200249250,8601
6200249240,8593
6200249230,8596
6200249300,8265
6200249295,8266
6200249280,8269
6200249270,8268
6200249340,8259
6200249330,8260
6200249320,8260
6200249310,8266
6200249070,8520
6200249060,8401
6200249050,8391
6200249040,8392
6200249110,8764
6200249100,9121
6200249090,8323
6200249080,8776
6200249150,57793
6200249140,8728
6200249130,8729
6200249120,8763
6200249190,8729
6200249180,8744
6200249170,57788
6200249160,57803
6200247400,8384
6200247390,8384
6200247380,8534
6200247370,8444
6200247440,8384
6200247430,8384
6200247420,8384
6200247410,8384
6200247520,8070
6200247510,8070
6200247480,8559
6200247450,8384
6200247545,8013
6200247540,8073
6200247530,8073
6200247525,8070
6200247250,9266
6200247240,9266
6200247235,8585
6200247230,8565
6200247285,8453
6200247280,8490
6200247270,8940
6200247260,8940
6200247320,8363
6200247310,8332
6200247300,8366
6200247290,8452
6200247360,8444
6200247350,8485
6200247340,8513
6200247330,8384
6200247619,90134
6200247617,90134
6200247615,90134
6200247613,90134
6200247627,90134
6200247625,90134
6200247622,90134
6200247620,8295
6200247633,90134
6200247631,90134
6200247630,8081
6200247629,90134
6200247640,8080
6200247639,90134
6200247637,90134
6200247635,90134
6200247570,8545
6200247560,8351
6200247555,8073
6200247550,8073
6200247600,90140
6200247590,90147
6200247580,8526
6200247575,8550
6200247604,90147
6200247603,90134
6200247602,95001
6200247601,90134
6200247610,90134
6200247607,90134
6200247606,95001
6200247605,90134
6200247785,8101
6200247780,8121
6200247770,8111
6200247760,8105
6200247792,8109
6200247791,8102
6200247790,8099
6200247787,8118
6200247950,8967
6200247940,8994
6200247930,8996
6200247795,8109
6200247990,57606
6200247980,8874
6200247970,57615
6200247960,8840
6200247660,8024
6200247655,8043
6200247652,8043
6200247650,8043
6200247700,8062
6200247670,8088
6200247665,8043
6200247662,8077
6200247717,90134
6200247715,90134
6200247712,90134
6200247710,8063
6200247750,8097
6200247740,8093
6200247720,8063
6200247719,90134
6200248190,57579
6200248180,57583
6200248170,57592
6200248160,57602
6200248220,8785
6200248215,8768
6200248210,8768
6200248200,57578
6200248254,9116
6200248250,8757
6200248240,8758
6200248230,9127
6200248270,9118
6200248260,8780
6200248257,8810
6200248255,9096
6200248030,8875
6200248020,8825
6200248010,8876
6200248000,8831
6200248070,57586
6200248060,8875
6200248050,8875
6200248040,8875
6200248110,57590
6200248100,57594
6200248090,57598
6200248080,57586
6200248150,57586
6200248140,8880
6200248130,57586
6200248120,57586
6200246180,8462
6200246170,8462
6200246160,8462
6200246150,8462
6200246200,8462
6200246190,8462
6200246187,8462
6200246185,8462
6200246240,9141
6200246230,9199
6200246220,9168
6200246210,8462
6200246280,9266
6200246270,9266
6200246260,9137
6200246250,9140
6200246000,9164
6200245990,9164
6200245980,9164
6200245970,9163
6200246070,9172
6200246060,9174
6200246020,9164
6200246010,9164
6200246100,8462
6200246095,8462
6200246090,8462
6200246080,9188
6200246140,8462
6200246130,8462
6200246120,8462
6200246110,8462
6200246540,8231
6200246520,8242
6200246480,8231
6200246470,8231
6200246580,8218
6200246570,8231
6200246560,8231
6200246550,8231
6200246610,8207
6200246600,8213
6200246595,8226
6200246590,8206
6200246640,8201
6200246630,8203
6200246620,8210
6200246615,8176
6200246320,8535
6200246310,8461
6200246300,8487
6200246290,8585
6200246360,8584
6200246350,8484
6200246340,8534
6200246330,8460
6200246420,8233
6200246400,8579
6200246390,8567
6200246370,8562
6200246460,8574
6200246450,8574
6200246440,8575
6200246430,8153
6200246850,57620
6200246845,57610
6200246840,57624
6200246830,57645
6200246880,9040
6200246870,9042
6200246860,57621
6200246855,57611
6200246910,8951
6200246900,8953
6200246890,8953
6200246885,8953
6200246930,8972
6200246925,8972
6200246920,8951
6200246915,8951
6200246690,8231
6200246680,8231
6200246660,8164
6200246650,8151
6200246750,9579
6200246740,9626
6200246710,8231
6200246700,8231
6200246780,9686
6200246775,9685
6200246770,8975
6200246760,9686
6200246820,9073
6200246810,9063
6200246800,9063
6200246790,9083
6200247100,8883
6200247090,8884
6200247080,8774
6200247070,8773
6200247140,8454
6200247130,8463
6200247120,8464
6200247110,8930
6200247180,8503
6200247170,8500
6200247160,8499
6200247150,8495
6200247220,8511
6200247210,8511
6200247200,8511
6200247190,8504
6200246955,8966
6200246950,8948
6200246940,8949
6200246935,8972
6200246980,8882
6200246975,8882
6200246970,8919
6200246960,8965
6200247020,57667
6200247010,57655
6200247000,8933
6200246990,9100
6200247060,8913
6200247050,8885
6200247040,8936
6200247030,8933
6200245110,9262
6200245100,9262
6200245090,9232
6200245081,9242
6200245140,9227
6200245130,9227
6200245120,9227
6200245115,9227
6200245180,9028
6200245170,9030
6200245160,9039
6200245150,9657
6200245210,9110
6200245200,9036
6200245195,9026
6200245190,9027
6200244990,9247
6200244980,9245
6200244970,9150
6200244960,9208
6200245030,9227
6200245020,9227
6200245010,9260
6200245000,9265
6200245045,9227
6200245043,9227
6200245041,9227
6200245040,9227
6200245080,9242
6200245070,9227
6200245060,9227
6200245047,9227
6200245360,9164
6200245350,9164
6200245345,9164
6200245340,9227
6200245430,9164
6200245420,9164
6200245370,9164
6200245365,9164
6200245450,9159
6200245440,9167
6200245438,9180
6200245435,9164
6200245490,9152
6200245480,9138
6200245470,9142
6200245460,9143
6200245240,9136
6200245235,9021
6200245230,8962
6200245220,9053
6200245270,57521
6200245265,57512
6200245260,57511
6200245250,8960
6200245300,57518
6200245290,57515
6200245280,57525
6200245275,57525
6200245330,9227
6200245320,9227
6200245315,9227
6200245310,9227
6200245630,8942
6200245620,8942
6200245615,9070
6200245613,9069
6200245660,8899
6200245655,8903
6200245650,8922
6200245640,9087
6200245690,8881
6200245685,9100
6200245680,8898
6200245670,8921
6200245720,8910
6200245710,8937
6200245705,8881
6200245700,9099
6200245520,8895
6200245510,8941
6200245500,8929
6200245496,57526
6200245550,8924
6200245540,9022
6200245530,9023
6200245525,8890
6200245590,8902
6200245580,8903
6200245570,8942
6200245560,57510
6200245611,9002
6200245610,8951
6200245605,9020
6200245600,9108
6200245880,9164
6200245870,9164
6200245860,9164
6200245850,9158
6200245890,9164
6200245887,9164
6200245886,9164
6200245883,9164
6200245910,9164
6200245900,9164
6200245897,9164
6200245893,9164
6200245960,9165
6200245950,9157
6200245930,9164
6200245920,9164
6200245745,8934
6200245740,8907
6200245735,8893
6200245730,8909
6200245780,9199
6200245770,8934
6200245760,8889
6200245750,9199
6200245810,9199
6200245800,8889
6200245795,9148
6200245790,9148
6200245840,8941
6200245835,8941
6200245830,9173
6200245820,9146
61808,15317
6180799,15091
6180798,15113
6180797,15097
6180803,15100
6180802,15091
6180801,15091
6180800,15091
6180807,16276
6180806,56862
6180805,15166
6180804,15095
6180810,16264
618081,15117
6180809,16252
6180808,16252
6180785,14919
6180784,14919
6180783,14932
6180781,15978
6180789,14919
6180788,14919
6180787,14919
6180786,14919
6180792,14920
6180791,14919
6180790,14919
618079,15037
6180796,15113
6180795,15101
6180794,15101
6180793,15028
618083,15117
6180829,15168
6180828,15207
6180827,15230
6180833,14932
6180832,16253
6180831,14598
6180830,15168
6180838,15216
6180837,14609
6180836,14615
6180835,14616
6180841,15328
6180840,14661
618084,15117
6180839,15985
6180814,14772
6180813,14772
6180812,16254
6180811,16283
6180818,14755
6180817,15097
6180816,14877
6180815,14933
6180822,15531
6180821,15886
6180820,15867
6180819,14729
6180826,15200
6180825,15200
6180824,16065
6180823,15084
6180861,15506
6180860,15508
618086,14987
6180859,16066
6180865,15536
6180864,14819
6180863,14701
6180862,14701
6180869,15530
6180868,15530
6180867,15531
6180866,15531
6180872,15080
6180871,15080
6180870,15530
618087,14987
6180845,16054
6180844,16081
6180843,16069
6180842,15328
6180849,15101
6180848,15339
6180847,15339
6180846,14756
6180852,14564
6180851,15013
6180850,15133
618085,15006
6180858,14535
6180857,14535
6180856,14545
6180855,14544
6180890,14819
618089,14988
6180889,15070
6180888,14962
6180894,15784
6180893,15777
6180892,15929
6180891,15069
6180899,14547
6180898,14547
6180897,14560
6180895,15815
6180901,14546
6180900,14546
618090,14988
61809,15276
6180876,15080
6180875,15080
6180874,15080
6180873,15080
618088,14988
6180879,15080
6180878,15080
6180877,15079
6180883,15169
6180882,15176
6180881,15174
6180880,15180
6180887,14856
6180886,15172
6180885,15175
6180884,15186
618067,15021
6180669,14536
6180668,14536
6180667,14533
6180674,14660
6180673,14660
6180672,14549
6180671,14569
6180678,14669
6180677,14669
6180676,14669
6180675,14669
6180681,14661
6180680,14665
618068,15018
6180679,14661
6180654,14688
6180653,14688
6180652,14688
6180650,14688
6180659,15409
6180658,15387
6180657,15387
6180655,14688
6180662,15382
6180661,15382
6180660,15382
618066,15021
6180666,14532
6180665,14531
6180664,14529
6180663,15382
61807,15317
6180699,14651
6180698,14652
6180697,14652
6180702,14657
6180701,14657
6180700,14651
618070,15156
6180706,15344
6180705,15370
6180704,14656
6180703,14656
618071,15001
6180709,15345
6180708,15345
6180707,15344
6180685,14662
6180684,14661
6180683,14661
6180682,14661
6180689,14654
6180688,14654
6180687,14667
6180686,14662
6180692,14661
6180691,14670
6180690,14670
618069,15157
6180696,14653
6180695,14653
6180694,14667
6180693,14667
6180729,15606
6180728,14602
6180727,14914
6180726,15375
6180733,16204
6180732,15201
6180730,15215
618073,14904
618074,14904
6180738,14908
6180735,15485
6180734,15485
6180744,14535
6180743,14564
6180742,15056
6180741,15056
6180713,15342
6180712,15342
6180711,15345
6180710,15345
6180717,15367
6180716,15339
6180715,15342
6180714,15342
6180721,15353
618072,15002
6180719,15358
6180718,15351
6180725,15347
6180724,15347
6180723,15363
6180722,15353
618077,15119
6180769,15030
6180768,16023
6180767,14598
6180773,15117
6180772,15030
6180771,15030
6180770,15046
6180777,14882
6180776,14714
6180775,15042
6180774,14983
6180780,15978
618078,14907
6180779,15090
6180778,14845
6180749,16258
6180748,15249
6180747,16079
6180746,14854
6180758,16133
6180757,14983
6180752,15101
618075,14905
6180761,16258
6180760,15444
618076,15119
6180759,16132
6180766,14661
6180765,15382
6180764,16007
6180763,16011
6180545,16031
6180544,16007
6180543,16007
6180542,16023
6180550,16011
618055,15605
6180549,16011
6180548,16011
6180554,15997
6180553,15997
6180552,16031
6180551,16031
6180558,16199
6180557,16007
6180556,15997
6180555,15997
6180530,16070
618053,15607
6180529,16070
6180528,16080
6180534,16078
6180533,16106
6180532,16106
6180531,16105
6180538,16027
6180537,16027
6180536,16089
6180535,16089
6180541,16023
6180540,16030
618054,15605
6180539,16021
618058,15653
6180579,16162
6180577,16162
6180574,16165
6180583,16169
6180582,16207
6180581,16207
6180580,16162
6180587,16185
6180586,16186
6180585,16186
6180584,16169
6180590,16189
618059,15653
6180589,16184
6180588,16185
6180561,16190
6180560,16203
618056,15608
6180559,16198
6180566,16160
6180565,16210
6180564,16210
6180562,16190
618057,15610
6180569,16162
6180568,16162
6180567,16160
6180573,16169
6180572,16165
6180571,16164
6180570,16164
6180608,15805
6180607,15806
6180606,15806
6180605,16060
6180611,15807
6180610,15806
618061,15254
6180609,15805
6180615,16096
6180614,16096
6180613,16098
6180612,16098
6180619,16111
6180618,16110
6180617,16103
6180616,16059
6180594,15981
6180593,15981
6180592,16189
6180591,16187
6180598,16056
6180597,15742
6180596,15975
6180595,15975
6180600,16111
618060,15270
61806,15306
6180599,16054
6180604,16060
6180603,16103
6180602,16103
6180601,16111
6180637,14684
6180636,14684
6180635,14688
6180634,14688
6180641,14685
6180640,14685
6180639,14684
6180638,14684
6180646,14686
6180645,14686
6180643,14686
6180642,14686
618065,15167
6180649,14688
6180648,14688
6180647,14686
6180622,15770
6180621,16098
6180620,16059
618062,15244
6180626,15775
6180625,15768
6180624,15775
6180623,15770
618063,15244
6180629,15759
6180628,15760
6180627,15760
6180633,14694
6180632,14694
6180631,15411
6180630,15759
6180413,15091
6180411,15113
6180410,14983
618041,15166
6180419,15126
6180418,15126
6180417,14873
6180416,14839
6180422,15532
6180421,15532
6180420,15078
618042,15175
6180427,16133
6180425,15565
6180424,15078
6180423,15505
6180396,14988
6180395,15168
6180394,14988
6180393,15019
618040,14616
6180399,14987
6180398,14988
6180397,14988
6180404,14906
6180402,15006
6180401,15006
6180400,14987
6180408,14983
6180407,14983
6180406,14907
6180405,14907
6180446,15448
6180445,15454
6180444,15418
6180443,15418
618045,15162
6180449,15423
6180448,15444
6180447,15447
6180453,15842
6180452,15842
6180451,15821
6180450,15431
6180457,15867
6180456,15886
6180455,15832
6180454,15832
6180430,15587
618043,15172
6180429,15929
6180428,16132
6180434,15102
6180433,14757
6180432,15549
6180431,15549
6180438,14988
6180437,14612
6180436,14987
6180435,14876
6180442,15443
6180441,15442
6180440,15463
618044,15172
618048,15163
6180479,16256
6180478,16261
6180474,16268
6180483,16282
6180482,16259
6180481,16258
6180480,16258
618049,15173
6180489,16216
6180485,16280
6180484,16280
6180493,16072
6180492,16092
6180491,16218
6180490,16216
6180460,15889
618046,15162
6180459,15889
6180458,15866
6180464,15876
6180463,15854
6180462,15854
6180461,15859
618047,15163
6180469,16252
6180468,16119
6180465,15876
6180473,16253
6180472,16254
6180471,16276
6180470,16252
6180516,16074
6180511,16070
6180510,16070
618051,15180
618052,15607
6180519,16074
6180518,16074
6180517,16074
6180523,16082
6180522,16082
6180521,16090
6180520,16074
6180527,16080
6180526,16016
6180525,16061
6180524,16061
6180497,16091
6180496,16091
6180495,16072
6180494,16072
618050,15173
61805,15306
6180499,16064
6180498,16066
6180503,16065
6180502,16064
6180501,16065
6180500,16064
6180508,16071
6180507,16066
6180505,16065
6180504,16065
6190291,16959
6190290,16958
6190289,16917
6190288,16921
6190295,16964
6190294,16964
6190293,16960
6190292,16952
6190299,16964
6190298,16964
6190297,16964
6190296,16964
6190302,16921
6190301,16964
6190300,16959
61903,16586
6190275,16677
6190273,16727
6190272,16759
6190271,16726
619028,16801
6190279,17276
6190278,16911
6190276,16680
6190283,17284
6190282,17284
6190281,17275
6190280,17275
6190287,16922
6190286,16914
6190285,17353
6190284,17353
6190331,16949
6190330,16949
619033,16672
6190329,16949
6190335,17019
6190334,17019
6190333,16949
6190332,16949
6190339,16943
6190338,16942
6190337,17009
6190336,17011
6190342,17016
6190341,16967
6190340,16948
619034,16779
6190306,16965
6190305,16954
6190304,16953
6190303,16958
619031,16688
6190309,16944
6190308,16947
6190307,16936
6190315,16946
6190313,16950
6190312,16946
6190311,16946
6190328,16943
6190327,16941
6190326,16941
619032,16672
6190366,17159
6190365,17378
6190364,17376
6190363,17380
6190371,16510
6190370,16530
6190369,16530
6190367,16596
6190375,16484
6190374,16495
6190373,16498
6190372,16508
6190379,16403
6190378,16403
6190377,16405
6190376,16404
6190346,16974
6190345,17012
6190344,17019
6190343,17018
6190355,17000
619035,16765
6190348,16999
6190347,17004
6190359,17437
6190358,17414
6190357,16961
6190356,17000
6190362,17380
6190361,17417
6190360,17440
619036,16780
619040,16626
61904,16593
6190397,17777
6190396,17747
6190406,17780
6190405,17780
6190403,17779
6190402,17779
619041,16626
6190409,17751
6190408,17752
6190407,17780
6190413,17643
6190412,17779
6190411,17779
6190410,17751
6190382,16355
6190381,16510
6190380,16408
619038,16763
6190387,16306
6190386,16313
6190384,16332
6190383,16355
6190391,17748
6190390,17747
6190389,16292
6190388,16292
6190395,17768
6190394,17750
6190393,17751
6190392,17752
6190169,17152
6190168,17154
6190167,17216
6190166,17153
6190172,17147
6190171,17147
6190170,17149
619017,16645
6190176,16843
6190175,17145
6190174,17197
6190173,17197
619018,16646
6190179,17145
6190178,17145
6190177,16843
6190153,16741
6190151,16826
6190150,16826
619015,16627
6190158,16832
6190157,16834
6190156,16796
6190155,16798
6190161,17147
6190160,17196
619016,16642
6190159,17141
6190165,17152
6190164,17150
6190163,17151
6190162,17148
6190199,16800
6190198,16816
6190197,16835
6190196,16844
6190201,56845
6190200,17397
619020,16887
61902,16587
6190205,17238
6190204,17238
6190203,17387
6190202,17382
6190209,17352
6190208,17246
6190207,17256
6190206,17250
6190183,16816
6190182,16828
6190181,16843
6190180,17145
6190187,16837
6190186,16836
6190185,16846
6190184,16844
6190191,16840
619019,16649
6190189,16836
6190188,16837
6190195,16859
6190194,16855
6190193,16863
6190192,16847
6190227,16848
6190226,16853
6190225,16825
6190224,16889
6190231,16879
619023,16703
6190229,16864
6190228,16848
6190235,16865
6190234,16811
6190233,16862
6190232,16879
619024,16752
6190239,16824
6190237,16794
6190236,16794
6190212,17246
6190211,17246
6190210,17246
619021,16866
6190216,17352
6190215,17282
6190214,17282
6190213,17246
619022,16700
6190219,17243
6190218,17244
6190217,17351
6190223,16895
6190222,16898
6190221,17248
6190220,17243
6190258,17255
6190257,17249
6190256,17245
6190255,17243
6190262,17242
6190261,17243
6190260,17243
6190259,17244
6190267,17180
6190266,17187
6190265,17187
6190263,16898
6190270,16727
619027,16679
6190269,17188
6190268,17180
6190243,16849
6190242,16820
6190241,16820
6190240,16824
6190247,16825
6190246,16825
6190245,16852
6190244,16858
6190250,16896
619025,16675
6190249,16894
6190248,16894
6190254,17243
6190253,17281
6190252,17281
6190251,16899
61901034,16563
61901033,16517
61901032,16517
61901031,16451
61901038,17829
61901037,17099
61901036,17099
61901035,16563
61901041,16623
61901040,17606
6190104,16781
61901039,17606
61901045,17004
61901044,16777
61901043,16777
61901042,16781
6190102,17121
61901019,16369
61901018,17814
61901017,17814
61901023,16452
61901022,16452
61901021,16303
61901020,16303
61901027,16308
61901026,16308
61901025,16305
61901024,16305
61901030,16451
6190103,16781
61901029,16373
61901028,16373
61901065,16300
61901064,16300
61901063,16369
61901062,16369
61901069,16615
61901068,16468
61901067,16304
61901066,16304
61901072,17466
61901071,17466
61901070,17466
6190107,16688
61901076,17641
61901075,17121
61901074,17137
61901073,17466
61901049,17778
61901048,17778
61901047,16369
61901046,17111
61901052,16304
61901051,16369
61901050,16369
6190105,16768
61901056,16302
61901055,16303
61901054,16303
61901053,16304
6190106,16768
61901059,16369
61901058,16369
61901057,16302
61901097,16801
61901096,16584
61901095,16584
61901092,16977
6190110,16781
619011,16640
61901099,16678
61901098,16788
6190111,16781
61901102,16546
61901101,16675
61901100,16760
6190119,16763
6190118,16870
6190117,17121
6190116,17121
6190108,16768
61901079,17642
61901078,17642
61901077,17641
61901083,17106
61901082,17106
61901081,16566
61901080,16781
61901088,16410
61901087,16422
61901086,17809
61901085,17805
61901091,16977
61901090,17376
6190109,16781
61901089,17379
6190137,17150
6190136,17148
6190135,17196
6190134,17196
6190140,17137
619014,16627
6190139,17153
6190138,17153
6190145,17145
6190144,17144
6190143,17146
6190141,17137
6190149,16860
6190148,16828
6190147,17140
6190146,17142
6190122,16694
6190121,16868
6190120,16780
619012,16616
6190126,16767
6190125,16769
6190124,16770
6190123,16693
619013,16617
6190129,16778
6190128,16767
6190127,17121
6190133,17122
6190132,17122
6190131,17122
6190130,16778
618092,15007
6180919,16019
6180918,16016
6180917,16016
6180923,16030
6180922,16025
6180921,16025
6180920,16019
6180927,16029
6180926,16030
6180925,16030
6180924,16030
6180930,16030
618093,15022
6180929,16030
6180928,16029
6180905,14536
6180904,14536
6180903,14536
6180902,14536
6180909,15387
6180908,15382
6180907,15988
6180906,14529
6180912,15997
6180911,15025
6180910,15117
618091,15038
6180916,16079
6180915,16079
6180914,15997
6180913,15997
6180949,15248
6180948,15248
6180947,15248
6180946,15248
6180952,15249
6180951,15249
6180950,15248
618095,14981
6180956,15273
6180955,15273
6180954,15273
6180953,15264
618096,14981
6180959,15264
6180958,15273
6180957,15273
6180934,16030
6180933,16030
6180932,16021
6180931,16021
6180938,15270
6180937,15264
6180936,16025
6180935,16025
6180941,15097
6180940,15113
618094,15004
6180939,15113
6180945,15248
6180944,15337
6180943,15101
6180942,15102
6180978,15254
6180977,15254
6180976,15254
6180975,15273
6180981,15277
6180980,15276
618098,14958
6180979,15254
6180985,15280
6180984,15291
6180983,15291
6180982,15277
6180989,15280
6180988,15280
6180987,15260
6180986,15260
6180963,15263
6180962,15263
6180961,15263
6180960,15264
6180967,15253
6180966,15264
6180965,15264
6180964,15263
6180970,15247
618097,14980
6180969,15263
6180968,15263
6180974,15273
6180973,15263
6180972,15263
6180971,15247
61901005,17819
61901004,17819
61901003,17638
61901002,17638
61901009,17833
61901008,17833
61901007,17719
61901006,17719
61901012,17822
61901011,17839
61901010,17839
6190101,17121
61901016,17742
61901015,17799
61901014,17799
61901013,17822
6180992,15247
6180991,15280
6180990,15280
618099,14958
6180996,14548
6180995,15280
6180994,15255
6180993,15247
61901,16587
6180999,15688
6180998,15609
6180997,15659
61901001,17679
61901000,17679
6190100,17105
619010,16569
6190812,16945
6190811,16999
6190810,16999
619081,16628
6190816,17004
6190815,17004
6190814,17004
6190813,17004
619082,16625
6190819,17004
6190818,17004
6190817,17004
6190823,16566
6190822,16636
6190821,16636
6190820,17004
6190799,16592
6190798,17149
6190797,16952
6190796,17243
6190801,17094
6190800,16592
619080,16628
61908,16640
6190805,17196
6190804,17121
6190803,17121
6190802,16505
6190809,17002
6190808,17324
6190807,17240
6190806,17240
6190841,16444
6190840,16762
619084,17087
6190839,17145
6190845,17217
6190844,16608
6190843,16607
6190842,16609
6190849,17222
6190848,16620
6190847,16619
6190846,17216
6190852,16423
6190851,16425
6190850,16397
619085,17085
6190827,16566
6190826,16566
6190825,16566
6190824,16566
6190830,16566
619083,16870
6190829,16566
6190828,16566
6190834,16567
6190833,16567
6190832,16643
6190831,16643
6190838,17145
6190837,17197
6190836,16643
6190835,16643
6190871,16621
6190870,16615
619087,16870
6190869,17140
6190875,16575
6190874,16614
6190873,16313
6190872,17754
6190879,16614
6190878,17827
6190877,16577
6190876,16575
6190882,16413
6190881,16413
6190880,16539
619088,16772
6190857,17828
6190855,17120
6190854,16595
6190853,16621
6190860,16619
619086,16630
6190859,17829
6190858,16778
6190864,16632
6190863,16630
6190862,16630
6190861,16619
6190868,16860
6190867,17466
6190866,17466
6190865,16630
619090,16633
61909,16634
6190899,16588
6190898,16357
6190903,17759
6190902,16594
6190901,16594
6190900,16594
6190907,17121
6190906,16850
6190905,16942
6190904,17009
6190910,16906
619091,17088
6190909,16902
6190908,16719
6190886,16870
6190885,16774
6190884,16763
6190883,16870
619089,17078
6190889,17242
6190888,16619
6190887,17093
6190893,17242
6190892,17244
6190891,17243
6190890,17243
6190897,16357
6190896,17784
6190895,17748
6190894,17242
6190675,17244
6190674,17749
6190673,16864
6190672,17121
6190679,17197
6190678,17244
6190677,16864
6190676,17106
6190695,16897
6190694,16781
619069,16630
619068,16630
6190699,17282
6190698,17282
6190697,17282
6190696,17784
6190660,17437
619066,16652
6190659,16949
6190658,16949
6190664,17779
6190663,17779
6190662,17747
6190661,17768
6190668,17458
6190667,16505
6190666,16325
6190665,16338
6190671,16652
6190670,16867
619067,16620
6190669,17096
6190720,17121
619072,16609
6190719,17121
6190716,16944
6190724,17262
6190723,17261
6190722,17121
6190721,16763
6190728,17752
6190727,16910
6190726,16910
6190725,17000
6190731,16322
6190730,16439
619073,16633
6190729,16322
6190703,17282
6190700,17282
619070,16629
61907,16636
6190708,17388
6190707,16856
6190705,16856
6190704,17282
6190711,16443
6190710,16352
619071,16633
6190709,16352
6190715,16625
6190714,17524
6190713,17071
6190712,16675
6190751,17153
6190750,17150
619075,16623
6190749,17148
6190755,16949
6190754,16800
6190753,17146
6190752,16655
6190759,17000
6190758,17685
6190757,16318
6190756,16719
6190762,17000
6190761,17000
6190760,17000
619076,16588
6190737,16569
6190736,16964
6190735,16949
6190734,17714
6190740,16471
619074,16633
6190739,16870
6190738,16746
6190744,17808
6190743,16586
6190742,16586
6190741,17751
6190748,16676
6190747,16472
6190746,16369
6190745,17010
6190784,17181
6190783,16429
6190782,16433
6190780,16327
6190788,17173
6190787,16588
6190786,16633
6190785,16864
6190791,17686
6190790,16633
619079,16623
6190789,17173
6190795,16775
6190794,16946
6190793,16946
6190792,17068
6190766,17061
6190765,17060
6190764,17003
6190763,17003
619077,16588
6190769,17692
6190768,16443
6190767,17059
6190774,16864
6190773,16974
6190771,17801
6190770,17692
619078,16594
6190778,16778
6190777,16338
6190775,16486
6190555,16593
6190554,16912
6190553,16864
6190552,16677
6190559,17767
6190558,17753
6190557,17746
6190556,17749
6190562,17010
6190561,17010
6190560,16363
619056,16700
6190566,16964
6190565,16964
6190564,17012
6190563,17010
6190539,17643
6190537,16950
6190536,17121
6190535,16622
6190542,17525
6190541,16665
6190540,17148
619054,16884
6190547,17078
6190546,16720
6190545,17746
6190543,17757
6190550,16349
619055,16651
6190549,16332
6190548,17146
6190586,17748
6190585,17784
6190584,17001
6190583,16363
619059,16648
6190589,17803
6190588,17004
6190587,16622
6190593,16897
6190592,16775
6190591,16433
6190590,17122
6190597,17001
6190596,16653
6190595,16629
6190594,17107
6190570,17276
619057,16882
6190568,16964
6190567,16964
6190575,17152
6190573,16985
6190572,16985
6190571,17154
6190579,17106
6190578,17244
6190577,17244
6190576,16800
6190582,17000
6190581,17003
6190580,16771
619058,16647
6190615,16645
6190614,16586
6190613,16955
6190612,16947
6190619,16779
6190618,16688
6190617,16649
6190616,16646
6190623,16653
6190622,16763
6190620,16765
619062,16757
6190627,16633
6190626,16629
6190625,16620
6190624,16652
6190600,16964
61906,16636
6190599,16964
6190598,17181
6190604,16779
6190603,17481
6190602,17483
6190601,16956
6190608,17751
6190607,17752
6190606,16302
6190605,16779
6190611,17012
6190610,16967
619061,16660
6190609,16780
6190646,16844
6190645,16816
6190644,17122
6190643,16778
619065,16653
6190649,16913
6190648,17244
6190647,16846
6190653,16847
6190652,16853
6190651,16825
6190650,16894
6190657,16946
6190656,17188
6190655,17180
6190654,17180
6190631,16766
6190630,17086
619063,16667
6190628,16609
6190635,16651
6190634,16568
6190633,16968
6190632,16781
6190639,17106
6190638,17106
6190637,17107
6190636,16633
6190642,17121
6190641,16869
6190640,16780
619064,16667
6190432,16468
6190431,16365
6190430,16369
619043,16745
6190437,16480
6190435,16486
6190434,16467
6190433,16467
6190440,16549
619044,16746
6190439,16468
6190438,16468
6190444,17012
6190443,17419
6190442,17419
6190441,16552
6190418,17807
6190417,17685
6190416,17663
6190415,17666
6190421,17710
6190420,17706
619042,16744
6190419,17804
6190425,16302
6190424,16369
6190423,17742
6190422,17827
6190429,16369
6190428,16368
6190427,16368
6190426,16366
6190462,16406
6190461,16422
6190460,16323
619046,16670
6190466,16425
6190465,16423
6190464,16398
6190463,16398
619047,16654
6190469,17060
6190468,16504
6190467,16505
6190473,17460
6190472,17459
6190471,17071
6190470,17061
6190448,17001
6190447,17002
6190446,16999
6190445,16999
6190451,16439
6190450,16924
619045,16748
6190449,16936
6190455,16338
6190454,16349
6190453,16429
6190452,16432
6190459,16321
6190458,16324
6190457,16325
6190456,16325
6190491,17485
6190490,17206
619049,16884
6190489,17206
6190495,17521
6190494,17487
6190493,17483
6190492,17482
6190499,17508
6190498,17599
6190497,17598
6190496,17525
6190501,17506
6190500,17507
619050,16655
61905,16568
6190477,17466
6190476,17466
6190475,17458
6190474,17458
6190480,17463
619048,16654
6190479,17464
6190478,17466
6190484,17214
6190483,17111
6190482,17456
6190481,17456
6190488,17200
6190487,17200
6190486,17171
6190485,17214
619052,16656
6190519,17552
6190518,17560
6190517,17562
6190527,17096
6190525,17495
6190522,17388
6190520,17563
6190530,17780
619053,16655
6190529,17779
6190528,17079
6190534,16652
6190533,16652
6190532,16653
6190531,17779
6190505,17489
6190504,17505
6190503,17502
6190502,17503
6190509,17498
6190508,17495
6190507,17479
6190506,17480
6190512,17481
6190511,17514
6190510,17514
619051,16655
6190516,17556
6190515,17481
6190514,17483
6190513,17515
6200201880,8814
6200201875,57586
6200201870,57588
6200201860,57595
6200201900,8875
6200201895,8875
6200201890,57586
6200201885,8814
6200201930,8875
6200201920,8875
6200201915,8875
6200201910,8875
6200201970,57614
6200201960,8831
6200201950,8826
6200201940,8862
6200201730,8758
6200201720,8757
6200201715,9116
6200201714,9096
6200201780,57580
6200201770,57578
6200201760,8766
6200201740,9127
6200201820,8880
6200201810,57589
6200201800,57591
6200201790,57583
6200201855,57601
6200201850,57586
6200201840,57589
6200201830,57586
6200202200,8063
6200202195,8063
6200202170,8093
6200202160,8097
6200202250,8020
6200202240,8063
6200202215,8062
6200202210,8062
6200202280,8084
6200202270,8080
6200202260,8079
6200202256,8043
6200202305,90146
6200202301,90134
6200202300,90156
6200202290,8293
6200202010,8982
6200202000,8840
6200201990,8819
6200201980,57615
6200202108,8109
6200202105,8108
6200202103,8109
6200202020,8994
6200202120,8101
6200202111,8118
6200202110,8099
6200202109,8102
6200202150,8105
6200202140,8114
6200202135,8108
6200202130,8121
6200202410,8299
6200202405,8299
6200202395,8043
6200202390,8070
6200202460,8384
6200202450,8384
6200202440,8384
6200202420,8559
6200202500,8384
6200202490,8384
6200202480,8384
6200202470,8384
6200202520,8444
6200202510,8504
6200202507,8504
6200202505,8504
6200202309,90147
6200202308,95001
6200202307,90134
6200202306,95001
6200202340,8070
6200202330,8351
6200202320,8301
6200202310,8294
6200202365,8070
6200202360,8073
6200202350,8073
6200202345,8013
6200202385,8299
6200202380,8299
6200202375,8017
6200202370,8070
6200202700,8502
6200202690,8511
6200202680,8511
6200202675,8511
6200202740,8481
6200202730,8496
6200202720,8500
6200202710,8492
6200202790,8775
6200202770,8883
6200202760,8516
6200202750,8463
6200202820,8905
6200202810,8885
6200202805,8904
6200202800,8913
6200202560,8446
6200202550,8510
6200202540,8512
6200202530,8444
6200202600,8453
6200202590,8377
6200202580,8365
6200202570,8363
6200202650,9266
6200202630,8940
6200202620,8490
6200202610,8491
6200202670,8565
6200202660,8585
6200202655,8585
6200202654,8043
6200200755,8628
6200200750,8604
6200200740,8602
6200200730,8600
6200200790,8657
6200200780,8599
6200200770,8597
6200200760,8594
6200200820,57788
6200200810,8744
6200200805,8730
6200200800,8729
6200200850,8744
6200200845,8728
6200200840,57793
6200200830,57788
6200200620,8793
6200200610,8776
6200200600,8793
6200200596,57792
6200200660,8259
6200200650,8261
6200200640,57785
6200200630,57792
6200200680,8274
6200200670,8260
62002006629,8270
6200200662,8270
6200200720,8265
6200200710,8264
6200200700,8266
6200200690,8266
6200201042,8398
6200201040,8398
6200201030,8540
6200201015,8400
6200201080,8736
6200201070,8806
6200201050,8803
6200201045,8398
6200201120,57782
6200201110,57787
6200201100,57792
6200201090,8738
6200201145,8400
6200201143,8400
6200201140,8400
6200201130,57798
6200200890,8380
6200200880,8322
6200200870,8764
6200200860,8763
6200200930,8391
6200200920,8401
6200200910,8409
6200200900,8531
6200200970,8408
6200200960,8514
6200200950,8398
6200200940,8413
6200201010,8407
6200201000,8883
6200200990,8932
6200200980,8408
6200201310,9097
6200201308,57628
6200201305,57691
6200201303,57654
6200201350,8828
6200201340,8771
6200201330,9097
6200201320,8782
6200201390,8629
6200201380,8798
6200201370,8770
6200201360,8829
6200201430,8634
6200201420,8634
6200201410,8619
6200201400,8633
6200201180,8743
6200201170,8742
6200201160,8751
6200201150,8400
6200201220,8755
6200201210,8807
6200201200,8751
6200201190,8750
6200201260,8755
6200201250,9096
6200201240,8752
6200201230,8750
6200201300,57672
6200201290,57670
6200201280,57660
6200201270,57657
6200201610,97001
6200201600,97001
6200201590,97001
6200201580,97001
6200201650,57574
6200201640,57570
6200201630,57570
6200201620,97001
6200201680,57577
6200201670,57576
6200201665,8634
6200201660,57575
6200201713,8807
6200201710,9095
6200201700,9117
6200201690,57577
6200201455,8634
6200201453,8634
6200201450,8634
6200201440,8634
6200201500,57555
6200201490,57560
6200201480,8631
6200201460,8634
6200201530,8623
6200201520,8620
6200201515,57571
6200201510,57561
6200201570,8717
6200201560,8706
6200201550,8713
6200201540,8632
6200200100,8252
6200200090,8252
6200200085,8254
6200200080,8288
6200200140,8245
6200200130,8019
6200200120,8018
6200200110,8010
6200200160,8257
6200200150,8255
6200200145,8254
6200200143,8247
6200200200,8272
6200200190,8273
6200200180,8258
6200200170,8258
6200100026,9789
6200100025,57735
6200100024,57735
6200100023,9703
6200100030,8493
6200100029,57737
6200100028,9829
6200100027,9829
6200200030,8252
6200200020,8252
6200200010,8252
6200200000,8252
6200200070,8248
6200200060,8288
6200200050,8288
6200200035,8252
6200200345,8344
6200200340,8320
6200200330,8553
6200200320,8308
6200200375,57758
6200200370,8426
6200200360,8426
6200200350,57758
6200200410,57758
6200200400,57758
6200200390,57758
6200200380,57758
6200200418,57744
6200200416,57767
6200200415,57744
6200200412,57763
6200200240,8259
6200200220,8259
6200200210,8259
6200200203,8259
6200200258,8259
6200200255,8259
6200200250,8259
6200200245,8259
6200200275,8259
6200200274,8259
6200200270,8259
6200200260,8259
6200200300,8251
6200200290,8016
6200200280,8259
6200200276,8259
6200200490,57747
6200200488,57750
6200200487,57779
6200200486,57773
6200200500,57746
6200200495,57767
6200200493,57767
6200200491,57761
6200200520,8393
6200200515,57744
6200200510,57751
6200200505,57746
6200200529,8339
6200200527,8404
6200200525,8404
6200200522,8403
6200200460,57767
6200200450,57767
6200200440,57767
6200200420,57764
6200200465,8303
6200200464,57767
6200200463,57767
6200200462,57767
6200200481,57773
6200200480,57775
6200200470,57775
6200200466,57765
6200200485,57773
6200200484,57773
6200200483,57773
6200200482,57773
6200200578,8648
6200200577,8605
6200200575,8649
6200200574,8280
6200200582,8597
6200200581,8613
6200200580,8648
6200200579,8648
6200200587,8639
6200200586,8639
6200200585,8648
6200200583,8598
6200200594,8738
6200200592,8738
6200200590,8280
6200200588,8271
6200200533,8320
6200200532,8320
6200200531,8395
6200200530,8405
6200200544,8658
6200200542,8658
6200200540,8279
6200200535,8349
6200200550,8280
6200200548,8278
6200200546,8270
6200200545,57767
6200200572,8271
6200200570,8284
6200200560,8639
6200200555,8271
6190930,16629
619093,17095
6190929,16447
6190928,16447
6190934,17121
6190933,17088
6190932,17088
6190931,16633
6190938,16566
6190937,17076
6190936,17097
6190935,17121
6190941,17067
6190940,17067
619094,17077
6190939,17415
6190914,16719
6190913,17323
6190912,17324
6190911,17323
6190918,17019
6190917,17122
6190916,17196
6190915,17196
6190921,17453
6190920,16825
619092,17088
6190919,16825
6190927,16781
6190926,17482
6190925,17029
6190922,17453
619096,17106
6190959,17780
6190958,17780
6190957,17751
6190963,16964
6190962,17527
6190961,17527
6190960,17171
6190968,17431
6190967,17431
6190966,16566
6190964,17388
6190972,17316
6190971,17318
6190970,17394
6190969,17398
6190945,17748
6190944,17747
6190943,17747
6190942,16808
6190949,17757
6190948,17748
6190947,17748
6190946,17748
6190952,17757
6190951,17757
6190950,17757
619095,17107
6190956,17751
6190955,17733
6190954,17741
6190953,17733
6190991,17627
6190990,17627
619099,17106
6190989,17661
6190995,17653
6190994,17653
6190993,17621
6190992,17621
6190999,17660
6190998,17660
6190997,17723
6190996,17723
6200000006,9691
6200000003,57647
6200000002,9000
6200000001,8814
6190976,16367
6190975,16367
6190974,17706
6190973,16472
6190980,16421
6190979,16421
6190978,16321
6190977,16321
6190984,17146
6190983,17803
6190982,17127
6190981,17136
6190988,17661
6190987,16288
6190986,16288
6190985,17146
6200100010,8259
6200100009,8248
6200100008,8585
6200100007,8449
6200100014,8259
6200100013,8259
6200100012,8259
6200100011,8259
6200100018,9724
6200100017,8259
6200100016,8259
6200100015,8259
6200100022,9704
6200100021,9703
6200100020,9702
6200100019,9724
6200000012,57767
6200000011,57767
6200000008,9691
6200000007,9707
6200000020,8093
6200000017,8462
6200000014,57761
6200000013,57761
6200100002,8487
6200100001,8378
6200100000,8378
6200000050,8231
6200100006,8447
6200100005,8447
6200100004,8503
6200100003,8503
6290B099,10799
6290B098,10822
6290B097,10816
6290B096,10754
6290B103,10665
6290B102,10593
6290B101,10593
6290B100,10769
6290B107,10673
6290B106,10664
6290B105,10688
6290B104,10688
6290B111,10820
6290B110,10820
6290B109,10821
6290B108,10821
6290B083,10702
6290B082,10716
6290B081,10716
6290B080,10716
6290B087,11123
6290B086,10703
6290B085,10703
6290B084,10702
6290B091,11123
6290B090,11123
6290B089,11123
6290B088,11123
6290B095,10754
6290B094,10726
6290B093,11123
6290B092,11123
6290B131,10616
6290B130,10815
6290B129,10702
6290B128,10804
6290B136,10695
6290B134,10624
6290B133,10829
6290B132,10829
6290B140,10674
6290B139,10802
6290B138,10846
6290B137,10695
6290B144,10866
6290B143,10616
6290B142,10605
6290B141,10616
6290B115,10682
6290B114,10669
6290B113,10836
6290B112,10836
6290B119,10667
6290B118,10685
6290B117,10685
6290B116,10661
6290B123,10716
6290B122,10716
6290B121,10668
6290B120,10668
6290B127,10691
6290B126,10691
6290B125,10686
6290B124,10716
6290BB031,10522
6290BB030,10522
6290BB03,10588
6290BB02,10589
6290BB07,10592
6290BB06,10587
6290BB05,10590
6290BB04,10588
6290BB11,10586
6290BB10,10858
6290BB09,10858
6290BB08,10579
6290BB15,10585
6290BB14,10847
6290BB13,10835
6290BB12,10580
6290B158,10653
6290B147,10836
6290B146,10836
6290B145,10866
6290B164,10611
6290B163,10620
6290B162,10685
6290B161,10685
6290BA004,11255
6290BA002,11254
6290BA001,11254
6290B165,10653
6290BB01,10589
6290BA007,11255
6290BA006,11255
6290BA005,11255
6290BE01,11318
6290BCF02,10909
6290BCF01,10909
6290BB32,10585
6290BE05,11354
6290BE04,11318
6290BE03,11318
6290BE02,11318
6290BE09,11354
6290BE08,11354
6290BE07,11354
6290BE06,11352
6290BH01,10466
6290BE12,11330
6290BE11,11330
6290BE10,11354
6290BB19,10835
6290BB18,10576
6290BB17,10847
6290BB16,10585
6290BB23,10581
6290BB22,10594
6290BB21,10594
6290BB20,10835
6290BB27,10586
6290BB26,10595
6290BB25,10582
6290BB24,10582
6290BB31,11085
6290BB30,11085
6290BB29,10855
6290BB28,10834
6290A31,10385
6290A30,10384
6290A29,10342
6290A28,10364
6290A42,10348
6290A41,10428
6290A33,10385
6290A32,10364
6290A904,11696
6290A46,10381
6290A45,10374
6290A44,10385
6290AB04,10363
6290AB03,10363
6290AB02,10374
6290AB01,10374
6290A15,10361
6290A14,10361
6290A13,10411
6290A12,10340
6290A19,10372
6290A18,10370
6290A17,10383
6290A16,10376
6290A23,10380
6290A22,10344
6290A21,10344
6290A20,10372
6290A27,10385
6290A26,10385
6290A25,10364
6290A24,10381
6290AD11,11016
6290AD10,10513
6290AD09,10513
6290AD08,10513
6290B003,10702
6290B002,10703
6290B001,10703
6290ARS01,10369
6290B007,10785
6290B006,10714
6290B005,10716
6290B004,10716
6290B011,10718
6290B010,10718
6290B009,10786
6290B008,10786
6290AB08,10406
6290AB07,10406
6290AB06,10421
6290AB05,10421
6290AB12,10379
6290AB11,10379
6290AB10,10694
6290AB09,10694
6290AD03,10506
6290AD02,10506
6290AD01,10506
6290AD00,10493
6290AD07,10513
6290AD06,10506
6290AD05,10506
6290AD04,10506
6290B030,10603
6290B029,10607
6290B028,10611
6290B027,10611
6290B034,10777
6290B033,10764
6290B032,10764
6290B031,10839
6290B038,10789
6290B037,10778
6290B036,10842
6290B035,10778
6290B043,10755
6290B042,10762
6290B041,10761
6290B039,10761
6290B014,10707
6290B013,10708
6290B0129,10708
6290B012,10708
6290B018,10839
6290B017,10839
6290B016,10615
6290B015,10798
6290B022,10623
6290B021,10623
6290B020,10614
6290B019,10614
6290B026,10612
6290B025,10612
6290B024,10613
6290B023,10683
6290B067,10650
6290B066,10650
6290B065,10653
6290B064,10611
6290B071,10605
6290B070,10625
6290B069,10650
6290B068,10650
6290B075,10702
6290B074,10716
6290B073,10714
6290B072,10625
6290B079,10702
6290B078,10702
6290B077,10702
6290B076,10702
6290B047,10758
6290B046,10758
6290B045,10759
6290B044,10775
6290B051,10689
6290B050,10758
6290B049,10758
6290B048,10758
6290B055,10642
6290B054,10623
6290B053,10623
6290B052,10689
6290B063,10620
6290B062,10685
6290B061,10685
6290B058,10653
6280326982,7798
6280326980,7966
6280326970,7772
6280326940,7940
6280327065,7792
6280327060,7791
6280327050,7789
6280326983,7840
6280327170,7802
6280327120,7974
6280327075,7857
6280327070,7799
6280327186,7812
6280327185,7856
6280327180,7856
6280327175,7818
6280326760,7780
6280326750,7766
6280326740,7766
6280326730,7554
6280326800,7556
6280326790,7556
6280326780,7769
6280326770,7781
6280326880,7943
6280326870,7943
6280326820,7995
6280326810,7509
6280326930,7940
6280326920,7940
6280326900,7944
6280326890,7945
6280327285,7683
6280327270,7697
6280327260,7746
6280327250,7663
6280327314,10008
6280327310,10008
6280327300,7663
6280327289,7663
6280327319,7696
6280327318,7696
6280327316,7695
6280327315,7695
6280327350,7895
6280327340,7760
6280327330,7698
6280327320,7683
6280327200,7809
6280327195,7846
6280327190,7822
6280327187,7829
6280327211,7751
6280327210,7860
6280327205,7814
6280327204,7693
6280327230,7677
6280327225,7676
6280327220,7676
6280327212,7702
6280327247,7747
6280327245,7898
6280327236,7679
6280327235,7679
628070000676,7487
628070000675,7484
628033307,7531
628033305,7531
628070000680,7746
628070000679,7880
628070000678,7880
628070000677,7484
6280000143,7148
6280300116,7682
6280327242,7682
628070000681,7747
628070001007,7474
6280000146,7173
6280000145,7173
6280000144,7148
6280330291,7560
6280330290,7431
6280328015,7320
6280327360,10100
6280339420,7364
6280330300,7560
6280330293,7560
6280330292,7411
6280529000,7932
6280339440,7377
6280339435,7305
6280339430,7330
6280326655,7531
6280300975,7530
6280STDAV2,7782
6280STDAV1,7782
6290A040,10385
6290A04,10358
6290A039,10385
6290A038,10342
6290A045,10382
6290A044,10341
6290A043,10411
6290A041,10364
6290A07,10343
6290A06,10351
6290A05,10345
6290A046,10382
6290A11,10340
6290A10,10342
6290A09,10384
6290A08,10343
629028120,10421
628070001227,7216
628070001020,7940
628070001008,7474
62903MT02,11681
62903MT01,11681
629030577,11299
629029856,11435
6290A02,10347
6290A01,10348
62903MT04,11678
62903MT03,11678
6290A037,10384
6290A036,10423
6290A035,10404
6290A03,10352
6280325943,7397
6280325942,7264
6280325940,7402
6280325930,7401
6280325960,7628
6280325955,7593
6280325950,7600
6280325945,7396
6280326000,7397
6280325990,7401
6280325980,7402
6280325970,7639
6280326035,7639
6280326030,7638
6280326020,7636
6280326010,7634
6280325750,7342
6280325745,7303
6280325740,7303
6280325730,7300
6280325795,7292
6280325780,7310
6280325770,7309
6280325760,7307
6280325865,7264
6280325820,7228
6280325810,7241
6280325800,7243
6280325920,7433
6280325910,7401
6280325880,7264
6280325870,7264
6280326168,7407
6280326167,7420
6280326166,7410
6280326165,7411
6280326177,7633
6280326175,7421
6280326170,7430
6280326169,7624
6280326220,7606
6280326210,7582
6280326200,7579
6280326190,7595
6280326245,7590
6280326240,7587
6280326235,7868
6280326230,7574
6280326075,7357
6280326070,7356
6280326060,7588
6280326050,7655
6280326110,7314
6280326100,7313
6280326090,7350
6280326080,7353
6280326145,7332
6280326140,7333
6280326130,7336
6280326120,7338
6280326160,7408
6280326157,7376
6280326155,7371
6280326150,7335
6280326390,7441
6280326385,7441
6280326380,7561
6280326370,7443
6280326415,7561
6280326410,7443
6280326405,7465
6280326400,7466
6280326450,7533
6280326440,7496
6280326430,7489
6280326420,7561
6280326476,7511
6280326475,7523
6280326470,7540
6280326460,7520
6280326263,7909
6280326261,7907
6280326260,7907
6280326250,7590
6280326280,7458
6280326270,7439
6280326267,7438
6280326265,7901
6280326315,7469
6280326310,7453
6280326300,7451
6280326290,7450
6280326360,7477
6280326350,7466
6280326340,7454
6280326330,7457
6280326600,7555
6280326595,7528
6280326590,7555
6280326580,7515
6280326640,7509
6280326630,7517
6280326625,7781
6280326620,7767
6280326675,7554
6280326670,7554
6280326660,7553
6280326650,7556
6280326720,7553
6280326710,7553
6280326700,7509
6280326680,7553
6280326497,7484
6280326496,7487
6280326495,7484
6280326490,7406
6280326530,7776
6280326525,7753
6280326513,7871
6280326500,7602
6280326555,7806
6280326545,7779
6280326540,7763
6280326535,7782
6280326570,7514
6280326560,7711
6280326559,7689
6280326558,7700
6290LO06,10505
6290LO05,10489
6290LO04,10489
6290LO03,10489
6290LR04,10473
6290LR03,10514
6290LR02,10304
6290LR01,10304
6290LS01,11105
6290LS00,11193
6290LR06,10309
6290LR05,10309
6290LS05,11109
6290LS04,11186
6290LS03,11187
6290LS02,11105
6290LM09,11118
6290LM08,11395
6290LM07,11114
6290LM06,11401
6290LM13,11400
6290LM12,11118
6290LM11,11118
6290LM10,11118
6290LM17,11398
6290LM16,11113
6290LM15,11397
6290LM14,11374
6290LO02,10489
6290LO01,10505
6290LNP02,11114
6290LNP01,11119
6290LTC03,11478
6290LTC02,11478
6290LTC01H,11478
6290LTC01G,11478
6290LTC07,11121
6290LTC06,11121
6290LTC05,11217
6290LTC04,11217
6290LTC11,11433
6290LTC10,11479
6290LTC09,11395
6290LTC08,11395
6290LTER01,11155
6290LTC15,11225
6290LTC13,11433
6290LTC12,11433
6290LS09,11109
6290LS08,11110
6290LS07,11109
6290LS06,11108
6290LS13,11183
6290LS12,11102
6290LS11,11102
6290LS10,11109
6290LTC01C,11478
6290LTC01B,11478
6290LTC01A,11478
6290LS14,11201
6290LTC01F,11478
6290LTC01E,11478
6290LTC01D,11478
6290LTC01CP,11396
6290LW07,11305
6290LW06,11314
6290LW05,11332
6290LW04,11332
6290LW10,10969
6290LW09,11298
6290LW08A,11298
6290LW08,11298
6290LW13,10968
6290LW12,10955
6290LW11A,10962
6290LW11,10961
6290LW17,10964
6290LW16,10951
6290LW15,10960
6290LW14,10999
6290LTR01,11242
6290LTER04,11153
6290LTER03,11153
6290LTER02,11155
6290LV03,11206
6290LV02,11190
6290LV01,11190
6290LTR02,11242
6290LV07,11202
6290LV06,11219
6290LV05,11219
6290LV04,11206
6290LW03,11331
6290LW02,11331
6290LW01,11327
6290LV08,11188
6290LW38,11319
6290LW37,11343
6290LW36,11322
6290LW35,11343
6290LW42,10955
6290LW41,11317
6290LW40,11342
6290LW39,11322
6290LW46,11009
6290LW45,10942
6290LW44,10990
6290LW43,10944
6290LW50,10942
6290LW49,10942
6290LW48,10943
6290LW47,10943
6290LW21,10963
6290LW20,10948
6290LW19,10950
6290LW18,10949
6290LW26,10942
6290LW25,10942
6290LW24,10942
6290LW22,10939
6290LW30,11301
6290LW29,11358
6290LW28,10965
6290LW27,10942
6290LW34,11322
6290LW33,11319
6290LW32,11297
6290LW31,11297
6290LDN024,11209
6290LDN023,11209
6290LDN022,11209
6290LDN021,11209
6290LDN028,11293
6290LDN027,11293
6290LDN026,11209
6290LDN025,11209
6290LDN032,11209
6290LDN031,11209
6290LDN030,11293
6290LDN029,11293
6290LDN036,11124
6290LDN035,11209
6290LDN034,11209
6290LDN033,11209
6290LDN008,11209
6290LDN007,11132
6290LDN006,11146
6290LDN005,11212
6290LDN012,11207
6290LDN011,11207
6290LDN010,11209
6290LDN009,11209
6290LDN016,11209
6290LDN015,11209
6290LDN014,11209
6290LDN013,11209
6290LDN020,11209
6290LDN019,11209
6290LDN018,11209
6290LDN017,11209
6290LE17,11230
6290LE16,11214
6290LE15,11214
6290LE14,11214
6290LFL04,11430
6290LFL03,11429
6290LFL02,11413
6290LFL01,11405
6290LH02,11456
6290LH01,11483
6290LFL06,11408
6290LFL05,11414
6290LH06,11456
6290LH05,11456
6290LH04,11476
6290LH03,11476
6290LE01,11230
6290LDW01,11146
6290LDN038,11209
6290LDN037,11133
6290LE05,11230
6290LE04,11230
6290LE03,11230
6290LE02,11230
6290LE09,11191
6290LE08,11191
6290LE07,11230
6290LE06,11230
6290LE13,11214
6290LE12,11211
6290LE11,11147
6290LE10,11190
6290LHW07,11405
6290LHW06,11479
6290LHW05,11479
6290LHW04,11433
6290LHW11,11409
6290LHW10,11406
6290LHW09,11405
6290LHW08,11405
6290LHW15,11230
6290LHW14,11214
6290LHW13,11214
6290LHW12,11471
6290LHW20,11478
6290LHW18,11217
6290LHW17,11217
6290LHW16,11229
6290LH10,56024
6290LH09,56024
6290LH08,11444
6290LH07,11477
6290LHG04,11210
6290LHG03,11210
6290LHG02,11207
6290LHG01,11153
6290LHR02,11009
6290LHR01,11299
6290LHG06,11147
6290LHG05,11147
6290LHW03,11433
6290LHW02,11433
6290LHW01,11479
6290LHR03,10962
6290LL03,11458
6290LL02,11214
6290LL01,11214
6290LK16,11429
6290LL07,11465
6290LL06,11409
6290LL05,11471
6290LL04,11458
6290LM01,11399
6290LL10,11411
6290LL09,11411
6290LL08,11465
6290LM05,11401
6290LM04,11374
6290LM03,11399
6290LM02,11399
6290LK03,11231
6290LK02,11460
6290LK01,11460
6290LHW21,11478
6290LK07,11429
6290LK06,11231
6290LK05,11231
6290LK04,11231
6290LK11,11293
6290LK10,11293
6290LK09,11293
6290LK08,11429
6290LK15,11429
6290LK14,11429
6290LK13,11429
6290LK12,11293
6290F03,10261
6290F02,10229
6290F01,10229
6290EW06,10541
6290F07,10254
6290F06,10239
6290F05,10253
6290F04,10261
6290F11,10231
6290F10,10230
6290F09,10244
6290F08,10244
6290F15,10240
6290F14,10240
6290F13,10241
6290F12,10242
6290EC22,11762
6290EC21,11485
6290EC20,11485
6290EC19,11529
6290EN01,11641
6290EC25,11504
6290EC24,11504
6290EC23,11762
6290EW01,10535
6290EN04,11650
6290EN03,11643
6290EN02,11641
6290EW05,10541
6290EW04,10534
6290EW03,10534
6290EW02,10535
6290K02,11771
6290K01,11771
6290JAB03,11377
6290JAB02,11377
6290K06,11771
6290K05,11771
6290K04,11771
6290K03,11771
6290K10,11766
6290K09,11774
6290K08,11771
6290K07,11771
6290KF02,11346
6290KF01,11336
6290K12,11746
6290K11,11746
6290F19,10247
6290F18,10235
6290F17,10235
6290F16,10231
6290F23,10238
6290F22,10237
6290F21,10236
6290F20,10260
6290H01,10263
6290FP1,11020
6290F25,10241
6290F24,10238
6290JAB01,11377
6290HM02,11264
6290HM01,11263
6290H02,10263
6290LC10,11434
6290LC09,11434
6290LC08,56024
6290LC07,56024
6290LC14,11503
6290LC13,11503
6290LC12,11434
6290LC11,11434
6290LC18,11425
6290LC17,11425
6290LC16,11432
6290LC15,11432
6290LCE04,11435
6290LCE03,11440
6290LCE02,11440
6290LCE01,56024
6290LA04,11225
6290LA03,11225
6290LA02,11227
6290LA01,11226
6290LA08,11121
6290LA07,11121
6290LA06,11110
6290LA05,11110
6290LC02,56024
6290LC01,56024
6290LA10,11225
6290LA09,11225
6290LC06,56024
6290LC05,11408
6290LC04,11408
6290LC03,11463
6290LD14,11395
6290LD13,11395
6290LD12,11396
6290LD11,11400
6290LD18,11121
6290LD17,11121
6290LD16,11121
6290LD15,11114
6290LDN000,11209
6290LDE01,11146
6290LD20,11078
6290LD19,11113
6290LDN004,11212
6290LDN003,11205
6290LDN002,11163
6290LDN001,11164
6290LCR01,11102
6290LCE07,11435
6290LCE06,56024
6290LCE05,56024
6290LD02,11399
6290LD01,11399
6290LD00,11375
6290LCR02,11107
6290LD06,11420
6290LD05,11420
6290LD04,11399
6290LD03,11399
6290LD10,11397
6290LD09,11401
6290LD08,11419
6290LD07,11419
6290BR11,10217
6290BR10,10205
6290BR09,10205
6290BR08,10210
6290BR15,10220
6290BR14,10221
6290BR13,10219
6290BR12,10204
6290BR19,10215
6290BR18,10338
6290BR17,10329
6290BR16,10214
6290BT04,10484
6290BT02,10478
6290BT01,10478
6290BR20,10338
6290BH05,10467
6290BH04,10463
6290BH03,10467
6290BH02,10466
6290BPBP01,10712
6290BKP01,10772
6290BHC01,11597
6290BH06,10467
6290BR03,10427
6290BR02,10333
6290BR01,10333
6290BR00,10333
6290BR07,10210
6290BR06,10212
6290BR05,10213
6290BR04,10335
6290BX013,11606
6290BX012,11607
6290BX011,11593
6290BX010,11640
6290BX017,11558
6290BX016,11558
6290BX015,11602
6290BX014,11617
6290BX021,11545
6290BX020,11546
6290BX019,11546
6290BX018,11558
6290BX025,11545
6290BX024,11545
6290BX023,11545
6290BX022,11545
6290BT10,10485
6290BT08,10480
6290BT07,10487
6290BT06,10485
6290BX001,11611
6290BX00,11775
6290BVC02,11331
6290BVC01,11331
6290BX005,11587
6290BX004,11621
6290BX003,11589
6290BX002,11590
6290BX009,11594
6290BX008,11595
6290BX007,11608
6290BX006,11609
6290BX045,11595
6290BX044,11659
6290BX043,11659
6290BX042,11633
6290BX049,11558
6290BX048,11610
6290BX047,11610
6290BX046,11609
6290BX054,11545
6290BX053,11601
6290BX052,11601
6290BX050,11775
6290COUR02,10524
6290COUR01,10524
6290CAD02,11100
6290CAD01,11107
6290BX029,11546
6290BX028,11546
6290BX027,11546
6290BX026,11546
6290BX033,11558
6290BX032,11616
6290BX031,11557
6290BX030,11546
6290BX037,11628
6290BX036,11558
6290BX035,11558
6290BX034,11558
6290BX041,11633
6290BX040,11671
6290BX039,11671
6290BX038,11628
6290EC06,11500
6290EC05,11508
6290EC04,11510
6290EC03,11511
6290EC10,11500
6290EC09,11500
6290EC08,11500
6290EC07,11500
6290EC14,11485
6290EC13,11485
6290EC12,11485
6290EC11,11485
6290EC18,11509
6290EC17,11772
6290EC16,11532
6290EC15,11496
6290D002,11291
6290D001,11291
6290CREM02,11149
6290CREM01,11149
6290D006,11296
6290D005,11296
6290D004,11296
6290D003,11291
6290DP01,11279
6290DNS01,11293
6290D008,11261
6290D007,11261
6290EC02,11513
6290EC01,11514
6290DX02,11154
6290DX01,11154
630020652,44877
630020651,44877
630020642,44876
630020641,44876
630020681,44903
630020671,44887
630020662,44877
630020661,44877
630020701,44906
630020692,44853
630020691,44901
630020682,44900
630020705,44819
630020704,44820
630020703,44820
630020702,44906
630020551,44906
630020542,44876
630020541,44876
630020534,44896
630020571,44899
630020562,44901
630020561,44904
630020552,44909
630020601,44904
630020591,44901
630020582,44899
630020581,44887
630020631,44911
630020621,44910
630020611,44906
630020602,44909
630020801,44817
630020792,44817
630020791,44817
630020786,44816
630020821,44847
630020812,44847
630020811,44847
630020802,44817
630020841,44713
630020832,44893
630020831,44893
630020822,44847
630020861,44726
630020852,44714
630020851,44714
630020842,44716
630020741,44856
630020712,44910
630020711,44910
630020706,44819
630020761,44852
630020752,44857
630020751,44857
630020742,44856
630020781,44840
630020772,44849
630020771,44849
630020762,44851
630020785,44816
630020784,44818
630020783,44818
630020782,44840
630020961,44492
630020952,44492
630020951,44492
630020942,44491
630020981,44505
630020972,44497
630020971,44491
630020962,44492
630020985,44504
630020984,44505
630020983,44505
630020982,44505
630021002,44498
630021001,44498
630020992,44509
630020991,44509
630020882,44653
630020871,44633
630020863,44730
630020862,44727
630020903,44457
630020902,44447
630020901,44512
630020891,44424
630020911,44477
630020906,44819
630020905,44819
630020904,44457
630020931,44496
630020922,44490
630020921,44492
630020912,44478
630021121,44445
630021112,44443
630021111,44443
630021102,44442
630021141,44476
630021132,44456
630021131,44456
630021122,44445
630021161,44516
630021152,44475
630021151,44475
630021142,44476
630021181,44486
630021172,44487
630021171,44487
630021162,44517
630021031,44485
630021022,44486
630021021,44487
630021012,44500
630021051,44485
630021042,44485
630021041,44485
630021032,44485
630021071,44456
630021062,44456
630021061,44456
630021052,44476
630021101,44442
630021091,44495
630021082,44445
630021081,44445
6290WB27,11717
6290WB26,98278
6290WB25,98278
6290WB24,98278
6290WB31,11655
6290WB30,11655
6290WB29,11715
6290WB28,11707
630020012,44661
630020011,44661
6290W58,10275
6290W57,10275
630020024,44671
630020023,44693
630020022,44693
630020021,44693
6290EC26,11772
6290K14,11771
6290F32,10246
6290B177,10837
6290EC27,11532
6290B180,10866
6290B179,10866
6290B178,10616
6290WB19,98277
6290B149,10836
6290B148,10836
6290LM18,11400
6290WB23,98278
6290WB22,98277
6290WB21,98277
6290WB20,11700
630020161,44669
630020152,44678
630020151,44678
630020142,44681
630020181,44793
630020172,44668
630020171,44668
630020162,44669
630020202,44794
630020201,44794
630020191,44795
630020185,44791
630020206,44845
630020205,44845
630020204,44839
630020203,44839
630020042,44771
630020041,44771
630020032,44753
630020031,44753
630020081,44771
630020071,44771
630020061,44771
630020051,44727
630020111,44772
630020102,44771
630020101,44771
630020091,44771
630020141,44680
630020132,44682
630020131,44682
630020121,44744
630020271,44726
630020262,44846
630020261,44846
630020251,44691
630020292,44829
630020291,44829
630020282,44829
630020281,44829
630020312,44829
630020311,44829
630020302,44794
630020301,44794
630020341,44838
630020332,44793
630020331,44793
630020321,44837
630020212,44795
630020211,44795
630020208,44818
630020207,44818
630020216,44823
630020215,44823
630020214,44817
630020213,44818
630020224,44817
630020223,44817
630020221,44829
630020219,44821
630020242,44833
630020241,44833
630020232,44826
630020231,44825
630020461,44837
630020452,44838
630020442,44830
630020441,44835
630020481,44918
630020472,44858
630020471,44860
630020462,44837
630020511,44882
630020501,44882
630020492,44874
630020491,44918
630020533,44896
630020532,44896
630020531,44896
630020521,44883
630020361,44850
630020352,44835
630020351,44835
630020342,44838
630020382,44857
630020381,44857
630020372,44853
630020371,44917
630020412,44856
630020402,44868
630020401,44869
630020391,44731
630020432,44837
630020431,44837
630020422,44837
630020421,44837
6290W35,10280
6290W34,10529
6290W33,10321
6290W32,10269
6290W42,10298
6290W41,10530
6290W40,10313
6290W36,10270
6290W49,10528
6290W48,10528
6290W44,10280
6290W43,10298
6290WB01,11704
6290WB00,11717
6290W51,10269
6290W50,10269
6290W19,10299
6290W18,10277
6290W17,10277
6290W16,10278
6290W23,10403
6290W22,10403
6290W21,10387
6290W20,10387
6290W27,10313
6290W26,10402
6290W25,10402
6290W24,10415
6290W31,10269
6290W30,10270
6290W29,10270
6290W28,10318
6290WC04,11027
6290WC03,11027
6290WC02,11028
6290WC01,11036
6290WC08,11023
6290WC07,11023
6290WC06,11032
6290WC05,11032
6290WC13,11046
6290WC11,11021
6290WC10,11024
6290WC09,11022
6290WF04,10433
6290WF03,10433
6290WF02,10434
6290WF01,10432
6290WB05,11663
6290WB04,11713
6290WB03,11704
6290WB02,11714
6290WB09,11656
6290WB08,11657
6290WB07,11657
6290WB06,11663
6290WB13,11702
6290WB12,11702
6290WB11,11737
6290WB10,11656
6290WB17,11699
6290WB16,11705
6290WB15,11699
6290WB14,11701
6290LL11,11416
6290W52,10279
6290BX051,11590
6290J4M8,10569
629070000385,10261
6290LW67,11321
6290LW66,11338
6290LW65,11340
629070000539,10275
6290HOPE01,11718
6290F29,10261
6290F28,10261
629070000555,11589
629070000547,11583
629070000546,11546
629070000545,11569
6290WF08,10454
6290WF07,10440
6290WF06,10442
6290WF05,10442
6290WLK01,11749
6290WLC01,11225
6290WISH01,11304
6290WF09,10454
6290WLK53,11751
6290WLK04,11755
6290WLK03,11755
6290WLK02,11753
6290F26,10232
6290DOV02,11076
6290DOV01,11076
6290WLK54,11751
629070000758,11658
6290A047,10369
6290B175,10602
6290B169,10807
6290WF11,10435
6290WF10,10435
629070000762,10331
629070000761,10331
6290CW07,11531
6290WB18,11699
6290WF13,10430
6290WF12,10430
6290B176,10837
6290CW10,11770
6290CW09,11770
6290CW08,11531
6290CW01,11531
6290K13,11527
6290U021,11542
6290B167,10807
6290CW05,11501
6290CW04,11531
6290CW03,11531
6290CW02,11531
6290W56,10299
6290W54,10275
6290W53,10275
6290CW06,11501
6290F31,10310
6290F30,10310
6290AD13,10493
6290B168,10602
6290M05,11437
6290M04,11442
6290M03,11451
6290M02,11436
6290M09,11432
6290M08,11432
6290M07,11523
6290M06,11437
6290M13,11498
6290M12,11519
6290M11,11507
6290M10,11506
6290M17,11505
6290M16,11503
6290M15,11503
6290M14,11498
6290LW54,10988
6290LW53,11317
6290LW52,10975
6290LW51,10942
6290LW58,10970
6290LW57,11362
6290LW56,10976
6290LW55,10957
6290LW62,11362
6290LW61,10988
6290LW60,10941
6290LW59,10942
6290M01,11436
6290LWBC,11304
6290LW64,11329
6290LW63,11329
6290PO08,11059
6290PO07,11059
6290PO06,11060
6290PO05,11060
6290PO12,11057
6290PO11,11057
6290PO10,11075
6290PO09,11058
6290POL02,10274
6290POL01,10274
6290PO14,11077
6290PO13,11077
6290S04,10498
6290S03,10515
6290S02,10481
6290S01,10481
6290OB02,11377
6290OB01,11377
6290NEWT02,11723
6290NEWT01,11735
6290P04,11445
6290P03,11453
6290P02,11439
6290P01,11439
6290PH04,11691
6290PH03,11691
6290PH02,11353
6290PH01,11353
6290PO04,11076
6290PO03,11076
6290PO02,11062
6290PO01,11062
6290TOR02,10910
6290TOR01,10910
6290TH02,10401
6290TH01,10401
6290U002,11572
6290U001,11550
6290TOR04,10916
6290TOR03,10914
6290U006,11553
6290U005,11550
6290U004,11550
6290U003,11550
6290U010,11542
6290U009,11668
6290U008,11547
6290U007,11548
6290S08,10516
6290S07,10516
6290S06,10499
6290S05,10499
6290S12,10494
6290S11,10494
6290S10,10495
6290S09,10495
6290SE04,11089
6290SE03,11090
6290SE02,11093
6290SE01,11092
6290SKY02,11103
6290SKY01,11104
6290SE06,11087
6290SE05,11088
6290W046,10281
6290W045,10277
6290W04,10540
6290W03,10530
6290W07,10386
6290W06,10528
6290W05,10528
6290W047,10282
6290W11,10290
6290W10,10324
6290W09,10324
6290W08,10386
6290W15,10280
6290W14,10286
6290W13,10282
6290W12,10289
6290U016,11570
6290U015,11569
6290U012,11541
6290U011,11541
6290U020,11575
6290U019,11552
6290U018,11578
6290U017,11570
6290US04,11482
6290US03,11482
6290US02,11576
6290US01,11573
6290W02,10519
6290W01,10519
6290US06,11482
6290US05,11481
630030221,42783
630030212,42780
630030211,42780
630030202,42785
630030241,42790
630030232,42800
630030231,42797
630030222,42796
630030261,42868
630030252,42792
630030251,42793
630030242,42790
630030282,42880
630030281,42856
630030272,42857
